CREATE DATABASE  IF NOT EXISTS `globerry` /*!40100 DEFAULT CHARACTER SET utf8 */;
USE `globerry`;
-- MySQL dump 10.13  Distrib 5.5.16, for Win32 (x86)
--
-- Host: localhost    Database: globerry
-- ------------------------------------------------------
-- Server version	5.5.27

/*!40101 SET @OLD_CHARACTER_SET_CLIENT=@@CHARACTER_SET_CLIENT */;
/*!40101 SET @OLD_CHARACTER_SET_RESULTS=@@CHARACTER_SET_RESULTS */;
/*!40101 SET @OLD_COLLATION_CONNECTION=@@COLLATION_CONNECTION */;
/*!40101 SET NAMES utf8 */;
/*!40103 SET @OLD_TIME_ZONE=@@TIME_ZONE */;
/*!40103 SET TIME_ZONE='+00:00' */;
/*!40014 SET @OLD_UNIQUE_CHECKS=@@UNIQUE_CHECKS, UNIQUE_CHECKS=0 */;
/*!40014 SET @OLD_FOREIGN_KEY_CHECKS=@@FOREIGN_KEY_CHECKS, FOREIGN_KEY_CHECKS=0 */;
/*!40101 SET @OLD_SQL_MODE=@@SQL_MODE, SQL_MODE='NO_AUTO_VALUE_ON_ZERO' */;
/*!40111 SET @OLD_SQL_NOTES=@@SQL_NOTES, SQL_NOTES=0 */;

--
-- Table structure for table `City_Tag`
--

DROP TABLE IF EXISTS `City_Tag`;
/*!40101 SET @saved_cs_client     = @@character_set_client */;
/*!40101 SET character_set_client = utf8 */;
CREATE TABLE `City_Tag` (
  `City_id` int(11) NOT NULL,
  `tagList_id` int(11) NOT NULL,
  PRIMARY KEY (`City_id`,`tagList_id`),
  KEY `FKAF24C6C686B35DC` (`tagList_id`),
  KEY `FKAF24C6C6348D4B1A` (`City_id`),
  CONSTRAINT `FKAF24C6C6348D4B1A` FOREIGN KEY (`City_id`) REFERENCES `City` (`id`),
  CONSTRAINT `FKAF24C6C686B35DC` FOREIGN KEY (`tagList_id`) REFERENCES `Tag` (`id`)
) ENGINE=Memory DEFAULT CHARSET=utf8;
/*!40101 SET character_set_client = @saved_cs_client */;

--
-- Dumping data for table `City_Tag`
--

LOCK TABLES `City_Tag` WRITE;
/*!40000 ALTER TABLE `City_Tag` DISABLE KEYS */;
INSERT INTO `City_Tag` VALUES (6,1),(8,1),(23,1),(1,2),(2,2),(3,2),(4,2),(5,2),(6,2),(7,2),(8,2),(9,2),(10,2),(11,2),(12,2),(13,2),(14,2),(15,2),(16,2),(17,2),(18,2),(19,2),(20,2),(21,2),(22,2),(23,2),(24,2),(25,2),(26,2),(27,2),(28,2),(29,2),(30,2),(31,2),(32,2),(33,2),(64,2),(66,2),(67,2),(68,2),(69,2),(70,2),(71,2),(72,2),(73,2),(74,2),(75,2),(76,2),(77,2),(78,2),(125,2),(192,2),(193,2),(194,2),(195,2),(196,2),(197,2),(198,2),(226,2),(228,2),(1,3),(2,3),(3,3),(4,3),(5,3),(6,3),(7,3),(8,3),(9,3),(10,3),(11,3),(12,3),(13,3),(14,3),(15,3),(16,3),(17,3),(18,3),(19,3),(20,3),(21,3),(22,3),(23,3),(24,3),(25,3),(26,3),(27,3),(28,3),(29,3),(30,3),(31,3),(32,3),(33,3),(34,3),(38,3),(41,3),(43,3),(44,3),(45,3),(46,3),(47,3),(51,3),(52,3),(53,3),(54,3),(55,3),(56,3),(65,3),(66,3),(67,3),(68,3),(69,3),(70,3),(71,3),(72,3),(73,3),(74,3),(75,3),(76,3),(77,3),(78,3),(80,3),(83,3),(85,3),(86,3),(87,3),(88,3),(89,3),(90,3),(91,3),(92,3),(93,3),(94,3),(95,3),(106,3),(107,3),(108,3),(109,3),(110,3),(111,3),(112,3),(118,3),(119,3),(120,3),(121,3),(122,3),(123,3),(124,3),(125,3),(126,3),(127,3),(128,3),(129,3),(130,3),(131,3),(132,3),(133,3),(135,3),(136,3),(137,3),(138,3),(139,3),(140,3),(141,3),(142,3),(143,3),(144,3),(145,3),(146,3),(147,3),(148,3),(149,3),(150,3),(151,3),(152,3),(153,3),(154,3),(155,3),(156,3),(157,3),(158,3),(159,3),(160,3),(161,3),(162,3),(163,3),(164,3),(165,3),(166,3),(167,3),(168,3),(169,3),(170,3),(171,3),(172,3),(173,3),(174,3),(175,3),(176,3),(179,3),(180,3),(181,3),(182,3),(183,3),(184,3),(185,3),(186,3),(190,3),(191,3),(192,3),(193,3),(194,3),(195,3),(196,3),(197,3),(198,3),(199,3),(200,3),(201,3),(202,3),(203,3),(204,3),(217,3),(218,3),(219,3),(220,3),(221,3),(222,3),(223,3),(224,3),(225,3),(226,3),(227,3),(229,3),(230,3),(231,3),(233,3),(234,3),(236,3),(237,3),(238,3),(239,3),(240,3),(241,3),(242,3),(243,3),(244,3),(245,3),(246,3),(247,3),(248,3),(249,3),(250,3),(251,3),(252,3),(253,3),(254,3),(255,3),(256,3),(257,3),(258,3),(259,3),(260,3),(262,3),(263,3),(264,3),(265,3),(266,3),(267,3),(268,3),(269,3),(270,3),(271,3),(272,3),(273,3),(274,3),(275,3),(276,3),(277,3),(278,3),(279,3),(1,4),(2,4),(3,4),(4,4),(5,4),(6,4),(7,4),(8,4),(9,4),(10,4),(11,4),(12,4),(13,4),(14,4),(15,4),(16,4),(17,4),(18,4),(19,4),(20,4),(21,4),(22,4),(23,4),(24,4),(25,4),(26,4),(27,4),(28,4),(29,4),(30,4),(31,4),(32,4),(33,4),(34,4),(35,4),(36,4),(37,4),(38,4),(39,4),(40,4),(41,4),(42,4),(43,4),(44,4),(45,4),(46,4),(47,4),(48,4),(49,4),(50,4),(51,4),(52,4),(53,4),(54,4),(55,4),(56,4),(57,4),(58,4),(59,4),(60,4),(61,4),(62,4),(63,4),(64,4),(65,4),(66,4),(67,4),(68,4),(69,4),(70,4),(71,4),(72,4),(73,4),(74,4),(75,4),(76,4),(77,4),(78,4),(79,4),(80,4),(81,4),(82,4),(83,4),(84,4),(85,4),(86,4),(87,4),(88,4),(89,4),(90,4),(91,4),(92,4),(93,4),(94,4),(95,4),(96,4),(97,4),(98,4),(99,4),(100,4),(101,4),(102,4),(103,4),(104,4),(105,4),(106,4),(107,4),(108,4),(109,4),(110,4),(111,4),(112,4),(113,4),(114,4),(115,4),(116,4),(117,4),(118,4),(119,4),(120,4),(121,4),(122,4),(123,4),(124,4),(125,4),(126,4),(127,4),(128,4),(129,4),(130,4),(131,4),(132,4),(133,4),(134,4),(135,4),(136,4),(137,4),(138,4),(139,4),(140,4),(141,4),(142,4),(143,4),(144,4),(145,4),(146,4),(147,4),(148,4),(149,4),(150,4),(151,4),(152,4),(153,4),(154,4),(155,4),(156,4),(157,4),(158,4),(159,4),(160,4),(161,4),(162,4),(163,4),(164,4),(165,4),(166,4),(167,4),(168,4),(169,4),(170,4),(171,4),(172,4),(173,4),(174,4),(175,4),(176,4),(177,4),(178,4),(179,4),(180,4),(181,4),(182,4),(183,4),(184,4),(185,4),(186,4),(187,4),(188,4),(189,4),(190,4),(191,4),(192,4),(193,4),(194,4),(195,4),(196,4),(197,4),(198,4),(199,4),(200,4),(201,4),(202,4),(203,4),(204,4),(205,4),(206,4),(207,4),(208,4),(209,4),(210,4),(211,4),(212,4),(213,4),(214,4),(215,4),(216,4),(217,4),(218,4),(219,4),(220,4),(221,4),(222,4),(223,4),(224,4),(225,4),(226,4),(227,4),(228,4),(229,4),(230,4),(231,4),(232,4),(233,4),(234,4),(235,4),(236,4),(237,4),(238,4),(239,4),(240,4),(241,4),(242,4),(243,4),(244,4),(245,4),(246,4),(247,4),(248,4),(249,4),(250,4),(251,4),(252,4),(253,4),(254,4),(255,4),(256,4),(257,4),(258,4),(259,4),(260,4),(261,4),(262,4),(263,4),(264,4),(265,4),(266,4),(267,4),(268,4),(269,4),(270,4),(271,4),(272,4),(273,4),(274,4),(275,4),(276,4),(277,4),(278,4),(279,4),(4,5),(5,5),(7,5),(11,5),(14,5),(21,5),(35,5),(36,5),(39,5),(40,5),(42,5),(57,5),(59,5),(62,5),(66,5),(82,5),(84,5),(96,5),(97,5),(98,5),(99,5),(100,5),(101,5),(102,5),(103,5),(104,5),(119,5),(121,5),(122,5),(123,5),(125,5),(127,5),(129,5),(130,5),(131,5),(133,5),(137,5),(138,5),(139,5),(140,5),(142,5),(143,5),(146,5),(149,5),(150,5),(151,5),(152,5),(153,5),(154,5),(155,5),(156,5),(159,5),(160,5),(161,5),(164,5),(165,5),(179,5),(180,5),(181,5),(182,5),(183,5),(184,5),(185,5),(186,5),(190,5),(191,5),(193,5),(211,5),(212,5),(213,5),(214,5),(215,5),(217,5),(218,5),(219,5),(222,5),(223,5),(224,5),(225,5),(228,5),(232,5),(233,5),(234,5),(239,5),(240,5),(241,5),(242,5),(243,5),(244,5),(245,5),(246,5),(247,5),(248,5),(249,5),(250,5),(251,5),(252,5),(254,5),(255,5),(273,5),(274,5),(277,5),(278,5),(5,6),(7,6),(9,6),(16,6),(44,6),(45,6),(46,6),(47,6),(55,6),(58,6),(60,6),(89,6),(93,6),(118,6),(124,6),(178,6),(200,6),(218,6),(219,6),(220,6),(221,6),(222,6),(223,6),(226,6),(227,6),(229,6),(238,6),(258,6),(260,6),(263,6),(264,6),(265,6),(267,6),(269,6),(270,6),(4,7),(9,7),(11,7),(14,7),(16,7),(19,7),(22,7),(35,7),(36,7),(37,7),(39,7),(40,7),(42,7),(44,7),(45,7),(46,7),(47,7),(48,7),(49,7),(50,7),(51,7),(52,7),(53,7),(54,7),(55,7),(56,7),(57,7),(58,7),(59,7),(60,7),(61,7),(62,7),(63,7),(64,7),(66,7),(73,7),(79,7),(81,7),(82,7),(84,7),(85,7),(86,7),(87,7),(88,7),(89,7),(90,7),(91,7),(92,7),(93,7),(94,7),(95,7),(96,7),(97,7),(98,7),(99,7),(100,7),(101,7),(102,7),(103,7),(104,7),(105,7),(106,7),(107,7),(108,7),(109,7),(110,7),(111,7),(113,7),(114,7),(115,7),(116,7),(117,7),(118,7),(119,7),(120,7),(121,7),(122,7),(123,7),(124,7),(125,7),(126,7),(127,7),(128,7),(129,7),(130,7),(131,7),(132,7),(133,7),(134,7),(135,7),(136,7),(137,7),(138,7),(139,7),(140,7),(141,7),(142,7),(143,7),(144,7),(145,7),(146,7),(147,7),(148,7),(149,7),(150,7),(151,7),(152,7),(153,7),(154,7),(155,7),(156,7),(157,7),(158,7),(159,7),(160,7),(161,7),(162,7),(163,7),(164,7),(165,7),(166,7),(167,7),(168,7),(169,7),(170,7),(171,7),(172,7),(173,7),(174,7),(175,7),(176,7),(177,7),(178,7),(179,7),(180,7),(181,7),(182,7),(183,7),(184,7),(185,7),(186,7),(187,7),(188,7),(189,7),(190,7),(191,7),(192,7),(193,7),(194,7),(195,7),(196,7),(197,7),(198,7),(199,7),(200,7),(201,7),(202,7),(203,7),(204,7),(205,7),(206,7),(207,7),(208,7),(209,7),(210,7),(211,7),(212,7),(213,7),(214,7),(215,7),(216,7),(217,7),(218,7),(219,7),(220,7),(221,7),(222,7),(223,7),(224,7),(225,7),(228,7),(230,7),(231,7),(232,7),(233,7),(234,7),(235,7),(236,7),(237,7),(239,7),(240,7),(241,7),(242,7),(244,7),(245,7),(246,7),(247,7),(249,7),(250,7),(252,7),(253,7),(256,7),(257,7),(258,7),(261,7),(263,7),(264,7),(265,7),(266,7),(267,7),(269,7),(270,7),(271,7),(272,7),(273,7),(274,7),(275,7),(276,7),(277,7),(278,7),(279,7),(11,8),(19,8),(36,8),(37,8),(40,8),(44,8),(51,8),(52,8),(53,8),(54,8),(56,8),(57,8),(59,8),(61,8),(62,8),(63,8),(64,8),(73,8),(79,8),(81,8),(82,8),(85,8),(86,8),(87,8),(88,8),(90,8),(91,8),(92,8),(93,8),(94,8),(95,8),(96,8),(97,8),(98,8),(99,8),(100,8),(102,8),(103,8),(105,8),(106,8),(107,8),(108,8),(109,8),(110,8),(111,8),(113,8),(114,8),(115,8),(116,8),(117,8),(118,8),(119,8),(120,8),(121,8),(122,8),(123,8),(124,8),(125,8),(126,8),(127,8),(128,8),(129,8),(130,8),(131,8),(132,8),(133,8),(134,8),(135,8),(136,8),(137,8),(138,8),(139,8),(140,8),(141,8),(142,8),(143,8),(144,8),(145,8),(146,8),(147,8),(148,8),(149,8),(150,8),(151,8),(152,8),(153,8),(154,8),(155,8),(156,8),(157,8),(158,8),(159,8),(160,8),(161,8),(162,8),(163,8),(164,8),(165,8),(166,8),(167,8),(168,8),(169,8),(170,8),(171,8),(172,8),(173,8),(174,8),(175,8),(176,8),(177,8),(178,8),(179,8),(180,8),(181,8),(182,8),(183,8),(184,8),(185,8),(186,8),(187,8),(188,8),(189,8),(190,8),(191,8),(192,8),(193,8),(194,8),(195,8),(196,8),(197,8),(198,8),(199,8),(200,8),(201,8),(202,8),(203,8),(204,8),(205,8),(206,8),(207,8),(208,8),(209,8),(210,8),(211,8),(212,8),(213,8),(214,8),(215,8),(216,8),(217,8),(218,8),(219,8),(220,8),(221,8),(222,8),(223,8),(225,8),(228,8),(230,8),(231,8),(232,8),(234,8),(235,8),(237,8),(240,8),(257,8),(258,8),(260,8),(261,8),(265,8),(266,8),(270,8),(272,8),(273,8),(274,8),(275,8),(276,8),(277,8),(278,8),(279,8),(22,9),(57,9),(62,9),(94,9),(125,9),(217,9),(218,9),(219,9),(220,9),(221,9),(222,9),(223,9),(224,9),(225,9),(228,9),(230,9),(231,9),(232,9),(233,9),(234,9),(235,9),(236,9),(239,9),(241,9),(242,9),(243,9),(244,9),(245,9),(246,9),(247,9),(249,9),(250,9),(251,9),(252,9),(257,9),(261,9),(266,9),(267,9),(269,9),(270,9),(271,9),(272,9),(273,9),(274,9),(275,9),(276,9),(277,9),(278,9),(279,9);
/*!40000 ALTER TABLE `City_Tag` ENABLE KEYS */;
UNLOCK TABLES;

--
-- Table structure for table `City`
--

DROP TABLE IF EXISTS `City`;
/*!40101 SET @saved_cs_client     = @@character_set_client */;
/*!40101 SET character_set_client = utf8 */;
CREATE TABLE `City` (
  `id` int(11) NOT NULL AUTO_INCREMENT,
  `alco_value_left` int(11) DEFAULT NULL,
  `alco_value_right` int(11) DEFAULT NULL,
  `area` float DEFAULT NULL,
  `food_value_left` int(11) DEFAULT NULL,
  `food_value_right` int(11) DEFAULT NULL,
  `isRussian` bit(1) DEFAULT NULL,
  `isValid` bit(1) DEFAULT NULL,
  `latitude` float DEFAULT NULL,
  `longitude` float DEFAULT NULL,
  `message` varchar(255) DEFAULT NULL,
  `name` varchar(255) DEFAULT NULL,
  `population` int(11) DEFAULT NULL,
  `ru_name` varchar(255) DEFAULT NULL,
  `security` int(11) DEFAULT NULL,
  `sex` int(11) DEFAULT NULL,
  `visa` bit(1) DEFAULT NULL,
  `livingCost_id` bigint(20) DEFAULT NULL,
  `mood_id` bigint(20) DEFAULT NULL,
  `temperature_id` bigint(20) DEFAULT NULL,
  PRIMARY KEY (`id`),
  KEY `idx` (`security`,`sex`,`food_value_left`,`food_value_right`,`alco_value_left`,`alco_value_right`,`visa`),
  KEY `FK200D8B4F7D4F9A` (`mood_id`),
  KEY `FK200D8B3A1B7F5A` (`livingCost_id`),
  KEY `FK200D8BDEB7CFFA` (`temperature_id`),
  CONSTRAINT `FK200D8BDEB7CFFA` FOREIGN KEY (`temperature_id`) REFERENCES `DependingMonthProperty` (`id`),
  CONSTRAINT `FK200D8B3A1B7F5A` FOREIGN KEY (`livingCost_id`) REFERENCES `DependingMonthProperty` (`id`),
  CONSTRAINT `FK200D8B4F7D4F9A` FOREIGN KEY (`mood_id`) REFERENCES `DependingMonthProperty` (`id`)
) ENGINE=Memory AUTO_INCREMENT=280 DEFAULT CHARSET=utf8;
/*!40101 SET character_set_client = @saved_cs_client */;

--
-- Dumping data for table `City`
--

LOCK TABLES `City` WRITE;
/*!40000 ALTER TABLE `City` DISABLE KEYS */;
INSERT INTO `City` VALUES (1,11,30,42.91,17,30,'','',47.85,16.5167,NULL,'Eisenstadt',13165,'Айзенштадт ',3,3,'',1,2,559),(2,10,30,58.38,18,30,'\0','',47.3985,11.9439,NULL,'Alpbach',2600,'Альпбах ',3,2,'',3,4,560),(3,13,30,82.03,18,30,'\0','',47.61,13.7828,NULL,'Bad Aussee',4884,'Бад Аусзее',3,2,'',5,6,561),(4,13,30,31.84,18,30,'','',47.1694,16.0092,NULL,'Bad Waltersdorf',2185,'Бад Вальтерсдорф ',3,2,'',7,8,562),(5,13,30,170.6,18,30,'','',47.1,13.0167,NULL,'Bad Gastein',4362,'Бад Гаштайн',3,2,'',9,10,563),(6,13,30,162.8,18,30,'\0','',47.7203,13.6333,NULL,'Bad Ischl',13910,'Бад Ишль',3,2,'',11,12,564),(7,13,30,103.73,18,30,'','',47.1667,13.2,NULL,'Bad Hofgastein',6750,'Бад Хофгаштайн',3,3,'',13,14,565),(8,11,30,3400,17,30,'','\0',0,0,'Error in temperature.Temperature absence. City:Baden','Baden',15082,'Баден ',3,2,'',15,16,NULL),(9,13,30,29.51,18,30,'','',47.505,9.74917,NULL,'Bregenz',28012,'Брегенц',3,3,'',17,18,566),(10,13,30,0,18,30,'\0','\0',0,0,'Error in temperature.Temperature absence. City:Weissensee','Weissensee',0,'Вайсензее',3,2,'',19,20,NULL),(11,13,30,414.65,17,30,'','',48.2089,16.3725,NULL,'Vienna',1983836,'Вена ',3,3,'',21,22,567),(12,11,30,127.56,17,30,'','',47.0667,15.4333,NULL,'Graz',265318,'Грац ',3,3,'',23,24,568),(13,13,30,125.46,18,30,'','',47.3903,12.6369,NULL,'Saalbach-Hinterglemm',2874,'Зальбах-Хинтерглем',3,2,'',25,26,569),(14,10,30,65.678,17,30,'','',47.8,13.0333,NULL,'Salzburg',148521,'Зальцбург ',3,3,'',27,28,570),(15,13,30,466.9,18,30,'','',46.9667,11,NULL,'Solden',4252,'Зельден ',3,3,'',29,30,571),(16,15,30,104.91,19,30,'','',47.2667,11.3833,NULL,'Innsbruck',121329,'Инсбрук ',3,3,'',31,32,572),(17,14,30,100.41,18,30,'','',47.2725,12.7594,NULL,'Kaprun',2968,'Капрун ',3,3,'',33,34,573),(18,13,30,58.02,18,30,'','',47.4464,12.3919,NULL,'Kitzbühel',8134,'Китцбюэль ',3,3,'',35,36,574),(19,13,30,120.11,18,30,'','',46.6167,14.3,NULL,'Klagenfurt',94796,'Клагенфурт',3,3,'',37,38,575),(20,11,30,42.1,17,30,'\0','',48.055,14.1308,NULL,'Kremsmünster',6462,'Кремсмюнстер',3,2,'',39,40,576),(21,11,30,169.21,17,30,'\0','',47.2183,12.1733,NULL,'Krimml',842,'Криммль',3,2,'',41,42,577),(22,11,30,39.37,17,30,'','',47.5833,12.1667,NULL,'Kufstein',17550,'Куфштайн',3,3,'',43,44,578),(23,11,30,0,17,30,'\0','\0',0,0,'Error in temperature.Temperature absence. City:Lassnitzhöhe','Lassnitzhöhe',0,'Ласницхёе',3,2,'',45,46,NULL),(24,13,30,0,18,30,'','\0',0,0,'Error in temperature.Temperature absence. City:Lech','Lech',0,'Лех',3,2,'',47,48,NULL),(25,12,30,96.048,17,30,'','',48.3031,14.2906,NULL,'Linz',191107,'Линц',3,3,'',49,50,579),(26,13,30,178.78,18,30,'\0','',47.1667,11.8667,NULL,'Mayrhofen',3821,'Майрхофен',3,3,'',51,52,580),(27,11,30,25.71,17,30,'\0','',48.2269,15.3439,NULL,'Melk',5257,'Мельк',3,2,'',53,54,581),(28,10,30,0,17,30,'\0','\0',47.8167,13.3833,'Error in population. City:Mondsee','Mondsee',0,'Мондзее',3,2,'',55,56,582),(29,13,30,0,18,30,'\0','\0',46.8667,11.0167,'Error in area. City:Obergurgl','Obergurgl',11500,'Обергургль',3,2,'',57,58,583),(30,11,30,108.48,17,30,'','',48.2,15.6167,NULL,'St. Pölten',52048,'Санкт-Пельтен',3,3,'',59,60,584),(31,11,30,26.98,17,30,'\0','',47.6831,13.0969,NULL,'Hallein',20022,'Халляйн',3,2,'',61,62,585),(32,13,30,2.4,18,30,'\0','',47.2331,11.8819,NULL,'Zell am Ziller',1743,'Цель ам Циллер',3,2,'',63,64,586),(33,13,30,55.17,18,30,'','',47.3167,12.8,NULL,'Zell am See',9683,'Цель-ам-Зе ',3,3,'',65,66,587),(34,3,30,6.3,8,30,'','',40.7,19.95,NULL,'Berat',125830,'Берат',2,1,'\0',67,68,588),(35,2,30,0,8,30,'','\0',0,0,'Error in temperature.Temperature absence. City:Vlyora','Vlyora',0,'Влёра',2,1,'\0',69,70,NULL),(36,2,30,0,8,30,'','\0',41.3167,19.45,'Error in area. City:Durres','Durres',115550,'Дуррес',2,1,'\0',71,72,589),(37,2,30,0,8,30,'','\0',40.6167,20.7667,'Error in area. City:Korce','Korce',79697,'Корча',2,1,'\0',73,74,590),(38,2,30,0,7,30,'','\0',40.9333,19.7,'Error in area. City:Lushnja','Lushnja',54813,'Люшня',2,1,'\0',75,76,591),(39,2,30,0,7,30,'','\0',39.8667,20,'Error in area. City:Saranda','Saranda',30000,'Саран1',2,1,'\0',77,78,592),(40,2,30,41.8,8,30,'','',41.33,19.82,NULL,'Tirana',421286,'Тирана',2,1,'\0',79,80,593),(41,2,30,0,8,30,'','\0',0,0,'Error in temperature.Temperature absence. City:Fieri','Fieri',0,'Фиери',2,1,'\0',81,82,NULL),(42,2,30,3562,9,30,'','',42.0667,19.5,NULL,'Shkoder',95907,'Шкодер',2,1,'\0',83,84,594),(43,2,30,1290,7,30,'','',41.1,20.0667,NULL,'Elbasan',79810,'Эльбасан',2,1,'\0',85,86,595),(44,5,30,30,35,30,'','',42.5,1.5,NULL,'Andorra la Vella',22256,'Андорра-ла-Велья',3,1,'',87,88,596),(45,5,30,110,35,30,'','',42.5667,1.6,'Error in temperature.Temperature absence. City:Canillo','Canillo',4663,'Канильо',3,1,'',89,90,NULL),(46,5,30,90,30,30,'','',42.555,1.53306,'Error in temperature.Temperature absence. City:Ordino','Ordino',3309,'Ордино',3,1,'',91,92,NULL),(47,5,30,84,20,30,'','',42.5361,1.58278,'Error in temperature.Temperature absence. City:Encamp','Encamp',13225,'Энкамп',3,1,'',93,94,NULL),(48,7,30,121,15,30,'','',52.4453,30.9842,NULL,'Gomel',481197,'Гомель',2,1,'\0',95,96,597),(49,7,30,307.895,15,30,'','',53.9,27.5667,NULL,'Minsk',1836808,'Минск',2,1,'\0',97,98,598),(50,7,30,0,15,30,'','\0',53.9,30.3333,'Error in area. City:Mogilev','Mogilev',360918,'Могилёв',2,1,'\0',99,100,599),(51,2,30,204.51,9,30,'\0','',51.2167,4.4,NULL,'Antwerpen',493517,'Антверпен',3,1,'',101,102,600),(52,2,30,138.4,9,30,'\0','',51.2167,3.23333,NULL,'Brugge',116885,'Брюгге',3,1,'',103,104,601),(53,2,30,0,9,30,'\0','\0',0,0,'Error in temperature.Temperature absence. City:Brusseles','Brusseles',0,'Брюссель',3,1,'',105,106,NULL),(54,2,30,0,9,30,'\0','\0',0,0,'Error in temperature.Temperature absence. City:Gent','Gent',0,'Гент',3,1,'',107,108,NULL),(55,2,30,0,9,30,'\0','\0',0,0,'Error in temperature.Temperature absence. City:Durbay','Durbay',0,'Дурбай',3,1,'',109,110,NULL),(56,2,30,69.39,9,30,'\0','',50.6333,5.56667,NULL,'Liege',194715,'Льеж',3,1,'',111,112,602),(57,2,30,0,7,30,'','\0',43.3692,28.0811,'Error in population. City:Albena','Albena',0,'Албена',2,1,'',113,114,603),(58,2,30,0,7,30,'','\0',42.2644,23.6069,'Error in area. City:Borovets','Borovets',10000,'Боровец',2,1,'',115,116,604),(59,2,30,238,6,30,'','',43.2167,27.9167,NULL,'Varna',334870,'Варна',2,1,'',117,118,605),(60,2,30,0,7,30,'','\0',41.65,24.6833,'Error in temperature.Temperature absence. City:Pamporovo','Pamporovo',0,'Пампорово',2,1,'',119,120,NULL),(61,2,30,101.98,7,30,'','',42.15,24.75,NULL,'Plovdiv',338153,'Пловдив',2,1,'',121,122,606),(62,2,30,0,6,30,'','\0',0,0,'Error in temperature.Temperature absence. City:Sunny-Beach','Sunny-Beach',0,'Солнечный берег',2,1,'',123,124,NULL),(63,2,30,0,7,30,'','\0',0,0,'Error in temperature.Temperature absence. City:Sophia','Sophia',0,'София',2,1,'',125,126,NULL),(64,4,30,141.5,13,30,'','',43.8667,18.4167,NULL,'Sarajevo',411161,'Сараево',2,2,'\0',127,128,607),(65,6,30,0,25,30,'\0','\0',0,0,'Error in temperature.Temperature absence. City:Vatican','Vatican',0,'Ватикан',3,1,'',129,130,NULL),(66,5,30,0,17,30,'','\0',0,0,'Error in temperature.Temperature absence. City:Bath','Bath',0,'Бат',3,2,'',131,132,NULL),(67,4,30,115,16,30,'','',54.5969,-5.93,NULL,'Belfast',267500,'Белфаст',3,2,'',133,134,608),(68,6,30,110,18,30,'','',51.45,-2.58333,NULL,'Bristol',428200,'Бристоль',3,2,'',135,136,609),(69,6,30,175.5,18,30,'','',55.8581,-4.25889,NULL,'Glasgow ',598830,'Глазго',3,2,'',137,138,610),(70,5,30,271.94,17,30,'','',53.9583,-1.08028,NULL,'York',198000,'Йорк',3,2,'',139,140,611),(71,6,30,140.3,19,30,'','',51.4833,-3.18333,NULL,'Cardiff',346100,'Кардифф',3,2,'',141,142,612),(72,6,30,551.72,19,30,'\0','',53.7997,-1.54917,NULL,'Leeds',751500,'Лидс',3,2,'',143,144,613),(73,6,30,1570,20,30,'','',51.5072,-0.1275,NULL,'London',8174100,'Лондон',3,2,'',145,146,614),(74,6,30,115.65,16,30,'','',53.4667,-2.23333,NULL,'Manchester',503000,'Манчестер',3,2,'',147,148,615),(75,6,30,45.59,16,30,'','',51.7519,-1.25778,NULL,'Oxford',151900,'Оксофорд',3,2,'',149,150,616),(76,5,30,0,16,30,'\0','\0',0,0,'Error in temperature.Temperature absence. City:Saint-Pierre-Port','Saint-Pierre-Port',0,'Сент-Питер-Порт',3,2,'',151,152,NULL),(77,5,30,0,16,30,'\0','\0',0,0,'Error in temperature.Temperature absence. City:Saint_Helie','Saint Helie',0,'Сент-Хелиер',3,2,'',153,154,NULL),(78,6,30,259,16,30,'','',55.9531,-3.18889,NULL,'Edinburgh ',495360,'Эдинбург',3,2,'',155,156,617),(79,2,30,525.16,8,30,'','',47.4719,19.0503,NULL,'Budapest',1737000,'Бу1пешт',2,1,'',157,158,618),(80,2,30,0,7,30,'','\0',0,0,'Error in temperature.Temperature absence. City:Vesprem','Vesprem',0,'Веспрем',2,1,'',159,160,NULL),(81,2,30,461.25,8,30,'','',47.53,21.6392,NULL,'Debrecen',208016,'Дебрецен',2,1,'',161,162,619),(82,2,30,0,7,30,'','\0',0,0,'Error in temperature.Temperature absence. City:Miscolc','Miscolc',0,'Мишкольц',2,1,'',163,164,NULL),(83,2,30,0,7,30,'','\0',0,0,'Error in temperature.Temperature absence. City:Pecs','Pecs',0,'Печ',2,1,'',165,166,NULL),(84,2,30,92.2,7,30,'','',47.8989,20.3747,NULL,'Eger',56530,'Эгер',2,1,'',167,168,620),(85,2,30,891.85,9,30,'','',52.5006,13.3989,NULL,'Berlin',5964002,'Берлин',3,1,'',169,170,621),(86,3,30,326.73,8,30,'','',53.0758,8.8075,NULL,'Bremen',11627,'Бремен',3,1,'',171,172,622),(87,2,30,755,8,30,'','',53.5653,10.0014,NULL,'Hamburg',1802041,'Гамбург',3,1,'',173,174,623),(88,2,30,204.01,8,30,'','\0',52.3667,9.71667,'Error in population. City:Hannover','Hannover',0,'Ганновер',3,1,'',175,176,624),(89,3,30,205.66,8,30,'','',47.5,11.0833,NULL,'Garmisch-Partenkirchen',26178,'Гармиш-Партенкирхен',3,1,'',177,178,625),(90,3,30,328.8,9,30,'','',51.0333,13.7333,NULL,'Dresden',529781,'Дрезден',3,1,'',179,180,626),(91,3,30,217,8,30,'','',51.2333,6.78333,NULL,'Dusseldorf',588735,'Дюссельдорф',3,1,'',181,182,627),(92,2,30,405.15,8,30,'','',50.95,6.96667,NULL,'Koeln',1007119,'Кёльн',3,1,'',183,184,628),(93,2,30,310.43,9,30,'','',48.1333,11.5667,NULL,'Munchen',1378176,'Мюнхен',3,1,'',185,186,629),(94,2,30,248.31,8,30,'','',50.1117,8.68583,NULL,'Frankfurt on Main',679664,'Франкфурт-на-Майне',3,1,'',187,188,630),(95,2,30,207.36,8,30,'','',48.7786,9.17944,NULL,'Stuttgart',606588,'Штутгарт',3,1,'',189,190,631),(96,3,30,412,7,30,'','',37.9667,23.7167,NULL,'Athens',3074160,'Афины',1,1,'',191,192,632),(97,4,30,20,7,30,'','',35.3333,25.1333,NULL,'Heraklion',173450,'Ираклион',2,1,'',193,194,633),(98,4,30,613.6,7,30,'','',39.6667,19.75,NULL,'Corfu',109537,'Корфу',2,1,'',195,196,634),(99,4,30,287.2,7,30,'','',36.85,27.2333,'Error in temperature.Temperature absence. City:Kos','Kos',30947,'Кос',2,1,'',197,198,NULL),(100,4,30,105.2,8,30,'','',37.45,25.35,NULL,'Mykonos',9320,'Миконос',2,1,'',199,200,635),(101,3,30,0,7,30,'','\0',0,0,'Error in temperature.Temperature absence. City:Poliyiros','Poliyiros',0,'Полийирос',2,1,'',201,202,NULL),(102,3,30,1407.9,7,30,'','',36.1667,28,NULL,'Rhodes',117007,'Родос',2,1,'',203,204,636),(103,4,30,111.703,7,30,'','',40.65,22.9,NULL,'Thessaloniki',790824,'Салоники',2,1,'',205,206,637),(104,3,30,90.69,7,30,'','',36.4167,25.4333,'Error in temperature.Temperature absence. City:Santorini','Santorini',13670,'Санторини',2,1,'',207,208,NULL),(105,3,30,400,7,30,'','',32.9022,13.1858,NULL,'Tripoli',2220000,'Триполи',2,1,'',209,210,638),(106,3,30,88.25,10,30,'\0','',55.6761,12.5683,NULL,'Copenhagen',551900,'Копенгаген',3,1,'',211,212,639),(107,3,30,139,12,30,'\0','',57.05,9.91667,NULL,'Aalborg',126556,'Ольборг',3,1,'',213,214,640),(108,3,30,15,11,30,'\0','',55.396,10.3885,NULL,'Odense',168798,'Оденсе',3,1,'',215,216,641),(109,4,30,91,10,30,'\0','',56.15,10.2167,NULL,'Aarhus',252107,'Орхус',3,1,'',217,218,642),(110,3,30,0,11,30,'\0','\0',56.1667,9.56667,'Error in area. City:Silkeborg','Silkeborg',42807,'Силькеборг',3,1,'',219,220,643),(111,3,30,0,11,30,'\0','\0',55.9333,12.3167,'Error in area. City:Hillerod','Hillerod',30570,'Хиллерёд',3,1,'',221,222,644),(112,2,30,0,6,30,'\0','\0',53.2719,-9.04889,'Error in area. City:Galway','Galway',75529,'Гэлвей',2,1,'',223,224,645),(113,2,30,114.99,7,30,'\0','',53.3478,-6.25972,NULL,'Dublin',527612,'Дублин',2,1,'',225,226,646),(114,3,30,0,6,30,'\0','\0',51.88,-9.58389,'Error in temperature.Temperature absence. City:Kenmare','Kenmare',2175,'Кенмар',2,1,'',227,228,NULL),(115,3,30,3.74,6,30,'\0','',52.6478,-7.25611,NULL,'Kilkenny',24423,'Килкенни',2,1,'',229,230,647),(116,2,30,0,7,30,'\0','\0',0,0,'Error in temperature.Temperature absence. City:Cork','Cork',0,'Корк',2,1,'',231,232,NULL),(117,2,30,51.3,7,30,'\0','',52.6653,-8.62389,NULL,'Limerick',57106,'Лимерик',2,1,'',233,234,648),(118,3,30,125,7,30,'\0','',65.6833,-18.1,NULL,'Akureyri',17754,'Акурейри',3,1,'',235,236,649),(119,3,30,274.5,8,30,'\0','',64.1333,-21.9333,NULL,'Reykjavik',119108,'Рейкьявик',3,1,'',237,238,650),(120,3,30,0,8,30,'\0','\0',60.0181,5.28,'Error in population. City:Husavik','Husavik',0,'Хусавик',3,1,'',239,240,651),(121,3,30,101.9,8,30,'\0','',41.3833,2.18333,NULL,'Barcelona',1621537,'Барселона',3,1,'',241,242,652),(122,3,30,40.65,8,30,'\0','',43.2569,-2.92361,NULL,'Bilbao',353187,'Бильбао',3,1,'',243,244,653),(123,2,30,134.65,7,30,'\0','',39.4667,-0.383333,NULL,'Valencia',809267,'Валенсия',3,1,'',245,246,654),(124,3,30,88,8,30,'\0','',37.1781,-3.60083,NULL,'Granada',237929,'Грана1',3,1,'',247,248,655),(125,3,30,571.6,8,30,'\0','',38.9833,1.43333,NULL,'Ibiza',49516,'Ибица',3,2,'',249,250,656),(126,3,30,0,7,30,'\0','\0',0,0,'Error in temperature.Temperature absence. City:Cordova','Cordova',0,'Кордова',3,1,'',251,252,NULL),(127,3,30,48.71,7,30,'\0','',41.7,2.83333,NULL,'Lloret de Mar',37734,'Льорет-де-Мар',3,1,'',253,254,657),(128,2,30,605.77,7,30,'\0','',40.3833,-3.71667,NULL,'Madrid',3265038,'Мадрид',3,1,'',255,256,658),(129,3,30,208.63,8,30,'\0','',39.5667,2.65,NULL,'Palma de Mallorca',401270,'Пальма-де-Майорка',3,1,'',257,258,659),(130,3,30,0,9,30,'\0','\0',0,0,'Error in temperature.Temperature absence. City:San_Sebastian','San Sebastian',0,'Сан-Себастьян',3,1,'',259,260,NULL),(131,3,30,150.56,7,30,'\0','',28.4667,-16.25,NULL,'Santa Cruz de Tenerife',222417,'Санта-Крус-де-Тенерифе',3,1,'',261,262,660),(132,3,30,140,8,30,'\0','',37.3772,-5.98694,NULL,'Sevilla',703021,'Севилья',3,1,'',263,264,661),(133,2,30,39.14,8,30,'\0','',41.9844,2.82111,NULL,'Girona',96722,'Херона',3,1,'',265,266,662),(134,3,30,140.7,8,30,'\0','',44.5075,11.3514,NULL,'Bologna',382460,'Болонья',2,1,'',267,268,663),(135,3,30,414.57,8,30,'\0','',45.4375,12.3358,NULL,'Venice',270660,'Венеция',3,1,'',269,270,664),(136,3,30,206.63,8,30,'\0','',45.4333,10.9833,NULL,'Verona',265410,'Верона',3,1,'',271,272,665),(137,3,30,243.6,9,30,'\0','',44.4111,8.93278,NULL,'Genoa',608154,'Генуя',3,1,'',273,274,666),(138,2,30,46.3,9,30,'\0','',40.7314,13.8958,NULL,'Ischia',18253,'Искья',3,1,'',275,276,667),(139,2,30,85.45,8,30,'\0','',39.2464,9.0575,NULL,'Cagliari',156560,'Кальяри',3,1,'',277,278,668),(140,3,30,10.4,7,30,'\0','',40.55,14.2333,NULL,'capri',12200,'Капри',3,1,'',279,280,669),(141,2,30,181.76,7,30,'\0','',45.4642,9.19028,NULL,'Milan',1342337,'Милан ',3,1,'',281,282,670),(142,3,30,117.27,8,30,'\0','',40.845,14.2583,NULL,'Naples',959574,'Неаполь',3,1,'',283,284,671),(143,2,30,158.9,7,30,'\0','',38.1167,13.3667,NULL,'Palermo',654121,'Палермо',3,1,'',285,286,672),(144,2,30,185,8,30,'\0','',43.7167,10.4,NULL,'Pisa',88332,'Пиза',3,1,'',287,288,673),(145,2,30,1285.31,8,30,'\0','',41.9,12.5,NULL,'Rome',2777979,'Рим',3,1,'',289,290,674),(146,3,30,134,8,30,'\0','',44.05,12.5667,NULL,'Rimini',142579,'Римини',3,1,'',291,292,675),(147,3,30,0,8,30,'\0','\0',0,0,'Error in temperature.Temperature absence. City:sienna','sienna',0,'Сиена',3,1,'',293,294,NULL),(148,3,30,102.41,8,30,'\0','',43.7833,11.25,NULL,'Florence',370702,'Флоренция ',3,1,'',295,296,676),(149,2,30,0,7,30,'\0','\0',34.9833,34,'Error in temperature.Temperature absence. City:Ayia_Napa','Ayia Napa',2693,'Айа-Напа',3,1,'',297,298,NULL),(150,2,30,0,7,30,'\0','\0',35.3403,33.3192,'Error in area. City:Kyrenia','Kyrenia',62504,'Кирения',3,1,'',299,300,677),(151,2,30,0,7,30,'\0','\0',34.9167,33.6333,'Error in area. City:Larnaca','Larnaca',72000,'Ларнака',3,1,'',301,302,678),(152,2,30,0,7,30,'\0','\0',34.6667,33.0333,'Error in area. City:Limassol','Limassol',235056,'Лимассол',3,1,'',303,304,679),(153,2,30,0,7,30,'\0','\0',35.1667,33.3667,'Error in area. City:Nicosia','Nicosia',310355,'Никосия',3,1,'',305,306,680),(154,2,30,0,7,30,'\0','\0',0,0,'Error in temperature.Temperature absence. City:Pathos','Pathos',0,'Пафос',3,1,'',307,308,NULL),(155,2,30,0,7,30,'\0','\0',35.0333,33.9833,'Error in area. City:Protaras','Protaras',20230,'Протарас',3,1,'',309,310,681),(156,2,30,0,7,30,'\0','\0',35.1167,33.95,'Error in area. City:Famagusta','Famagusta',42526,'Фамагуста',3,1,'',311,312,682),(157,2,30,72.48,6,30,'','',55.875,26.5356,NULL,'Daugavpils',101057,'1угавпилс',3,1,'',313,314,683),(158,3,30,60,7,30,'','',56.6483,23.7139,NULL,'Jelgava',63534,'Елгава',3,1,'',315,316,684),(159,2,30,60.4,7,30,'','',56.5117,21.0139,NULL,'Liepaja',82386,'Лиепая',3,1,'',317,318,685),(160,2,30,304,6,30,'','',56.9489,24.1064,NULL,'Riga',650468,'Рига',3,1,'',319,320,686),(161,2,30,100,6,30,'','\0',56.9667,23.75,'Error in population. City:Jurmala','Jurmala',0,'Юрмала',3,1,'',321,322,687),(162,2,30,401,6,30,'','',54.6833,25.2833,NULL,'Vilnius',838852,'Вильнюс',3,1,'',323,324,688),(163,2,30,157,6,30,'','',54.9,23.9333,NULL,'Kaunas',321200,'Каунас',3,1,'',325,326,689),(164,2,30,110,6,30,'','',55.7,21.1333,NULL,'Klaipeda',161300,'Клайпе1',3,1,'',327,328,690),(165,2,30,79,6,30,'','',55.9167,21.0667,NULL,'Palanga',17600,'Паланга',3,1,'',329,330,691),(166,3,30,19.6,8,30,'\0','',47.0667,9.5,NULL,'Balzers',4513,'Бальцерс',3,1,'',331,332,692),(167,2,30,17.3,8,30,'\0','',47.1411,9.52111,NULL,'Vaduz',5342,'Вадуц',3,1,'',333,334,693),(168,3,30,7.5,9,30,'\0','',47.2167,9.53333,NULL,'Mauren',3836,'Маурен',3,1,'',335,336,694),(169,3,30,29.8,8,30,'\0','',47.1167,9.53333,NULL,'Triesenberg',2538,'Тризенберг',3,1,'',337,338,695),(170,2,30,0,8,30,'\0','\0',0,0,'Error in temperature.Temperature absence. City:Shang','Shang',0,'Шан',3,1,'',339,340,NULL),(171,2,30,0,8,30,'\0','\0',0,0,'Error in temperature.Temperature absence. City:Eshen','Eshen',0,'Эшен',3,1,'',341,342,NULL),(172,3,30,0,8,30,'\0','\0',0,0,'Error in temperature.Temperature absence. City:Betemburg','Betemburg',0,'Бетембург',3,1,'',343,344,NULL),(173,2,30,2586.4,9,30,'\0','',49.6,6.11667,NULL,'Luxembourg',509074,'Люксембург',3,1,'',345,346,696),(174,3,30,20.49,8,30,'\0','',49.8117,6.42167,NULL,'Echternach',4877,'Эхтернах',3,1,'',347,348,697),(175,3,30,13.66,9,30,'\0','',49.5,6.28333,NULL,'Mondorf-les-Bains',4447,'Мондорф-ле-Бен',3,1,'',349,350,698),(176,3,30,16.48,9,30,'\0','',49.6667,6.45,NULL,'Grevenmacher',4225,'Гревенмахер',3,1,'',351,352,699),(177,2,30,571.46,6,30,'\0','',42,21.4333,NULL,'Skopje',506926,'Скопье',2,1,'',353,354,700),(178,2,30,0,6,30,'\0','\0',0,0,'Error in temperature.Temperature absence. City:Mavrovo','Mavrovo',0,'Маврово',2,1,'',355,356,NULL),(179,2,30,0,7,30,'\0','\0',0,0,'Error in temperature.Temperature absence. City:Bagiba','Bagiba',0,'Багиба',3,1,'',357,358,NULL),(180,2,30,0,7,30,'\0','\0',0,0,'Error in temperature.Temperature absence. City:Brkirkara','Brkirkara',0,'Бркиркара',3,1,'',359,360,NULL),(181,2,30,0.8,7,30,'\0','',35.8978,14.5125,NULL,'Valletta',6966,'Валлетта',3,1,'',361,362,701),(182,3,30,0,7,30,'\0','\0',0,0,'Error in temperature.Temperature absence. City:Victoria','Victoria',0,'Виктория',3,1,'',363,364,NULL),(183,2,30,0,7,30,'\0','\0',-40.6667,172.833,'Error in temperature.Temperature absence. City:Golden_Bay','Golden Bay',0,'Голден Бэй',3,1,'',365,366,NULL),(184,3,30,22.6,7,30,'\0','',35.9564,14.3664,NULL,'Mellieha',7221,'Мелиха',3,1,'',367,368,702),(185,2,30,1.6,7,30,'\0','',35.9186,14.49,NULL,'Saint Julian\'s',7752,'Сент Джулианс',3,1,'',369,370,703),(186,2,30,1.3,7,30,'\0','',35.9122,14.5042,NULL,'Sliema',15242,'Слима',3,1,'',371,372,704),(187,2,30,0,6,30,'','\0',0,0,'Error in temperature.Temperature absence. City:Balti','Balti',0,'Бельцы',2,1,'',373,374,NULL),(188,2,30,571,6,30,'','',47,28.9167,NULL,'Kishinev',723500,'Кишинёв',2,1,'',375,376,705),(189,2,30,0,6,30,'','\0',46.85,29.6333,'Error in area. City:Tiraspol','Tiraspol',159163,'Тирасполь',1,1,'',377,378,706),(190,2,30,0,7,30,'\0','\0',43.7375,7.41528,'Error in population. City:Monaco-Ville','Monaco-Ville',0,'Монако-Виль',3,1,'',379,380,707),(191,2,30,0,7,30,'\0','\0',43.7397,7.42722,'Error in area. City:Monte-Carlo','Monte-Carlo',15200,'Монте-Карло',3,1,'',381,382,708),(192,2,30,219,8,30,'\0','',52.3731,4.89222,NULL,'Amsterdam',820654,'Амстер1м',3,3,'',383,384,709),(193,2,30,98.2,8,30,'\0','',52.0833,4.31667,NULL,'Hague',501725,'Гаага',3,3,'',385,386,710),(194,2,30,24.08,8,30,'\0','',52.015,4.35667,NULL,'Delft',96168,'Дельфт',3,3,'',387,388,711),(195,2,30,60.06,8,30,'\0','',50.8512,5.69074,NULL,'Maastricht',121164,'Маастрихт',3,3,'',389,390,712),(196,2,30,319,8,30,'\0','',51.9308,4.47917,NULL,'Rotterdam',617347,'Роттер1м',3,3,'',391,392,713),(197,2,30,99.32,8,30,'\0','',52.0933,5.11944,NULL,'Utrecht',316448,'Утрехт',3,3,'',393,394,714),(198,2,30,10.03,8,30,'\0','',40.809,-73.9484,NULL,'Harlem',215753,'Харлем',3,3,'',395,396,715),(199,2,30,465,8,30,'\0','',60.3894,5.33,NULL,'Bergen',266400,'Берген',3,1,'',397,398,716),(200,2,30,454.03,8,30,'\0','',59.9494,10.7564,NULL,'Oslo',613285,'Осло',3,1,'',399,400,717),(201,2,30,1956.46,8,30,'\0','',62.5742,11.3831,NULL,'Røros',5576,'Рёрус',3,1,'',401,402,718),(202,2,30,71,8,30,'\0','',58.9633,5.71889,NULL,'Stavanger',126469,'Ставангер',3,1,'',403,404,719),(203,2,30,2523.93,8,30,'\0','',69.6828,18.9428,NULL,'Tromso',68839,'Тромсё',3,1,'',405,406,720),(204,2,30,342.3,8,30,'\0','\0',63.4297,10.3933,'Error in population. City:Trondheim','Trondheim',0,'Тронхейм',3,1,'',407,408,721),(205,2,30,517.24,6,30,'','',52.2323,21.0084,NULL,'Warsaw',2666278,'Варшава',2,1,'',409,410,722),(206,2,30,262,6,30,'','',54.3667,18.6333,NULL,'Gdansk',1080700,'Г1ньск',2,1,'',411,412,723),(207,2,30,327,6,30,'','',50.0614,19.9383,NULL,'Krakow',759137,'Краков',2,1,'',413,414,724),(208,2,30,115.72,6,30,'','',53.0333,18.6167,NULL,'Torun',205934,'Торунь',2,1,'',415,416,725),(209,2,30,292.92,6,30,'','\0',51.1078,17.0383,'Error in population. City:Wroclaw','Wroclaw',0,'Вроцлав',2,1,'',417,418,726),(210,2,30,30.34,6,30,'','',50.7206,23.2586,NULL,'Zamosc',66613,'Замосць',2,1,'',419,420,727),(211,2,30,84.8,8,30,'\0','',38.7138,-9.13939,NULL,'Lisbon',547631,'Лиссабон',2,1,'',421,422,728),(212,2,30,0,8,30,'\0','\0',32.65,-16.9167,'Error in area. City:Funchal','Funchal',111892,'Фуншал',2,1,'',423,424,729),(213,2,30,0,8,30,'\0','\0',0,0,'Error in temperature.Temperature absence. City:Sintra','Sintra',0,'Синтра',2,1,'',425,426,NULL),(214,2,30,0,8,30,'\0','\0',0,0,'Error in temperature.Temperature absence. City:Faro','Faro',0,'Фару',2,1,'',427,428,NULL),(215,2,30,0,8,30,'\0','\0',0,0,'Error in temperature.Temperature absence. City:Port','Port',0,'Порту',2,1,'',429,430,NULL),(216,2,30,0,8,30,'\0','\0',38.5708,-7.90556,'Error in area. City:Evora','Evora',41159,'Эвора',2,1,'',431,432,730),(217,5,30,20.75,18,30,'\0','',60.1,19.9333,NULL,'Mariehamn',11286,'Мариехамн',3,1,'',433,434,731),(218,6,30,2139.19,25,30,'','\0',0,0,'Error in temperature.Temperature absence. City:Porvoo','Porvoo',48862,'Порвоо',3,1,'',435,436,NULL),(219,5,30,0,20,30,'','\0',0,0,'Error in temperature.Temperature absence. City:Rauma','Rauma',0,'Раума',3,1,'',437,438,NULL),(220,7,30,8016.72,25,30,'','',66.5,25.7333,NULL,'Rovaniemi',60707,'Рованиеми',3,1,'',439,440,732),(221,5,30,689.59,20,30,'','',61.5,23.7667,NULL,'Tampere',215315,'Тампере',3,1,'',441,442,733),(222,5,30,306.37,15,30,'','',60.45,22.2667,NULL,'Turku',178784,'Турку',3,1,'',443,444,734),(223,5,30,715.49,20,30,'','',60.1708,24.9375,NULL,'Helsinki',596233,'Хельсинки',3,1,'',445,446,735),(224,5,30,11.66,20,30,'','',43.4817,-1.55611,NULL,'Biarritz',27398,'Биарриц',3,1,'',447,448,736),(225,8,30,19.62,40,30,'','',43.5514,7.01278,NULL,'Cannes',72939,'Канны',3,1,'',449,450,737),(226,10,30,0,45,30,'','\0',45.3975,6.635,'Error in population. City:Courchevel','Courchevel',0,'Куршевель',3,2,'',451,452,738),(227,8,30,100,40,30,'\0','',45.5064,6.67722,NULL,'La Plagne',10660,'Ла Плань',3,1,'',453,454,739),(228,7,30,0,20,30,'','\0',43.365,6.84972,'Error in temperature.Temperature absence. City:French_Riviera','French Riviera',83962,'Лазурный берег',2,2,'',455,456,NULL),(229,7,30,0,25,30,'\0','\0',45.5717,6.80778,'Error in population. City:Les_Arcs','Les Arcs',0,'Лез-Арк',3,1,'',457,458,740),(230,5,30,39.51,15,30,'','',50.6372,3.06333,NULL,'Lille',226014,'Лилль',3,1,'',459,460,741),(231,5,30,47.95,15,30,'','',45.7597,4.84222,NULL,'Lyon',720890,'Лион',3,1,'',461,462,742),(232,6,30,240.62,17,30,'','',43.2964,5.37,NULL,'Marseille',1828983,'Марсель',2,1,'',463,464,743),(233,6,30,14.05,20,30,'','',43.775,7.5,NULL,'Menton',28833,'Ментона',3,1,'',465,466,744),(234,5,30,71.92,12,30,'','',43.7033,7.26639,NULL,'Nice',344875,'Ницца',3,1,'',467,468,745),(235,5,30,105.4,20,30,'','',48.8567,2.35083,NULL,'Paris',2234105,'Париж',2,1,'',469,470,746),(236,5,30,78.26,17,30,'','',48.5844,7.74861,NULL,'Strasbourg',272975,'Страсбург',3,1,'',471,472,747),(237,6,30,118.3,15,30,'','',43.6044,1.44389,NULL,'Toulouse',440204,'Тулуза',3,1,'',473,474,748),(238,5,30,245.46,16,30,'','',45.9231,6.86972,NULL,'Chamonix',15780,'Шамони',3,1,'',475,476,749),(239,5,30,21.35,15,30,'','',42.6403,18.1083,NULL,'Dubrovnik',42641,'Дубровник',3,1,'\0',477,478,750),(240,7,30,641,20,30,'','',45.8167,15.9833,NULL,'Zagreb',792875,'Загреб',3,1,'\0',479,480,751),(241,5,30,139,18,30,'','',45.2167,13.5833,NULL,'Poreč',17460,'Пореч',3,1,'\0',481,482,752),(242,6,30,51.65,17,30,'','',44.8667,13.85,NULL,'Pula',57191,'Пула',3,1,'\0',483,484,753),(243,5,30,0,15,30,'','\0',45.093,14.1217,'Error in temperature.Temperature absence. City:Rabac','Rabac',0,'Рабац',3,1,'\0',485,486,NULL),(244,6,30,88,18,30,'','',45.0833,13.6333,NULL,'Rovinj',13562,'Ровинь',3,1,'\0',487,488,754),(245,5,30,0,14,30,'','\0',0,0,'Error in temperature.Temperature absence. City:Split','Split',0,'Сплит',3,1,'\0',489,490,NULL),(246,5,30,0,16,30,'','\0',43.5169,16.2514,'Error in area. City:Trogir','Trogir',13260,'Трогир',3,1,'\0',491,492,755),(247,5,30,87,15,30,'','',45.4333,13.5167,NULL,'Umag',12901,'Умаг',3,1,'\0',493,494,756),(248,5,30,0,14,30,'','\0',42.2839,18.8692,'Error in area. City:Bečići','Bečići',771,'Бечичи',3,1,'\0',495,496,757),(249,5,30,122,15,30,'','',42.2881,18.8425,NULL,'Budva',10918,'Будва',3,1,'\0',497,498,758),(250,5,30,335,15,30,'','',42.43,18.77,NULL,'Kotor',5341,'Котор',3,1,'\0',499,500,759),(251,6,30,0,14,30,'','\0',0,0,'Error in temperature.Temperature absence. City:Milocer','Milocer',0,'Милочер',3,1,'\0',501,502,NULL),(252,6,30,0,16,30,'','\0',0,0,'Error in temperature.Temperature absence. City:Petrovac','Petrovac',0,'Петровац',3,1,'\0',503,504,NULL),(253,5,30,1441,14,30,'','',42.4667,19.2667,NULL,'Podgorica',150977,'Подгорица',3,1,'\0',505,506,760),(254,4,30,0,13,30,'','\0',42.255,18.8961,'Error in area. City:Sveti_Stefan','Sveti Stefan',12400,'Свети-Стефан',3,1,'\0',507,508,761),(255,4,30,255,14,30,'','',41.9167,19.2,NULL,'Ulcinj',10707,'Ульцинь',3,1,'\0',509,510,762),(256,5,30,910,16,30,'','',42.3833,18.9167,NULL,'Cetinje',15137,'Цетине',3,1,'\0',511,512,763),(257,5,30,230.19,15,30,'','',49.2,16.6167,NULL,'Brno',384277,'Брно',3,1,'',513,514,764),(258,6,30,0,18,30,'','\0',50.2333,12.8667,'Error in area. City:Karlovy_Vary','Karlovy Vary',53708,'Карловы Вары',3,1,'',515,516,765),(259,5,30,0,17,30,'','\0',49.95,15.2667,'Error in area. City:Kutná_Hora','Kutná Hora',21142,'Кутна-Гора',3,1,'',517,518,766),(260,5,30,0,15,30,'','\0',49.7475,13.3775,'Error in area. City:Plzeň','Plzeň',172932,'Пльзень',3,1,'',519,520,767),(261,4,30,496,14,30,'','',50.0833,14.4167,NULL,'Prague',1262106,'Прага ',2,1,'',521,522,768),(262,5,30,0,15,30,'','\0',49.1844,15.4697,'Error in population. City:Telč','Telč',0,'Тельч',3,1,'',523,524,769),(263,5,30,0,15,30,'','\0',48.8109,14.3152,'Error in area. City:Český_Krumlov','Český Krumlov',14056,'Чески-Крумлов',3,1,'',525,526,770),(264,6,30,23.91,20,30,'','',47.5667,7.6,NULL,'Basel',170635,'Базель',3,1,'',527,528,771),(265,6,30,51.62,18,30,'','',46.95,7.45,NULL,'Bern',133920,'Берн',3,1,'',529,530,772),(266,7,30,15.93,20,30,'','',46.2,6.15,NULL,'Geneva',191803,'Женева',3,1,'',531,532,773),(267,6,30,4.3,17,30,'','',46.6833,7.85,NULL,'Interlaken',13642,'Интерлакен',3,1,'',533,534,774),(268,5,30,41.38,18,30,'','',46.5198,6.6335,NULL,'Lausanne',127821,'Лозанна',3,1,'',535,536,775),(269,5,30,29.06,17,30,'','',47.05,8.3,NULL,'Lucerne',77491,'Люцерн',3,1,'',537,538,776),(270,6,30,87.88,20,30,'','',47.3667,8.55,NULL,'Zurich',376008,'Цюрих',3,1,'',539,540,777),(271,5,30,12.44,15,30,'','',57.6333,18.2833,NULL,'Visby',22593,'Висбю',3,1,'',541,542,778),(272,5,30,450,16,30,'','',57.7,11.9667,NULL,'Gothenburg',520374,'Гётеборг',3,1,'',543,544,779),(273,5,30,158.39,16,30,'','',55.5833,13.0333,NULL,'Malmö',303873,'Мальмё',3,1,'',545,546,780),(274,6,30,188,17,30,'','',59.3294,18.0686,NULL,'Stockholm',864324,'Стокгольм',3,1,'',547,548,781),(275,5,30,48.77,16,30,'','',59.85,17.6333,NULL,'Uppsala',152655,'Уппсала',3,1,'',549,550,782),(276,5,30,84.54,14,30,'','',59.3758,28.1961,NULL,'Narva',65886,'Нарва',3,1,'',551,552,783),(277,5,30,32.22,15,30,'','',58.3833,24.5,NULL,'Pärnu',44568,'Пярну',3,1,'',553,554,784),(278,6,30,159.2,16,30,'','',59.4372,24.7453,NULL,'Tallinn',416993,'Таллинн',3,1,'',555,556,785),(279,5,30,38.86,15,30,'','',58.3833,26.7167,NULL,'Tartu',103284,'Тарту',3,1,'',557,558,786);
/*!40000 ALTER TABLE `City` ENABLE KEYS */;
UNLOCK TABLES;

--
-- Table structure for table `Tag`
--

DROP TABLE IF EXISTS `Tag`;
/*!40101 SET @saved_cs_client     = @@character_set_client */;
/*!40101 SET character_set_client = utf8 */;
CREATE TABLE `Tag` (
  `id` int(11) NOT NULL AUTO_INCREMENT,
  `img` varchar(255) DEFAULT NULL,
  `name` varchar(255) DEFAULT NULL,
  `tagsType` int(11) DEFAULT NULL,
  PRIMARY KEY (`id`),
  UNIQUE KEY `name` (`name`)
) ENGINE=Memory AUTO_INCREMENT=10 DEFAULT CHARSET=utf8;
/*!40101 SET character_set_client = @saved_cs_client */;

--
-- Dumping data for table `Tag`
--

LOCK TABLES `Tag` WRITE;
/*!40000 ALTER TABLE `Tag` DISABLE KEYS */;
INSERT INTO `Tag` VALUES (1,'','alone',0),(2,'','with friends',0),(3,'','with family',0),(4,'','double',0),(5,'','sunbathe',1),(6,'','ski',1),(7,'','looking',1),(8,'','shopping',1),(9,'','cruise',1);
/*!40000 ALTER TABLE `Tag` ENABLE KEYS */;
UNLOCK TABLES;

--
-- Table structure for table `DependingMonthProperty`
--

DROP TABLE IF EXISTS `DependingMonthProperty`;
/*!40101 SET @saved_cs_client     = @@character_set_client */;
/*!40101 SET character_set_client = utf8 */;
CREATE TABLE `DependingMonthProperty` (
  `PROPERTY_TYPE` varchar(31) NOT NULL,
  `id` bigint(20) NOT NULL AUTO_INCREMENT,
  `APRIL_value_left` int(11) DEFAULT NULL,
  `APRIL_value_right` int(11) DEFAULT NULL,
  `AUGUST_value_left` int(11) DEFAULT NULL,
  `AUGUST_value_right` int(11) DEFAULT NULL,
  `DECEMBER_value_left` int(11) DEFAULT NULL,
  `DECEMBER_value_right` int(11) DEFAULT NULL,
  `FEBRUARY_value_left` int(11) DEFAULT NULL,
  `FEBRUARY_value_right` int(11) DEFAULT NULL,
  `JANUARY_value_left` int(11) DEFAULT NULL,
  `JANUARY_value_right` int(11) DEFAULT NULL,
  `JULY_value_left` int(11) DEFAULT NULL,
  `JULY_value_right` int(11) DEFAULT NULL,
  `JUNE_value_left` int(11) DEFAULT NULL,
  `JUNE_value_right` int(11) DEFAULT NULL,
  `MARCH_value_left` int(11) DEFAULT NULL,
  `MARCH_value_right` int(11) DEFAULT NULL,
  `MAY_value_left` int(11) DEFAULT NULL,
  `MAY_value_right` int(11) DEFAULT NULL,
  `NOVEMBER_value_left` int(11) DEFAULT NULL,
  `NOVEMBER_value_right` int(11) DEFAULT NULL,
  `OCTOBER_value_left` int(11) DEFAULT NULL,
  `OCTOBER_value_right` int(11) DEFAULT NULL,
  `SEPTEMBER_value_left` int(11) DEFAULT NULL,
  `SEPTEMBER_value_right` int(11) DEFAULT NULL,
  PRIMARY KEY (`id`)
) ENGINE=Memory AUTO_INCREMENT=787 DEFAULT CHARSET=utf8;
/*!40101 SET character_set_client = @saved_cs_client */;

--
-- Dumping data for table `DependingMonthProperty`
--

LOCK TABLES `DependingMonthProperty` WRITE;
/*!40000 ALTER TABLE `DependingMonthProperty` DISABLE KEYS */;
INSERT INTO `DependingMonthProperty` VALUES ('LivingCost',1,50,160,63,120,50,160,50,160,50,160,63,220,52,160,63,160,63,170,50,160,52,160,63,120),('Mood',2,3,3,3,3,3,3,3,3,3,3,3,3,3,3,3,3,3,3,3,3,3,3,3,3),('LivingCost',3,63,150,70,190,50,235,80,120,70,100,40,130,40,180,60,150,43,180,50,200,40,200,50,200),('Mood',4,3,3,3,3,3,3,3,3,3,3,3,3,2,2,3,3,1,1,1,1,2,2,2,2),('LivingCost',5,46,95,46,95,50,95,48,95,50,99,46,95,46,95,46,95,46,95,48,95,46,95,46,95),('Mood',6,3,3,2,2,3,3,3,3,3,3,2,2,2,2,3,3,3,3,2,2,2,2,2,2),('LivingCost',7,40,165,40,165,40,165,40,165,40,165,40,165,40,165,40,165,40,165,40,165,40,165,40,165),('Mood',8,2,2,3,3,2,2,2,2,2,2,3,3,3,3,2,2,2,2,2,2,2,2,3,3),('LivingCost',9,40,130,40,160,50,120,90,210,90,210,40,160,40,130,60,120,50,120,50,120,50,120,40,120),('Mood',10,3,3,3,3,3,3,3,3,3,3,3,3,3,3,3,3,3,3,3,3,3,3,3,3),('LivingCost',11,46,150,46,150,45,150,46,150,45,150,59,183,46,163,46,150,66,142,45,150,46,150,46,150),('Mood',12,2,2,3,3,2,2,2,2,2,2,3,3,3,3,2,2,3,3,2,2,3,3,3,3),('LivingCost',13,46,213,46,213,48,250,46,213,46,213,46,213,46,213,46,213,46,213,46,213,46,213,46,213),('Mood',14,3,3,3,3,3,3,3,3,3,3,3,3,3,3,3,3,3,3,3,3,3,3,3,3),('LivingCost',15,76,164,59,153,59,158,66,249,66,249,59,153,59,164,66,249,63,156,59,158,59,158,59,158),('Mood',16,3,3,3,3,3,3,3,3,3,3,3,3,3,3,3,3,3,3,3,3,3,3,3,3),('LivingCost',17,55,200,55,200,55,200,55,200,55,200,55,200,55,200,55,200,55,200,55,200,55,200,55,200),('Mood',18,3,3,3,3,3,3,3,3,3,3,3,3,3,3,3,3,3,3,3,3,3,3,3,3),('LivingCost',19,63,111,58,110,63,113,43,111,63,86,65,110,55,110,63,111,42,110,64,111,63,111,62,111),('Mood',20,2,2,3,3,2,2,2,2,2,2,3,3,3,3,2,2,3,3,2,2,2,2,3,3),('LivingCost',21,55,500,55,561,46,561,46,519,46,519,55,300,55,300,50,519,55,300,50,481,50,561,50,561),('Mood',22,2,2,3,3,3,3,2,2,2,2,3,3,3,3,2,2,3,3,2,2,3,3,3,3),('LivingCost',23,62,197,45,151,50,155,40,200,40,200,45,177,50,151,62,200,45,134,50,164,50,164,45,160),('Mood',24,3,3,3,3,3,3,3,3,3,3,3,3,3,3,3,3,3,3,3,3,3,3,3,3),('LivingCost',25,164,350,52,350,123,360,170,400,196,400,52,350,48,323,164,400,127,308,105,171,79,300,48,217),('Mood',26,2,2,1,1,3,3,3,3,3,3,1,1,1,1,3,3,2,2,3,3,2,2,1,1),('LivingCost',27,64,300,30,250,25,250,25,275,25,275,30,250,50,278,30,275,30,300,30,250,30,250,30,250),('Mood',28,3,3,3,3,3,3,3,3,3,3,3,3,3,3,3,3,3,3,3,3,3,3,3,3),('LivingCost',29,40,177,40,215,66,263,80,232,80,186,40,215,40,220,60,250,40,158,43,270,43,255,40,240),('Mood',30,2,2,2,2,3,3,3,3,3,3,2,2,1,1,3,3,1,1,1,1,1,1,2,2),('LivingCost',31,47,178,47,178,55,234,55,173,55,173,47,178,47,178,55,173,47,178,55,234,47,178,47,178),('Mood',32,3,3,3,3,3,3,3,3,3,3,3,3,3,3,3,3,3,3,3,3,2,2,3,3),('LivingCost',33,62,200,32,200,71,200,74,134,74,134,32,200,32,200,76,200,46,200,71,200,71,200,74,200),('Mood',34,2,2,2,2,3,3,3,3,3,3,2,2,2,2,3,3,1,1,1,1,1,1,1,1),('LivingCost',35,91,250,55,200,91,250,91,250,91,250,55,200,45,200,91,250,70,250,65,200,45,200,45,200),('Mood',36,2,2,2,2,3,3,3,3,3,3,2,2,2,2,3,3,1,1,1,1,1,1,1,1),('LivingCost',37,62,155,62,147,62,161,62,143,62,143,59,161,62,151,62,150,62,161,62,136,62,161,59,161),('Mood',38,3,3,3,3,3,3,3,3,3,3,3,3,3,3,3,3,3,3,3,3,3,3,3,3),('LivingCost',39,87,119,51,145,51,126,81,119,81,119,50,130,50,126,83,123,50,119,49,150,49,150,49,130),('Mood',40,2,2,3,3,2,2,2,2,2,2,3,3,3,3,2,2,2,2,2,2,2,2,3,3),('LivingCost',41,65,90,50,100,79,85,65,90,65,90,50,100,49,93,65,90,46,93,79,93,44,93,50,100),('Mood',42,2,2,3,3,2,2,2,2,2,2,3,3,3,3,2,2,2,2,2,2,2,2,3,3),('LivingCost',43,49,118,43,152,43,112,49,118,49,118,43,131,42,112,49,118,43,112,43,112,43,112,43,112),('Mood',44,2,2,3,3,2,2,2,2,2,2,3,3,3,3,2,2,3,3,2,2,3,3,3,3),('LivingCost',45,58,181,46,140,51,156,58,108,58,107,52,152,46,152,63,107,50,205,51,180,51,156,47,163),('Mood',46,2,2,2,2,2,2,2,2,2,2,2,2,2,2,2,2,2,2,2,2,2,2,2,2),('LivingCost',47,41,200,41,160,100,540,100,540,100,540,41,160,41,160,100,540,41,200,41,160,41,160,41,160),('Mood',48,2,2,2,2,3,3,3,3,3,3,2,2,2,2,3,3,2,2,2,2,2,2,2,2),('LivingCost',49,55,192,36,122,36,192,36,192,36,192,36,156,36,165,56,192,45,168,36,160,36,192,36,192),('Mood',50,3,3,3,3,3,3,3,3,3,3,3,3,3,3,3,3,3,3,3,3,2,2,3,3),('LivingCost',51,46,218,34,200,149,317,117,310,117,300,34,200,34,200,117,310,60,145,34,200,34,200,34,200),('Mood',52,2,2,2,2,3,3,3,3,3,3,2,2,2,2,3,3,2,2,2,2,2,2,2,2),('LivingCost',53,41,90,43,104,40,102,41,90,41,90,43,103,43,103,41,90,50,104,43,102,43,103,50,118),('Mood',54,3,3,3,3,3,3,3,3,3,3,3,3,3,3,3,3,3,3,3,3,3,3,3,3),('LivingCost',55,55,250,50,150,50,170,55,200,55,170,50,150,50,160,55,200,65,200,50,170,46,150,50,160),('Mood',56,2,2,3,3,2,2,2,2,2,2,3,3,3,3,2,2,2,2,2,2,3,3,3,3),('LivingCost',57,40,150,38,150,40,150,40,150,40,150,38,150,50,90,40,150,50,90,38,150,38,150,38,150),('Mood',58,3,3,2,2,3,3,3,3,3,3,2,2,2,2,3,3,2,2,3,3,2,2,2,2),('LivingCost',59,61,150,42,130,42,169,61,150,83,160,63,150,63,150,61,150,52,150,42,130,63,169,42,150),('Mood',60,3,3,3,3,3,3,3,3,3,3,3,3,3,3,3,3,3,3,3,3,3,3,3,3),('LivingCost',61,55,150,46,171,46,131,55,160,50,160,46,135,46,131,55,160,46,122,46,131,46,131,46,131),('Mood',62,2,2,3,3,2,2,2,2,2,2,3,3,3,3,2,2,2,2,2,2,2,2,3,3),('LivingCost',63,50,200,45,200,60,200,55,200,61,200,45,200,46,200,55,200,42,200,60,200,50,200,42,200),('Mood',64,3,3,2,2,3,3,3,3,3,3,2,2,2,2,3,3,3,3,2,2,2,2,2,2),('LivingCost',65,70,190,65,200,64,200,81,200,83,200,66,200,44,200,82,200,60,200,62,200,60,200,73,200),('Mood',66,3,3,3,3,3,3,3,3,3,3,3,3,3,3,3,3,3,3,3,3,3,3,3,3),('LivingCost',67,35,56,36,56,36,56,32,46,32,46,36,56,35,56,32,46,35,56,36,56,36,56,36,56),('Mood',68,1,1,2,2,1,1,1,1,1,1,2,2,2,2,1,1,2,2,1,1,2,2,2,2),('LivingCost',69,40,55,40,60,40,60,40,55,40,55,40,60,42,60,40,55,42,56,40,60,40,60,40,60),('Mood',70,1,1,2,2,1,1,1,1,1,1,2,2,2,2,1,1,2,2,1,1,2,2,2,2),('LivingCost',71,34,58,35,60,34,58,34,58,34,58,35,60,35,60,34,58,35,60,34,58,34,58,35,60),('Mood',72,2,2,2,2,2,2,2,2,2,2,2,2,2,2,2,2,2,2,2,2,2,2,2,2),('LivingCost',73,33,53,34,54,33,53,33,53,33,53,34,54,33,54,33,53,33,53,33,53,33,54,34,54),('Mood',74,1,1,2,2,1,1,1,1,1,1,2,2,2,2,1,1,1,1,1,1,1,1,2,2),('LivingCost',75,33,53,34,54,33,53,33,53,33,53,34,54,33,53,33,53,33,53,33,53,34,54,34,54),('Mood',76,1,1,2,2,1,1,1,1,1,1,2,2,2,2,1,1,1,1,1,1,1,1,2,2),('LivingCost',77,40,68,40,70,40,68,40,68,40,68,40,70,40,70,40,68,40,68,40,68,40,68,40,70),('Mood',78,1,1,2,2,1,1,1,1,1,1,2,2,2,2,1,1,2,2,1,1,2,2,2,2),('LivingCost',79,33,80,33,90,33,80,33,80,33,80,33,90,33,90,33,80,33,90,33,80,33,80,33,90),('Mood',80,2,2,3,3,2,2,2,2,2,2,3,3,3,3,2,2,3,3,2,2,2,2,3,3),('LivingCost',81,33,70,33,80,33,70,33,70,33,70,33,80,33,80,33,70,33,80,33,70,33,70,33,80),('Mood',82,1,1,2,2,1,1,1,1,1,1,2,2,2,2,1,1,1,1,1,1,2,2,2,2),('LivingCost',83,40,70,40,80,40,70,40,70,40,70,40,80,40,80,40,70,40,70,40,70,40,70,40,80),('Mood',84,1,1,2,2,1,1,1,1,1,1,2,2,2,2,1,1,1,1,1,1,1,1,1,1),('LivingCost',85,33,70,33,80,33,70,33,70,33,70,33,80,33,70,33,70,33,70,33,70,33,70,33,80),('Mood',86,1,1,2,2,1,1,1,1,1,1,2,2,2,2,1,1,1,1,1,1,1,1,2,2),('LivingCost',87,303,1113,62,210,70,303,303,1113,303,1113,38,159,37,159,303,1113,37,135,49,210,37,174,37,174),('Mood',88,2,2,2,2,3,3,3,3,3,3,2,2,2,2,3,3,2,2,3,3,2,2,2,2),('LivingCost',89,113,176,113,176,113,176,113,176,113,176,101,176,88,124,113,176,88,124,113,176,88,113,88,113),('Mood',90,1,1,1,1,2,2,2,2,2,2,1,1,1,1,2,2,1,1,2,2,1,1,1,1),('LivingCost',91,66,87,66,87,66,87,66,87,66,87,66,87,66,87,66,87,66,87,66,87,66,87,66,87),('Mood',92,1,1,1,1,2,2,2,2,2,2,1,1,1,1,2,2,1,1,2,2,1,1,1,1),('LivingCost',93,50,83,68,129,50,77,50,83,50,83,77,118,50,83,50,83,68,83,50,77,50,77,50,77),('Mood',94,1,1,1,1,2,2,2,2,2,2,1,1,1,1,2,2,1,1,2,2,1,1,1,1),('LivingCost',95,22,240,22,240,22,240,22,240,22,240,22,240,22,240,22,240,22,240,22,240,22,240,22,240),('Mood',96,3,3,2,2,3,3,3,3,3,3,2,2,2,2,3,3,2,2,3,3,3,3,2,2),('LivingCost',97,10,325,10,215,10,215,10,289,10,325,50,215,14,260,10,353,10,200,10,215,10,694,10,260),('Mood',98,3,3,3,3,3,3,3,3,3,3,3,3,3,3,3,3,3,3,3,3,3,3,3,3),('LivingCost',99,97,150,97,150,97,150,97,150,97,150,97,150,97,150,97,150,97,150,97,150,97,150,97,150),('Mood',100,3,3,2,2,3,3,3,3,3,3,2,2,2,2,3,3,2,2,3,3,3,3,2,2),('LivingCost',101,85,136,90,140,85,136,85,136,85,136,90,140,90,140,85,136,85,136,85,136,85,136,90,140),('Mood',102,2,2,2,2,2,2,2,2,2,2,2,2,2,2,2,2,2,2,2,2,2,2,2,2),('LivingCost',103,85,136,90,140,85,136,85,136,85,136,90,140,90,140,85,136,85,136,85,136,85,136,90,140),('Mood',104,2,2,2,2,2,2,2,2,2,2,2,2,2,2,2,2,2,2,2,2,2,2,2,2),('LivingCost',105,85,136,90,140,85,136,85,136,85,136,90,140,90,140,85,136,85,136,85,136,85,136,90,140),('Mood',106,3,3,3,3,3,3,3,3,3,3,3,3,3,3,3,3,3,3,3,3,3,3,3,3),('LivingCost',107,85,136,90,140,85,136,85,136,85,136,90,140,90,140,85,136,85,136,85,136,85,136,90,140),('Mood',108,2,2,2,2,2,2,2,2,2,2,2,2,2,2,2,2,2,2,2,2,2,2,2,2),('LivingCost',109,51,85,53,90,51,85,51,85,51,85,53,90,53,90,51,85,51,85,51,85,51,85,53,90),('Mood',110,1,1,2,2,1,1,1,1,1,1,2,2,2,2,1,1,1,1,1,1,1,1,2,2),('LivingCost',111,68,136,70,140,68,136,68,136,68,136,70,140,70,140,68,136,68,136,68,136,68,136,70,140),('Mood',112,2,2,2,2,2,2,2,2,2,2,2,2,2,2,2,2,2,2,2,2,2,2,2,2),('LivingCost',113,23,85,30,90,23,85,23,85,23,85,30,90,30,90,23,85,30,90,23,85,23,85,30,90),('Mood',114,2,2,3,3,2,2,2,2,2,2,3,3,3,3,2,2,3,3,2,2,2,2,3,3),('LivingCost',115,30,90,23,85,30,90,30,90,30,90,23,85,23,85,30,90,30,90,30,90,23,85,23,85),('Mood',116,2,2,1,1,2,2,2,2,2,2,1,1,1,1,2,2,2,2,2,2,1,1,1,1),('LivingCost',117,34,102,36,106,34,102,34,102,34,102,36,106,36,106,34,102,34,102,34,102,34,102,36,106),('Mood',118,2,2,3,3,2,2,2,2,2,2,3,3,3,3,2,2,2,2,2,2,2,2,3,3),('LivingCost',119,30,90,23,85,30,90,30,90,30,90,23,85,23,85,30,90,30,90,30,90,23,85,23,85),('Mood',120,2,2,1,1,2,2,2,2,2,2,1,1,1,1,2,2,2,2,2,2,2,2,1,1),('LivingCost',121,34,85,36,90,34,85,34,85,34,85,36,90,36,90,34,85,34,85,34,85,36,90,36,90),('Mood',122,1,1,2,2,1,1,1,1,1,1,2,2,2,2,1,1,1,1,1,1,2,2,2,2),('LivingCost',123,27,85,30,90,27,85,27,85,27,85,30,90,30,90,27,85,30,90,27,85,30,90,30,90),('Mood',124,1,1,3,3,1,1,1,1,1,1,3,3,3,3,1,1,3,3,1,1,3,3,3,3),('LivingCost',125,51,102,55,106,51,102,51,102,51,102,55,106,55,106,51,102,51,102,51,102,55,106,55,106),('Mood',126,2,2,3,3,2,2,2,2,2,2,3,3,3,3,2,2,3,3,2,2,3,3,3,3),('LivingCost',127,15,132,15,129,15,142,15,128,15,148,15,157,15,142,15,132,15,156,15,142,15,142,15,142),('Mood',128,1,1,2,2,1,1,1,1,1,1,2,2,2,2,1,1,2,2,1,1,1,1,2,2),('LivingCost',129,24,200,24,200,24,200,24,200,24,200,24,200,24,200,24,200,24,200,24,200,24,200,24,200),('Mood',130,1,1,2,2,2,2,2,2,2,2,2,2,2,2,1,1,2,2,1,1,1,1,2,2),('LivingCost',131,65,240,31,250,40,250,65,240,89,211,31,250,31,250,65,240,31,250,31,250,31,250,31,250),('Mood',132,3,3,2,2,3,3,3,3,3,3,2,2,2,2,3,3,2,2,3,3,2,2,2,2),('LivingCost',133,55,160,47,160,47,160,40,160,40,160,47,160,47,160,40,160,47,150,55,160,48,160,48,160),('Mood',134,2,2,3,3,2,2,2,2,2,2,3,3,3,3,2,2,3,3,2,2,2,2,3,3),('LivingCost',135,40,200,40,200,40,200,40,200,40,200,40,200,40,200,40,200,40,200,40,200,40,200,40,200),('Mood',136,3,3,3,3,3,3,3,3,3,3,3,3,3,3,3,3,3,3,3,3,3,3,3,3),('LivingCost',137,40,200,35,200,30,200,35,200,35,200,35,200,35,200,40,200,35,200,33,200,35,200,35,200),('Mood',138,3,3,3,3,3,3,3,3,3,3,3,3,3,3,3,3,3,3,3,3,3,3,3,3),('LivingCost',139,33,200,35,200,35,200,33,200,35,200,35,200,35,200,34,200,33,200,35,200,35,200,35,200),('Mood',140,3,3,3,3,3,3,3,3,3,3,3,3,3,3,3,3,3,3,3,3,3,3,3,3),('LivingCost',141,45,200,45,200,45,200,46,200,46,200,46,200,45,200,45,200,45,200,43,200,43,200,45,200),('Mood',142,3,3,3,3,3,3,3,3,3,3,3,3,3,3,3,3,3,3,3,3,3,3,3,3),('LivingCost',143,44,200,45,200,45,200,44,200,44,200,45,200,45,200,44,200,45,200,44,200,44,200,44,200),('Mood',144,2,2,3,3,2,2,2,2,3,3,3,3,3,3,2,2,2,2,2,2,2,2,3,3),('LivingCost',145,50,250,55,250,50,250,50,250,55,250,55,250,55,250,50,250,55,250,50,250,50,250,55,250),('Mood',146,3,3,3,3,3,3,3,3,3,3,3,3,3,3,3,3,3,3,3,3,3,3,3,3),('LivingCost',147,45,190,45,190,45,190,45,190,45,190,45,190,45,190,45,190,45,190,45,190,45,190,45,190),('Mood',148,3,3,3,3,3,3,3,3,3,3,3,3,3,3,3,3,3,3,3,3,3,3,3,3),('LivingCost',149,62,200,62,100,62,200,62,200,62,200,62,200,62,200,62,200,62,210,62,200,62,200,62,200),('Mood',150,2,2,3,3,3,3,3,3,3,3,3,3,3,3,2,2,3,3,2,2,2,2,3,3),('LivingCost',151,56,200,56,200,56,200,56,200,68,200,56,200,56,200,56,200,56,200,56,200,56,200,56,200),('Mood',152,2,2,3,3,2,2,2,2,2,2,3,3,3,3,2,2,2,2,2,2,2,2,2,2),('LivingCost',153,60,150,65,150,52,150,56,150,56,150,70,150,72,150,56,150,72,150,52,150,45,150,50,150),('Mood',154,2,2,3,3,2,2,2,2,2,2,3,3,3,3,2,2,3,3,2,2,2,2,3,3),('LivingCost',155,35,190,35,190,35,190,35,190,35,190,35,190,35,190,35,190,35,190,35,190,35,190,35,190),('Mood',156,3,3,3,3,3,3,3,3,3,3,3,3,3,3,3,3,3,3,3,3,3,3,3,3),('LivingCost',157,68,100,70,105,68,100,68,100,68,100,70,105,70,105,68,100,68,100,68,100,68,100,70,105),('Mood',158,2,2,3,3,2,2,2,2,2,2,3,3,3,3,2,2,2,2,2,2,2,2,3,3),('LivingCost',159,51,85,55,90,51,85,51,85,51,85,55,90,55,90,51,85,51,85,51,85,51,85,55,90),('Mood',160,1,1,2,2,1,1,1,1,1,1,2,2,2,2,1,1,1,1,1,1,1,1,2,2),('LivingCost',161,41,85,45,90,41,85,41,85,41,85,45,90,45,90,41,85,41,85,41,85,41,85,45,90),('Mood',162,1,1,3,3,1,1,1,1,1,1,2,2,2,2,1,1,1,1,1,1,1,1,2,2),('LivingCost',163,34,75,40,80,34,75,34,75,34,75,40,80,40,80,34,75,34,75,34,75,34,75,40,80),('Mood',164,1,1,2,2,1,1,1,1,1,1,2,2,2,2,1,1,1,1,1,1,1,1,2,2),('LivingCost',165,51,85,55,90,51,85,51,85,51,85,55,90,55,90,51,85,51,85,51,85,51,85,55,90),('Mood',166,1,1,2,2,1,1,1,1,1,1,2,2,2,2,1,1,1,1,1,1,1,1,1,1),('LivingCost',167,40,85,44,90,40,85,40,85,40,85,44,90,44,90,40,85,40,85,40,85,40,85,44,90),('Mood',168,1,1,2,2,1,1,1,1,1,1,2,2,2,2,1,1,1,1,1,1,1,1,2,2),('LivingCost',169,85,110,90,115,85,110,85,110,85,110,90,115,90,115,85,110,85,110,85,110,85,110,90,115),('Mood',170,2,2,3,3,2,2,2,2,2,2,3,3,3,3,2,2,3,3,2,2,2,2,3,3),('LivingCost',171,85,105,90,110,85,105,85,105,85,105,90,110,90,110,85,105,85,105,85,105,85,105,90,110),('Mood',172,1,1,2,2,1,1,1,1,1,1,2,2,2,2,1,1,1,1,1,1,1,1,2,2),('LivingCost',173,68,102,70,105,68,102,68,102,68,102,70,105,70,105,68,102,68,102,68,102,68,102,70,105),('Mood',174,2,2,3,3,2,2,2,2,2,2,3,3,3,3,2,2,2,2,2,2,2,2,3,3),('LivingCost',175,85,105,90,110,85,105,85,105,85,105,90,110,90,110,85,105,85,105,85,105,85,105,90,110),('Mood',176,2,2,3,3,2,2,2,2,2,2,3,3,3,3,2,2,2,2,2,2,2,2,3,3),('LivingCost',177,78,120,75,110,78,120,78,120,78,120,75,110,75,110,78,120,75,110,78,120,78,120,75,110),('Mood',178,2,2,1,1,2,2,2,2,2,2,1,1,1,1,2,2,1,1,2,2,2,2,1,1),('LivingCost',179,85,105,90,110,78,120,85,105,85,105,90,110,90,110,85,105,85,105,78,120,78,120,90,110),('Mood',180,2,2,2,2,2,2,2,2,2,2,2,2,2,2,2,2,2,2,2,2,2,2,2,2),('LivingCost',181,75,100,80,110,75,100,75,100,75,100,80,110,80,110,75,100,75,100,75,100,75,100,80,110),('Mood',182,2,2,3,3,2,2,2,2,2,2,3,3,3,3,2,2,2,2,2,2,2,2,3,3),('LivingCost',183,75,100,90,110,75,100,75,100,75,100,90,110,90,110,75,100,75,100,75,100,75,100,90,110),('Mood',184,2,2,2,2,2,2,2,2,2,2,2,2,2,2,2,2,2,2,2,2,2,2,2,2),('LivingCost',185,85,102,85,102,85,102,85,102,85,102,85,102,85,102,85,102,85,102,85,102,85,102,85,102),('Mood',186,3,3,3,3,3,3,3,3,3,3,3,3,3,3,3,3,3,3,3,3,3,3,3,3),('LivingCost',187,75,110,80,110,75,110,75,110,75,110,80,110,80,110,75,110,75,110,75,110,80,110,80,110),('Mood',188,2,2,2,2,2,2,2,2,2,2,2,2,2,2,2,2,2,2,2,2,2,2,2,2),('LivingCost',189,85,105,90,110,78,120,85,105,85,105,90,110,90,110,85,105,85,105,78,120,78,120,90,110),('Mood',190,2,2,2,2,2,2,2,2,2,2,2,2,2,2,2,2,2,2,2,2,2,2,2,2),('LivingCost',191,58,102,60,105,58,102,58,102,58,102,60,105,60,105,58,102,58,102,58,102,58,102,60,105),('Mood',192,1,1,3,3,1,1,1,1,1,1,3,3,3,3,1,1,2,2,1,1,2,2,3,3),('LivingCost',193,60,102,65,105,60,102,60,102,60,102,65,105,65,105,60,102,60,102,60,102,60,102,65,105),('Mood',194,1,1,3,3,1,1,1,1,1,1,3,3,3,3,1,1,2,2,1,1,2,2,3,3),('LivingCost',195,64,98,68,102,64,98,64,98,64,98,68,102,68,102,64,98,64,98,64,98,64,98,68,102),('Mood',196,1,1,3,3,1,1,1,1,1,1,3,3,3,3,1,1,2,2,1,1,2,2,3,3),('LivingCost',197,61,90,65,95,61,90,61,90,61,90,65,95,65,95,61,90,61,90,61,90,61,90,65,95),('Mood',198,1,1,2,2,1,1,1,1,1,1,2,2,2,2,1,1,2,2,1,1,2,2,2,2),('LivingCost',199,64,98,68,102,64,98,64,98,64,98,68,102,68,102,64,98,64,98,64,98,64,98,68,102),('Mood',200,1,1,2,2,1,1,1,1,1,1,2,2,2,2,1,1,2,2,1,1,2,2,2,2),('LivingCost',201,60,102,65,105,60,102,60,102,60,102,65,105,65,105,60,102,60,102,60,102,60,102,65,105),('Mood',202,1,1,2,2,1,1,1,1,1,1,2,2,2,2,1,1,2,2,1,1,2,2,2,2),('LivingCost',203,64,98,68,102,64,98,64,98,64,98,68,102,68,102,64,98,64,98,64,98,64,98,68,102),('Mood',204,1,1,2,2,1,1,1,1,1,1,2,2,2,2,1,1,2,2,1,1,2,2,2,2),('LivingCost',205,58,102,60,105,58,102,58,102,58,102,60,105,60,105,58,102,58,102,58,102,58,102,60,105),('Mood',206,1,1,2,2,1,1,1,1,1,1,2,2,2,2,1,1,2,2,1,1,2,2,2,2),('LivingCost',207,62,87,66,93,62,87,62,87,62,87,66,93,66,93,62,87,62,87,62,87,62,87,66,93),('Mood',208,2,2,3,3,2,2,2,2,2,2,3,3,3,3,2,2,2,2,2,2,2,2,3,3),('LivingCost',209,64,98,68,102,64,98,64,98,64,98,68,102,68,102,64,98,64,98,64,98,64,98,68,102),('Mood',210,1,1,2,2,1,1,1,1,1,1,2,2,2,2,1,1,1,1,1,1,1,1,2,2),('LivingCost',211,120,153,120,153,120,153,120,153,120,153,120,153,120,153,120,153,120,153,120,153,120,153,120,153),('Mood',212,2,2,2,2,2,2,2,2,2,2,2,2,2,2,2,2,2,2,2,2,2,2,2,2),('LivingCost',213,85,120,85,120,85,120,85,120,85,120,85,120,85,120,85,120,85,120,85,120,85,120,85,120),('Mood',214,2,2,2,2,2,2,2,2,2,2,2,2,2,2,2,2,2,2,2,2,2,2,2,2),('LivingCost',215,68,120,68,120,68,120,68,120,68,120,68,120,68,120,68,120,68,120,68,120,68,120,68,120),('Mood',216,2,2,3,3,2,2,2,2,2,2,3,3,3,3,2,2,3,3,2,2,2,2,3,3),('LivingCost',217,85,120,85,120,85,120,85,120,85,120,85,120,85,120,85,120,85,120,85,120,85,120,85,120),('Mood',218,2,2,2,2,2,2,2,2,2,2,2,2,2,2,2,2,2,2,2,2,2,2,3,3),('LivingCost',219,85,120,85,120,85,120,85,120,85,120,85,120,85,120,85,120,85,120,85,120,85,120,85,120),('Mood',220,2,2,2,2,2,2,2,2,2,2,2,2,2,2,2,2,2,2,2,2,2,2,2,2),('LivingCost',221,68,120,68,120,68,120,68,120,68,120,68,120,68,120,68,120,68,120,68,120,68,120,68,120),('Mood',222,2,2,2,2,2,2,2,2,2,2,2,2,2,2,2,2,2,2,2,2,2,2,2,2),('LivingCost',223,68,102,68,102,68,102,68,102,68,102,68,102,68,102,68,102,68,102,68,102,68,102,68,102),('Mood',224,1,1,1,1,1,1,1,1,1,1,1,1,1,1,1,1,1,1,1,1,1,1,1,1),('LivingCost',225,64,98,64,98,64,98,64,98,64,98,64,98,64,98,64,98,64,98,64,98,64,98,64,98),('Mood',226,1,1,2,2,1,1,1,1,1,1,2,2,2,2,1,1,1,1,1,1,1,1,2,2),('LivingCost',227,68,91,68,91,68,91,68,91,68,91,68,91,68,91,68,91,68,91,68,91,68,91,68,91),('Mood',228,1,1,2,2,1,1,1,1,1,1,2,2,2,2,1,1,1,1,1,1,1,1,2,2),('LivingCost',229,57,91,57,91,57,91,57,91,57,91,57,91,57,91,57,91,57,91,57,91,57,91,57,91),('Mood',230,1,1,2,2,1,1,1,1,1,1,2,2,2,2,1,1,1,1,1,1,1,1,2,2),('LivingCost',231,78,102,78,102,78,102,78,102,78,102,78,102,78,102,78,102,78,102,78,102,78,102,78,102),('Mood',232,1,1,2,2,1,1,1,1,1,1,2,2,2,2,1,1,1,1,1,1,1,1,2,2),('LivingCost',233,60,90,60,90,60,90,60,90,60,90,60,90,60,90,60,90,60,90,60,90,60,90,60,90),('Mood',234,1,1,2,2,1,1,1,1,1,1,2,2,2,2,1,1,1,1,1,1,1,1,2,2),('LivingCost',235,85,102,75,90,85,102,85,102,85,102,75,90,75,90,85,102,85,102,85,102,85,102,75,90),('Mood',236,2,2,1,1,2,2,2,2,2,2,1,1,1,1,2,2,1,1,2,2,2,2,2,2),('LivingCost',237,85,120,85,120,85,120,85,120,85,120,85,120,85,120,85,120,85,120,85,120,85,120,85,120),('Mood',238,3,3,3,3,3,3,3,3,3,3,3,3,3,3,3,3,3,3,3,3,3,3,3,3),('LivingCost',239,80,102,80,102,80,102,80,102,80,102,80,102,80,102,80,102,80,102,80,102,80,102,80,102),('Mood',240,1,1,2,2,1,1,1,1,1,1,2,2,2,2,1,1,1,1,1,1,1,1,1,1),('LivingCost',241,90,110,95,120,90,110,90,110,90,110,95,120,95,120,90,110,95,120,90,110,90,110,95,120),('Mood',242,3,3,3,3,3,3,3,3,3,3,3,3,3,3,3,3,3,3,3,3,3,3,3,3),('LivingCost',243,70,102,77,110,70,102,70,102,70,102,77,110,77,110,70,102,77,110,70,102,70,102,77,110),('Mood',244,2,2,2,2,2,2,2,2,2,2,2,2,2,2,2,2,2,2,2,2,2,2,2,2),('LivingCost',245,65,102,70,105,65,102,65,102,65,102,70,105,70,105,65,102,70,105,65,102,65,102,70,105),('Mood',246,3,3,3,3,3,3,3,3,3,3,3,3,3,3,3,3,3,3,3,3,3,3,3,3),('LivingCost',247,77,111,77,111,77,111,77,111,77,111,77,111,77,111,77,111,77,111,77,111,77,111,77,111),('Mood',248,3,3,3,3,3,3,3,3,3,3,3,3,3,3,3,3,3,3,3,3,3,3,3,3),('LivingCost',249,57,101,57,101,57,101,57,101,57,101,57,101,57,101,57,101,57,101,57,101,57,101,57,101),('Mood',250,3,3,3,3,3,3,3,3,3,3,3,3,3,3,3,3,3,3,3,3,3,3,3,3),('LivingCost',251,77,101,80,105,77,101,77,101,77,101,80,105,80,105,77,101,80,105,77,101,77,101,80,105),('Mood',252,2,2,2,2,2,2,2,2,2,2,2,2,2,2,2,2,2,2,2,2,2,2,2,2),('LivingCost',253,43,101,43,101,43,101,43,101,43,101,43,101,43,101,43,101,43,101,43,101,43,101,43,101),('Mood',254,3,3,3,3,3,3,3,3,3,3,3,3,3,3,3,3,3,3,3,3,3,3,3,3),('LivingCost',255,67,105,70,110,67,105,67,105,67,105,70,110,70,110,67,105,70,110,67,105,67,105,70,110),('Mood',256,3,3,3,3,3,3,3,3,3,3,3,3,3,3,3,3,3,3,3,3,3,3,3,3),('LivingCost',257,60,101,70,110,60,101,60,101,60,101,70,110,70,110,60,101,70,110,60,101,60,101,70,110),('Mood',258,3,3,3,3,3,3,3,3,3,3,3,3,3,3,3,3,3,3,3,3,3,3,3,3),('LivingCost',259,74,101,74,101,74,101,74,101,74,101,74,101,74,101,74,101,74,101,74,101,74,101,74,101),('Mood',260,2,2,2,2,2,2,2,2,2,2,2,2,2,2,2,2,2,2,2,2,2,2,2,2),('LivingCost',261,78,119,80,120,78,119,78,119,78,119,80,120,80,120,78,119,80,120,78,119,78,119,80,120),('Mood',262,2,2,2,2,2,2,2,2,2,2,2,2,2,2,2,2,2,2,2,2,2,2,2,2),('LivingCost',263,84,101,84,101,84,101,84,101,84,101,84,101,84,101,84,101,84,101,84,101,84,101,84,101),('Mood',264,2,2,2,2,2,2,2,2,2,2,2,2,2,2,2,2,2,2,2,2,2,2,2,2),('LivingCost',265,84,110,84,110,84,110,84,110,84,110,84,110,84,110,84,110,84,110,84,110,84,110,84,110),('Mood',266,2,2,2,2,2,2,2,2,2,2,2,2,2,2,2,2,2,2,2,2,2,2,2,2),('LivingCost',267,64,102,64,102,64,102,64,102,64,102,64,102,64,102,64,102,64,102,64,102,64,102,64,102),('Mood',268,2,2,2,2,2,2,2,2,2,2,2,2,2,2,2,2,2,2,2,2,2,2,2,2),('LivingCost',269,100,168,100,168,100,168,100,168,100,168,100,168,100,168,100,168,100,168,100,168,100,168,100,168),('Mood',270,3,3,3,3,3,3,3,3,3,3,3,3,3,3,3,3,3,3,3,3,3,3,3,3),('LivingCost',271,81,110,81,110,81,110,81,110,81,110,81,110,81,110,81,110,81,110,81,110,81,110,81,110),('Mood',272,2,2,2,2,2,2,2,2,2,2,2,2,2,2,2,2,2,2,2,2,2,2,2,2),('LivingCost',273,77,101,77,101,77,101,77,101,77,101,77,101,77,101,77,101,77,101,77,101,77,101,77,101),('Mood',274,2,2,2,2,2,2,2,2,2,2,2,2,2,2,2,2,2,2,2,2,2,2,2,2),('LivingCost',275,67,101,67,101,67,101,67,101,67,101,67,101,67,101,67,101,67,101,67,101,67,101,67,101),('Mood',276,2,2,2,2,2,2,2,2,2,2,2,2,2,2,2,2,2,2,2,2,2,2,2,2),('LivingCost',277,70,118,70,118,70,118,70,118,70,118,70,118,70,118,70,118,70,118,70,118,70,118,70,118),('Mood',278,2,2,2,2,2,2,2,2,2,2,2,2,2,2,2,2,2,2,2,2,2,2,2,2),('LivingCost',279,84,115,84,115,84,115,84,115,84,115,84,115,84,115,84,115,84,115,84,115,84,115,84,115),('Mood',280,2,2,3,3,2,2,2,2,2,2,3,3,3,3,2,2,3,3,2,2,2,2,3,3),('LivingCost',281,90,130,90,130,90,130,90,130,90,130,90,130,90,130,90,130,90,130,90,130,90,130,90,130),('Mood',282,3,3,3,3,3,3,3,3,3,3,3,3,3,3,3,3,3,3,3,3,3,3,3,3),('LivingCost',283,85,120,85,120,85,120,85,120,85,120,85,120,85,120,85,120,85,120,85,120,85,120,85,120),('Mood',284,3,3,3,3,3,3,3,3,3,3,3,3,3,3,3,3,3,3,3,3,3,3,3,3),('LivingCost',285,71,100,71,100,71,100,71,100,71,100,71,100,71,100,71,100,71,100,71,100,71,100,71,100),('Mood',286,3,3,3,3,3,3,3,3,3,3,3,3,3,3,3,3,3,3,3,3,3,3,3,3),('LivingCost',287,71,105,71,105,71,105,71,105,71,105,71,105,71,105,71,105,71,105,71,105,71,105,71,105),('Mood',288,2,2,2,2,2,2,2,2,2,2,2,2,2,2,2,2,2,2,2,2,2,2,2,2),('LivingCost',289,80,110,80,110,80,110,80,110,80,110,80,110,80,110,80,110,80,110,80,110,80,110,80,110),('Mood',290,3,3,3,3,3,3,3,3,3,3,3,3,3,3,3,3,3,3,3,3,3,3,3,3),('LivingCost',291,51,100,51,100,51,100,51,100,51,100,51,100,51,100,51,100,51,100,51,100,51,100,51,100),('Mood',292,2,2,2,2,2,2,2,2,2,2,2,2,2,2,2,2,2,2,2,2,2,2,2,2),('LivingCost',293,85,120,85,120,85,120,85,120,85,120,85,120,85,120,85,120,85,120,85,120,85,120,85,120),('Mood',294,2,2,2,2,2,2,2,2,2,2,2,2,2,2,2,2,2,2,2,2,2,2,2,2),('LivingCost',295,70,105,70,105,70,105,70,105,70,105,70,105,70,105,70,105,70,105,70,105,70,105,70,105),('Mood',296,3,3,3,3,3,3,3,3,3,3,3,3,3,3,3,3,3,3,3,3,3,3,3,3),('LivingCost',297,46,80,46,80,46,80,46,80,46,80,46,80,46,80,46,80,46,80,46,80,46,80,46,80),('Mood',298,3,3,3,3,3,3,3,3,3,3,3,3,3,3,3,3,3,3,3,3,3,3,3,3),('LivingCost',299,50,90,50,90,50,90,50,90,50,90,50,90,50,90,50,90,50,90,50,90,50,90,50,90),('Mood',300,2,2,2,2,2,2,2,2,2,2,2,2,2,2,2,2,2,2,2,2,2,2,2,2),('LivingCost',301,48,95,48,95,48,95,48,95,48,95,48,95,48,95,48,95,48,95,48,95,48,95,48,95),('Mood',302,3,3,3,3,3,3,3,3,3,3,3,3,3,3,3,3,3,3,3,3,3,3,3,3),('LivingCost',303,47,90,47,90,47,90,47,90,47,90,47,90,47,90,47,90,47,90,47,90,47,90,47,90),('Mood',304,3,3,3,3,3,3,3,3,3,3,3,3,3,3,3,3,3,3,3,3,3,3,3,3),('LivingCost',305,50,100,50,100,50,100,50,100,50,100,50,100,50,100,50,100,50,100,50,100,50,100,50,100),('Mood',306,3,3,3,3,3,3,3,3,3,3,3,3,3,3,3,3,3,3,3,3,3,3,3,3),('LivingCost',307,46,105,46,105,46,105,46,105,46,105,46,105,46,105,46,105,46,105,46,105,46,105,46,105),('Mood',308,2,2,2,2,2,2,2,2,2,2,2,2,2,2,2,2,2,2,2,2,2,2,2,2),('LivingCost',309,50,96,50,96,50,96,50,96,50,96,50,96,50,96,50,96,50,96,50,96,50,96,50,96),('Mood',310,2,2,2,2,2,2,2,2,2,2,2,2,2,2,2,2,2,2,2,2,2,2,2,2),('LivingCost',311,45,97,45,97,45,97,45,97,45,97,45,97,45,97,45,97,45,97,45,97,45,97,45,97),('Mood',312,2,2,2,2,2,2,2,2,2,2,2,2,2,2,2,2,2,2,2,2,2,2,2,2),('LivingCost',313,28,70,28,70,28,70,28,70,28,70,28,70,28,70,28,70,28,70,28,70,28,70,28,70),('Mood',314,3,3,3,3,3,3,3,3,3,3,3,3,3,3,3,3,3,3,3,3,3,3,3,3),('LivingCost',315,30,80,30,80,30,80,30,80,30,80,30,80,30,80,30,80,30,80,30,80,30,80,30,80),('Mood',316,2,2,2,2,2,2,2,2,2,2,2,2,2,2,2,2,2,2,2,2,2,2,2,2),('LivingCost',317,25,75,25,75,25,75,25,75,25,75,25,75,25,75,25,75,25,75,25,75,25,75,25,75),('Mood',318,2,2,3,3,2,2,2,2,2,2,3,3,3,3,2,2,2,2,2,2,2,2,2,2),('LivingCost',319,30,80,30,80,30,80,30,80,30,80,30,80,30,80,30,80,30,80,30,80,30,80,30,80),('Mood',320,3,3,3,3,3,3,3,3,3,3,3,3,3,3,3,3,3,3,3,3,3,3,3,3),('LivingCost',321,30,100,30,100,30,100,30,100,30,100,30,100,30,100,30,100,30,100,30,100,30,100,30,100),('Mood',322,3,3,3,3,3,3,3,3,3,3,3,3,3,3,3,3,3,3,3,3,3,3,3,3),('LivingCost',323,54,100,54,100,54,100,54,100,54,100,54,100,54,100,54,100,54,100,54,100,54,100,54,100),('Mood',324,3,3,3,3,3,3,3,3,3,3,3,3,3,3,3,3,3,3,3,3,3,3,3,3),('LivingCost',325,48,100,48,100,48,100,48,100,48,100,48,100,48,100,48,100,48,100,48,100,48,100,48,100),('Mood',326,2,2,2,2,2,2,2,2,2,2,2,2,2,2,2,2,2,2,2,2,2,2,2,2),('LivingCost',327,50,90,50,90,50,90,50,90,50,90,50,90,50,90,50,90,50,90,50,90,50,90,50,90),('Mood',328,2,2,2,2,2,2,2,2,2,2,2,2,2,2,2,2,2,2,2,2,2,2,2,2),('LivingCost',329,45,100,45,100,45,100,45,100,45,100,45,100,45,100,45,100,45,100,45,100,45,100,45,100),('Mood',330,2,2,2,2,2,2,2,2,2,2,2,2,2,2,2,2,2,2,2,2,2,2,2,2),('LivingCost',331,75,110,75,110,75,110,75,110,75,110,75,110,75,110,75,110,75,110,75,110,75,110,75,110),('Mood',332,2,2,2,2,2,2,2,2,2,2,2,2,2,2,2,2,2,2,2,2,2,2,2,2),('LivingCost',333,70,100,70,100,70,100,70,100,70,100,70,100,70,100,70,100,70,100,70,100,70,100,70,100),('Mood',334,2,2,2,2,2,2,2,2,2,2,2,2,2,2,2,2,2,2,2,2,2,2,2,2),('LivingCost',335,70,110,70,110,70,110,70,110,70,110,70,110,70,110,70,110,70,110,70,110,70,110,70,110),('Mood',336,2,2,2,2,2,2,2,2,2,2,2,2,2,2,2,2,2,2,2,2,2,2,2,2),('LivingCost',337,65,110,65,110,65,110,65,110,65,110,65,110,65,110,65,110,65,110,65,110,65,110,65,110),('Mood',338,2,2,2,2,2,2,2,2,2,2,2,2,2,2,2,2,2,2,2,2,2,2,2,2),('LivingCost',339,72,108,72,108,72,108,72,108,72,108,72,108,72,108,72,108,72,108,72,108,72,108,72,108),('Mood',340,2,2,2,2,2,2,2,2,2,2,2,2,2,2,2,2,2,2,2,2,2,2,2,2),('LivingCost',341,68,110,68,110,68,110,68,110,68,110,68,110,68,110,68,110,68,110,68,110,68,110,68,110),('Mood',342,2,2,2,2,2,2,2,2,2,2,2,2,2,2,2,2,2,2,2,2,2,2,2,2),('LivingCost',343,78,110,78,110,78,110,78,110,78,110,78,110,78,110,78,110,78,110,78,110,78,110,78,110),('Mood',344,2,2,2,2,2,2,2,2,2,2,2,2,2,2,2,2,2,2,2,2,2,2,2,2),('LivingCost',345,75,115,75,115,75,115,75,115,75,115,75,115,75,115,75,115,75,115,75,115,75,115,75,115),('Mood',346,3,3,3,3,3,3,3,3,3,3,3,3,3,3,3,3,3,3,3,3,3,3,3,3),('LivingCost',347,78,110,78,110,78,110,78,110,78,110,78,110,78,110,78,110,78,110,78,110,78,110,78,110),('Mood',348,2,2,2,2,2,2,2,2,2,2,2,2,2,2,2,2,2,2,2,2,2,2,2,2),('LivingCost',349,78,110,78,110,78,110,78,110,78,110,78,110,78,110,78,110,78,110,78,110,78,110,78,110),('Mood',350,2,2,2,2,2,2,2,2,2,2,2,2,2,2,2,2,2,2,2,2,2,2,2,2),('LivingCost',351,75,115,75,115,75,115,75,115,75,115,75,115,75,115,75,115,75,115,75,115,75,115,75,115),('Mood',352,2,2,2,2,2,2,2,2,2,2,2,2,2,2,2,2,2,2,2,2,2,2,2,2),('LivingCost',353,38,80,38,80,38,80,38,80,38,80,38,80,38,80,38,80,38,80,38,80,38,80,38,80),('Mood',354,2,2,2,2,2,2,2,2,2,2,2,2,2,2,2,2,2,2,2,2,2,2,2,2),('LivingCost',355,40,90,40,90,40,90,40,90,40,90,40,90,40,90,40,90,40,90,40,90,40,90,40,90),('Mood',356,2,2,2,2,2,2,2,2,2,2,2,2,2,2,2,2,2,2,2,2,2,2,2,2),('LivingCost',357,50,90,50,90,50,90,50,90,50,90,50,90,50,90,50,90,50,90,50,90,50,90,50,90),('Mood',358,2,2,2,2,2,2,2,2,2,2,2,2,2,2,2,2,2,2,2,2,2,2,2,2),('LivingCost',359,50,100,50,100,50,100,50,100,50,100,50,100,50,100,50,100,50,100,50,100,50,100,50,100),('Mood',360,2,2,2,2,2,2,2,2,2,2,2,2,2,2,2,2,2,2,2,2,2,2,2,2),('LivingCost',361,54,105,54,105,54,105,54,105,54,105,54,105,54,105,54,105,54,105,54,105,54,105,54,105),('Mood',362,2,2,2,2,2,2,2,2,2,2,2,2,2,2,2,2,2,2,2,2,2,2,2,2),('LivingCost',363,48,104,48,104,48,104,48,104,48,104,48,104,48,104,48,104,48,104,48,104,48,104,48,104),('Mood',364,2,2,2,2,2,2,2,2,2,2,2,2,2,2,2,2,2,2,2,2,2,2,2,2),('LivingCost',365,50,90,50,90,50,90,50,90,50,90,50,90,50,90,50,90,50,90,50,90,50,90,50,90),('Mood',366,2,2,2,2,2,2,2,2,2,2,2,2,2,2,2,2,2,2,2,2,2,2,2,2),('LivingCost',367,47,114,47,114,47,114,47,114,47,114,47,114,47,114,47,114,47,114,47,114,47,114,47,114),('Mood',368,2,2,2,2,2,2,2,2,2,2,2,2,2,2,2,2,2,2,2,2,2,2,2,2),('LivingCost',369,48,104,48,104,48,104,48,104,48,104,48,104,48,104,48,104,48,104,48,104,48,104,48,104),('Mood',370,2,2,2,2,2,2,2,2,2,2,2,2,2,2,2,2,2,2,2,2,2,2,2,2),('LivingCost',371,52,106,52,106,52,106,52,106,52,106,52,106,52,106,52,106,52,106,52,106,52,106,52,106),('Mood',372,2,2,2,2,2,2,2,2,2,2,2,2,2,2,2,2,2,2,2,2,2,2,2,2),('LivingCost',373,40,80,40,80,40,80,40,80,40,80,40,80,40,80,40,80,40,80,40,80,40,80,40,80),('Mood',374,2,2,3,3,2,2,2,2,2,2,3,3,3,3,2,2,2,2,2,2,2,2,3,3),('LivingCost',375,40,90,40,90,40,90,40,90,40,90,40,90,40,90,40,90,40,90,40,90,40,90,40,90),('Mood',376,3,3,3,3,3,3,3,3,3,3,3,3,3,3,3,3,3,3,3,3,3,3,3,3),('LivingCost',377,40,92,40,92,40,92,40,92,40,92,40,92,40,92,40,92,40,92,40,92,40,92,40,92),('Mood',378,2,2,2,2,2,2,2,2,2,2,2,2,2,2,2,2,2,2,2,2,2,2,2,2),('LivingCost',379,91,150,91,150,91,150,91,150,91,150,91,150,91,150,91,150,91,150,91,150,91,150,91,150),('Mood',380,3,3,3,3,3,3,3,3,3,3,3,3,3,3,3,3,3,3,3,3,3,3,3,3),('LivingCost',381,91,150,91,150,91,150,91,150,91,150,91,150,91,150,91,150,91,150,91,150,91,150,91,150),('Mood',382,3,3,3,3,3,3,3,3,3,3,3,3,3,3,3,3,3,3,3,3,3,3,3,3),('LivingCost',383,110,200,110,200,110,200,110,200,110,200,110,200,110,200,110,200,110,200,110,200,110,200,110,200),('Mood',384,3,3,3,3,3,3,3,3,3,3,3,3,3,3,3,3,3,3,3,3,3,3,3,3),('LivingCost',385,115,200,115,200,115,200,115,200,115,200,115,200,115,200,115,200,115,200,115,200,115,200,115,200),('Mood',386,3,3,3,3,3,3,3,3,3,3,3,3,3,3,3,3,3,3,3,3,3,3,3,3),('LivingCost',387,105,190,105,190,105,190,105,190,105,190,105,190,105,190,105,190,105,190,105,190,105,190,105,190),('Mood',388,2,2,2,2,2,2,2,2,2,2,2,2,2,2,2,2,2,2,2,2,2,2,2,2),('LivingCost',389,110,180,110,180,110,180,110,180,110,180,110,180,110,180,110,180,110,180,110,180,110,180,110,180),('Mood',390,2,2,2,2,2,2,2,2,2,2,2,2,2,2,2,2,2,2,2,2,2,2,2,2),('LivingCost',391,116,192,116,192,116,192,116,192,116,192,116,192,116,192,116,192,116,192,116,192,116,192,116,192),('Mood',392,3,3,3,3,3,3,3,3,3,3,3,3,3,3,3,3,3,3,3,3,3,3,3,3),('LivingCost',393,105,190,105,190,105,190,105,190,105,190,105,190,105,190,105,190,105,190,105,190,105,190,105,190),('Mood',394,2,2,2,2,2,2,2,2,2,2,2,2,2,2,2,2,2,2,2,2,2,2,2,2),('LivingCost',395,110,180,110,180,110,180,110,180,110,180,110,180,110,180,110,180,110,180,110,180,110,180,110,180),('Mood',396,2,2,2,2,2,2,2,2,2,2,2,2,2,2,2,2,2,2,2,2,2,2,2,2),('LivingCost',397,80,110,80,110,80,110,80,110,80,110,80,110,80,110,80,110,80,110,80,110,80,110,80,110),('Mood',398,2,2,2,2,2,2,2,2,2,2,2,2,2,2,2,2,2,2,2,2,2,2,2,2),('LivingCost',399,90,120,90,120,90,120,90,120,90,120,90,120,90,120,90,120,90,120,90,120,90,120,90,120),('Mood',400,3,3,2,2,3,3,3,3,3,3,2,2,2,2,3,3,2,2,3,3,3,3,2,2),('LivingCost',401,75,110,75,110,75,110,75,110,75,110,75,110,75,110,75,110,75,110,75,110,75,110,75,110),('Mood',402,2,2,2,2,2,2,2,2,2,2,2,2,2,2,2,2,2,2,2,2,2,2,2,2),('LivingCost',403,80,110,80,110,80,110,80,110,80,110,80,110,80,110,80,110,80,110,80,110,80,110,80,110),('Mood',404,2,2,2,2,2,2,2,2,2,2,2,2,2,2,2,2,2,2,2,2,2,2,2,2),('LivingCost',405,80,115,80,115,80,115,80,115,80,115,80,115,80,115,80,115,80,115,80,115,80,115,80,115),('Mood',406,2,2,2,2,2,2,2,2,2,2,2,2,2,2,2,2,2,2,2,2,2,2,2,2),('LivingCost',407,70,105,70,105,70,105,70,105,70,105,70,105,70,105,70,105,70,105,70,105,70,105,70,105),('Mood',408,2,2,2,2,2,2,2,2,2,2,2,2,2,2,2,2,2,2,2,2,2,2,2,2),('LivingCost',409,70,110,70,110,70,110,70,110,70,110,70,110,70,110,70,110,70,110,70,110,70,110,70,110),('Mood',410,3,3,3,3,3,3,3,3,3,3,3,3,3,3,3,3,3,3,3,3,3,3,3,3),('LivingCost',411,50,100,50,100,50,100,50,100,50,100,50,100,50,100,50,100,50,100,50,100,50,100,50,100),('Mood',412,2,2,2,2,2,2,2,2,2,2,2,2,2,2,2,2,2,2,2,2,2,2,2,2),('LivingCost',413,40,90,40,90,40,90,40,90,40,90,40,90,40,90,40,90,40,90,40,90,40,90,40,90),('Mood',414,2,2,2,2,2,2,2,2,2,2,2,2,2,2,2,2,2,2,2,2,2,2,2,2),('LivingCost',415,40,90,40,90,40,90,40,90,40,90,40,90,40,90,40,90,40,90,40,90,40,90,40,90),('Mood',416,2,2,2,2,2,2,2,2,2,2,2,2,2,2,2,2,2,2,2,2,2,2,2,2),('LivingCost',417,40,80,40,80,40,80,40,80,40,80,40,80,40,80,40,80,40,80,40,80,40,80,40,80),('Mood',418,2,2,2,2,2,2,2,2,2,2,2,2,2,2,2,2,2,2,2,2,2,2,2,2),('LivingCost',419,44,100,44,100,44,100,44,100,44,100,44,100,44,100,44,100,44,100,44,100,44,100,44,100),('Mood',420,2,2,2,2,2,2,2,2,2,2,2,2,2,2,2,2,2,2,2,2,2,2,2,2),('LivingCost',421,70,110,70,110,70,110,70,110,70,110,70,110,70,110,70,110,70,110,70,110,70,110,70,110),('Mood',422,3,3,3,3,3,3,3,3,3,3,3,3,3,3,3,3,3,3,3,3,3,3,3,3),('LivingCost',423,70,115,70,115,70,115,70,115,70,115,70,115,70,115,70,115,70,115,70,115,70,115,70,115),('Mood',424,2,2,2,2,2,2,2,2,2,2,2,2,2,2,2,2,2,2,2,2,2,2,2,2),('LivingCost',425,75,110,75,110,75,110,75,110,75,110,75,110,75,110,75,110,75,110,75,110,75,110,75,110),('Mood',426,2,2,2,2,2,2,2,2,2,2,2,2,2,2,2,2,2,2,2,2,2,2,2,2),('LivingCost',427,80,120,80,120,80,120,80,120,80,120,80,120,80,120,80,120,80,120,80,120,80,120,80,120),('Mood',428,2,2,2,2,2,2,2,2,2,2,2,2,2,2,2,2,2,2,2,2,2,2,2,2),('LivingCost',429,76,100,76,100,76,100,76,100,76,100,76,100,76,100,76,100,76,100,76,100,76,100,76,100),('Mood',430,2,2,2,2,2,2,2,2,2,2,2,2,2,2,2,2,2,2,2,2,2,2,2,2),('LivingCost',431,78,110,78,110,78,110,78,110,78,110,78,110,78,110,78,110,78,110,78,110,78,110,78,110),('Mood',432,2,2,2,2,2,2,2,2,2,2,2,2,2,2,2,2,2,2,2,2,2,2,2,2),('LivingCost',433,25,215,25,350,50,215,50,215,50,215,25,350,25,350,25,215,25,215,25,215,25,215,25,215),('Mood',434,3,3,3,3,2,2,2,2,2,2,3,3,3,3,2,2,3,3,2,2,2,2,3,3),('LivingCost',435,25,180,30,200,25,200,25,200,25,200,30,200,30,200,25,180,25,180,25,180,25,180,25,180),('Mood',436,3,3,3,3,3,3,2,2,2,2,3,3,3,3,2,2,2,2,3,3,2,2,2,2),('LivingCost',437,40,200,40,160,40,200,40,200,40,200,40,160,40,160,40,200,40,200,40,180,40,180,40,180),('Mood',438,2,2,3,3,2,2,2,2,2,2,3,3,3,3,2,2,2,2,2,2,2,2,2,2),('LivingCost',439,60,260,50,200,40,350,40,350,40,350,50,200,50,200,60,260,60,260,50,200,50,200,50,200),('Mood',440,2,2,2,2,3,3,3,3,3,3,2,2,2,2,3,3,2,2,3,3,2,2,2,2),('LivingCost',441,25,200,25,170,25,200,25,200,25,200,25,170,25,170,25,200,25,200,25,180,25,180,25,180),('Mood',442,3,3,3,3,3,3,3,3,3,3,3,3,3,3,3,3,3,3,3,3,3,3,3,3),('LivingCost',443,60,280,40,200,60,280,60,280,60,280,40,200,40,200,60,280,60,280,40,280,40,280,40,280),('Mood',444,2,2,2,2,2,2,2,2,2,2,2,2,2,2,2,2,2,2,2,2,2,2,2,2),('LivingCost',445,25,300,25,400,25,245,25,245,25,245,25,400,25,400,25,300,25,300,25,400,25,400,25,400),('Mood',446,3,3,3,3,3,3,3,3,3,3,3,3,3,3,3,3,3,3,3,3,3,3,3,3),('LivingCost',447,85,535,55,355,85,535,85,535,85,535,55,355,55,355,85,535,85,535,55,385,55,385,55,385),('Mood',448,2,2,3,3,2,2,2,2,2,2,3,3,3,3,2,2,3,3,2,2,2,2,2,2),('LivingCost',449,70,340,60,700,55,500,55,500,55,500,60,700,60,700,70,340,70,340,40,600,40,600,40,600),('Mood',450,3,3,3,3,3,3,3,3,3,3,3,3,3,3,3,3,3,3,3,3,3,3,3,3),('LivingCost',451,50,350,50,300,50,1000,50,1000,50,1000,50,300,50,300,50,350,50,350,40,210,40,210,40,210),('Mood',452,2,2,1,1,3,3,3,3,3,3,1,1,1,1,3,3,2,2,3,3,2,2,2,2),('LivingCost',453,50,2000,50,300,55,900,55,900,55,900,50,300,50,300,50,2000,50,2000,40,255,40,255,40,255),('Mood',454,1,1,1,1,2,2,2,2,2,2,1,1,1,1,2,2,1,1,2,2,2,2,1,1),('LivingCost',455,20,460,50,700,20,360,20,360,20,360,50,700,50,700,20,460,20,460,25,550,25,550,25,550),('Mood',456,2,2,3,3,2,2,2,2,2,2,3,3,3,3,2,2,3,3,2,2,2,2,3,3),('LivingCost',457,85,535,55,355,85,535,85,535,85,535,55,355,55,355,85,535,85,535,55,385,55,385,55,385),('Mood',458,2,2,1,1,2,2,2,2,2,2,1,1,1,1,2,2,1,1,2,2,2,2,1,1),('LivingCost',459,80,220,60,335,70,220,70,220,70,220,60,335,60,335,80,220,80,220,60,335,60,335,60,335),('Mood',460,2,2,2,2,2,2,2,2,2,2,2,2,2,2,2,2,2,2,2,2,2,2,2,2),('LivingCost',461,70,375,50,715,50,375,50,375,50,375,50,715,50,715,70,375,70,375,40,715,40,715,40,715),('Mood',462,2,2,2,2,3,3,2,2,2,2,2,2,2,2,2,2,2,2,2,2,2,2,2,2),('LivingCost',463,30,625,30,685,30,480,30,480,30,480,30,685,30,685,30,625,30,625,30,685,30,685,30,685),('Mood',464,3,3,3,3,2,2,2,2,2,2,3,3,3,3,3,3,3,3,2,2,3,3,3,3),('LivingCost',465,20,460,50,410,75,1060,75,1060,75,1060,50,410,50,410,20,460,20,460,35,160,35,160,35,160),('Mood',466,1,1,2,2,1,1,2,2,1,1,2,2,2,2,1,1,2,2,1,1,1,1,2,2),('LivingCost',467,20,460,35,710,20,360,20,360,20,360,35,710,35,710,20,460,20,460,20,550,20,550,20,550),('Mood',468,2,2,2,2,2,2,2,2,2,2,2,2,2,2,2,2,2,2,2,2,2,2,2,2),('LivingCost',469,45,9000,45,9000,50,9000,50,9000,50,9000,45,9000,45,9000,45,9000,45,9000,25,9000,25,9000,25,9000),('Mood',470,3,3,3,3,3,3,3,3,3,3,3,3,3,3,3,3,3,3,3,3,3,3,3,3),('LivingCost',471,60,300,45,250,60,300,60,300,60,300,45,250,45,250,60,300,60,300,45,370,45,370,45,370),('Mood',472,1,1,2,2,1,1,1,1,1,1,2,2,2,2,1,1,2,2,1,1,1,1,2,2),('LivingCost',473,20,460,25,550,25,360,25,360,25,360,25,550,25,550,20,460,20,460,20,550,20,550,20,550),('Mood',474,1,1,2,2,1,1,1,1,1,1,2,2,2,2,1,1,2,2,1,1,1,1,2,2),('LivingCost',475,60,300,60,345,30,450,30,450,30,450,60,345,60,345,60,300,60,300,55,345,55,345,55,345),('Mood',476,2,2,2,2,3,3,3,3,3,3,2,2,2,2,3,3,2,2,3,3,3,3,2,2),('LivingCost',477,20,455,25,375,20,455,20,455,20,455,25,375,25,375,20,455,20,455,25,400,25,400,25,400),('Mood',478,1,1,2,2,1,1,1,1,1,1,2,2,2,2,1,1,1,1,1,1,1,1,1,1),('LivingCost',479,45,650,50,700,50,650,50,650,50,650,50,700,50,700,45,650,45,650,45,700,45,700,45,700),('Mood',480,3,3,3,3,3,3,3,3,3,3,3,3,3,3,3,3,3,3,3,3,3,3,3,3),('LivingCost',481,20,710,35,710,35,585,35,585,35,585,35,710,35,710,20,710,20,710,35,585,35,585,35,585),('Mood',482,2,2,2,2,2,2,2,2,2,2,2,2,2,2,2,2,2,2,2,2,2,2,2,2),('LivingCost',483,25,415,30,415,20,300,20,300,20,300,30,415,30,415,25,415,25,415,30,280,30,280,30,280),('Mood',484,2,2,3,3,2,2,2,2,2,2,3,3,3,3,2,2,2,2,2,2,2,2,2,2),('LivingCost',485,30,440,35,440,20,360,20,360,20,360,35,440,35,440,30,440,30,440,20,550,20,550,20,550),('Mood',486,1,1,2,2,1,1,1,1,1,1,2,2,2,2,1,1,1,1,1,1,1,1,1,1),('LivingCost',487,55,310,45,250,55,310,55,310,55,310,45,250,45,250,55,310,55,310,45,370,45,370,45,370),('Mood',488,1,1,2,2,1,1,1,1,1,1,2,2,2,2,1,1,1,1,1,1,1,1,1,1),('LivingCost',489,25,410,30,410,20,305,20,305,20,305,30,410,30,410,25,410,25,410,30,280,30,280,30,280),('Mood',490,1,1,2,2,1,1,1,1,1,1,2,2,2,2,1,1,1,1,1,1,1,1,1,1),('LivingCost',491,20,430,25,375,20,430,20,430,20,430,25,375,25,375,20,430,20,430,25,400,25,400,25,400),('Mood',492,1,1,2,2,1,1,1,1,1,1,2,2,2,2,1,1,1,1,1,1,1,1,1,1),('LivingCost',493,30,410,25,410,20,300,20,300,20,300,25,410,25,410,30,410,30,410,30,280,30,280,30,280),('Mood',494,1,1,2,2,1,1,1,1,1,1,2,2,2,2,1,1,1,1,1,1,1,1,1,1),('LivingCost',495,25,415,25,415,20,300,20,300,20,300,25,415,25,415,25,415,25,415,25,295,25,295,25,295),('Mood',496,1,1,1,1,1,1,1,1,1,1,1,1,1,1,1,1,1,1,1,1,1,1,1,1),('LivingCost',497,30,440,35,440,20,360,20,360,20,360,35,440,35,440,30,440,30,440,20,550,20,550,20,550),('Mood',498,2,2,2,2,2,2,2,2,2,2,2,2,2,2,2,2,2,2,2,2,2,2,2,2),('LivingCost',499,60,300,60,345,30,450,30,450,30,450,60,345,60,345,60,300,60,300,55,345,55,345,55,345),('Mood',500,2,2,3,3,2,2,2,2,2,2,3,3,3,3,2,2,3,3,2,2,2,2,3,3),('LivingCost',501,30,440,35,440,20,360,20,360,20,360,35,440,35,440,30,440,30,440,20,550,20,550,20,550),('Mood',502,2,2,2,2,2,2,2,2,2,2,2,2,2,2,2,2,2,2,2,2,2,2,2,2),('LivingCost',503,45,550,50,600,50,550,50,550,50,550,50,600,50,600,45,550,45,550,45,600,45,600,45,600),('Mood',504,2,2,2,2,2,2,2,2,2,2,2,2,2,2,2,2,2,2,2,2,2,2,2,2),('LivingCost',505,40,200,40,160,40,200,40,200,40,200,40,160,40,160,40,200,40,200,40,180,40,180,40,180),('Mood',506,1,1,1,1,1,1,1,1,1,1,1,1,1,1,1,1,1,1,1,1,1,1,1,1),('LivingCost',507,25,415,30,415,20,300,20,300,20,300,30,415,30,415,25,415,25,415,30,280,30,280,30,280),('Mood',508,1,1,1,1,1,1,1,1,1,1,1,1,1,1,1,1,1,1,1,1,1,1,1,1),('LivingCost',509,20,460,35,710,20,360,20,360,20,360,35,710,35,710,20,460,20,460,20,550,20,550,20,550),('Mood',510,1,1,1,1,1,1,1,1,1,1,1,1,1,1,1,1,1,1,1,1,1,1,1,1),('LivingCost',511,70,340,60,700,55,500,55,500,55,500,60,700,60,700,70,340,70,340,40,600,40,600,40,600),('Mood',512,3,3,3,3,3,3,3,3,3,3,3,3,3,3,3,3,3,3,3,3,3,3,3,3),('LivingCost',513,25,250,20,560,25,190,25,190,25,190,20,560,20,560,25,250,25,250,20,250,20,250,20,250),('Mood',514,1,1,2,2,1,1,1,1,1,1,2,2,2,2,1,1,1,1,1,1,1,1,2,2),('LivingCost',515,25,185,25,620,25,515,25,515,25,515,25,620,25,620,25,185,25,185,15,400,15,400,15,400),('Mood',516,1,1,2,2,1,1,1,1,1,1,3,3,2,2,1,1,2,2,2,2,2,2,2,2),('LivingCost',517,20,130,15,135,15,135,15,135,15,135,15,135,15,135,20,130,20,130,15,135,15,135,15,135),('Mood',518,1,1,1,1,1,1,1,1,1,1,1,1,1,1,1,1,1,1,1,1,1,1,1,1),('LivingCost',519,15,320,20,210,15,440,15,440,15,440,20,210,20,210,15,320,15,320,20,210,20,210,20,210),('Mood',520,2,2,3,3,1,1,1,1,1,1,3,3,2,2,1,1,2,2,1,1,2,2,3,3),('LivingCost',521,15,680,15,415,25,820,25,820,25,820,15,415,15,415,15,680,15,680,10,435,10,435,10,435),('Mood',522,3,3,3,3,3,3,3,3,3,3,3,3,3,3,3,3,3,3,3,3,3,3,3,3),('LivingCost',523,50,70,25,125,35,80,35,80,35,80,25,125,25,125,50,70,50,70,25,125,25,125,25,125),('Mood',524,1,1,1,1,1,1,1,1,1,1,1,1,1,1,1,1,1,1,1,1,1,1,1,1),('LivingCost',525,35,165,25,240,30,145,30,145,30,145,25,240,25,240,35,165,35,165,20,220,20,220,20,220),('Mood',526,2,2,2,2,2,2,2,2,2,2,2,2,2,2,2,2,2,2,2,2,2,2,2,2),('LivingCost',527,45,315,30,460,45,1375,45,1375,45,1375,30,460,30,460,45,315,45,315,30,535,30,535,30,535),('Mood',528,1,1,1,1,2,2,2,2,2,2,1,1,1,1,2,2,1,1,2,2,1,1,1,1),('LivingCost',529,25,450,20,560,25,190,25,190,25,190,20,560,20,560,25,450,25,450,20,250,20,250,20,250),('Mood',530,1,1,1,1,2,2,2,2,2,2,1,1,1,1,2,2,1,1,2,2,1,1,1,1),('LivingCost',531,15,680,15,390,25,805,25,805,25,805,15,390,15,390,15,680,15,680,15,435,15,435,15,435),('Mood',532,3,3,3,3,3,3,3,3,3,3,3,3,3,3,3,3,3,3,3,3,3,3,3,3),('LivingCost',533,15,325,20,210,15,440,15,440,15,440,20,210,20,210,15,325,15,325,25,210,25,210,25,210),('Mood',534,1,1,2,2,2,2,2,2,2,2,1,1,1,1,2,2,1,1,2,2,1,1,1,1),('LivingCost',535,35,315,35,460,45,965,45,965,45,965,35,460,35,460,35,315,35,315,30,535,30,535,30,535),('Mood',536,2,2,2,2,2,2,2,2,2,2,2,2,2,2,2,2,2,2,2,2,2,2,2,2),('LivingCost',537,20,230,15,235,15,235,15,235,15,235,15,235,15,235,20,230,20,230,15,235,15,235,15,235),('Mood',538,1,1,2,2,2,2,2,2,2,2,1,1,1,1,2,2,1,1,1,1,1,1,2,2),('LivingCost',539,20,680,20,390,25,765,25,765,25,765,20,390,20,390,20,680,20,680,20,435,20,435,20,435),('Mood',540,3,3,2,2,3,3,3,3,3,3,2,2,2,2,3,3,3,3,3,3,3,3,2,2),('LivingCost',541,25,430,25,560,25,190,25,190,25,190,25,560,25,560,25,430,25,430,25,250,25,250,25,250),('Mood',542,1,1,2,2,1,1,1,1,1,1,1,1,1,1,1,1,1,1,1,1,1,1,1,1),('LivingCost',543,15,320,20,210,15,440,15,440,15,440,20,210,20,210,15,320,15,320,25,210,25,210,25,210),('Mood',544,2,2,2,2,3,3,2,2,3,3,2,2,2,2,2,2,2,2,2,2,2,2,2,2),('LivingCost',545,25,430,20,520,25,240,25,240,25,240,20,520,20,520,25,430,25,430,20,280,20,280,20,280),('Mood',546,2,2,2,2,3,3,2,2,3,3,2,2,2,2,2,2,2,2,2,2,2,2,2,2),('LivingCost',547,15,680,15,495,25,795,25,795,25,795,15,495,15,495,15,680,15,680,15,525,15,525,15,525),('Mood',548,3,3,3,3,3,3,3,3,3,3,3,3,3,3,3,3,3,3,3,3,3,3,3,3),('LivingCost',549,15,320,20,215,15,440,15,440,15,440,20,215,20,215,15,320,15,320,20,215,20,215,20,215),('Mood',550,2,2,2,2,2,2,2,2,2,2,2,2,2,2,2,2,2,2,2,2,2,2,2,2),('LivingCost',551,15,325,20,210,15,440,15,440,15,440,20,210,20,210,15,325,15,325,25,210,25,210,25,210),('Mood',552,1,1,1,1,2,2,1,1,1,1,1,1,1,1,1,1,1,1,2,2,2,2,2,2),('LivingCost',553,25,350,20,460,25,190,25,190,25,190,20,460,20,460,25,350,25,350,20,250,20,250,20,250),('Mood',554,2,2,2,2,1,1,1,1,1,1,2,2,3,3,1,1,3,3,1,1,1,1,2,2),('LivingCost',555,15,675,15,595,20,780,20,780,20,780,15,595,15,595,15,675,15,675,15,630,15,630,15,630),('Mood',556,3,3,3,3,3,3,3,3,3,3,3,3,3,3,3,3,3,3,3,3,3,3,3,3),('LivingCost',557,25,450,20,445,25,190,25,190,25,190,20,445,20,445,25,450,25,450,20,250,20,250,20,250),('Mood',558,2,2,2,2,2,2,2,2,2,2,2,2,2,2,2,2,2,2,2,2,2,2,2,2),('Temperature',559,10,10,19,19,1,1,0,0,0,0,20,20,17,17,5,5,15,15,4,4,10,10,16,16),('Temperature',560,7,7,15,15,0,0,0,0,-2,-2,16,16,13,13,3,3,11,11,2,2,9,9,13,13),('Temperature',561,1,1,11,11,-1,-1,-4,-4,-3,-3,11,11,8,8,-1,-1,6,6,0,0,6,6,8,8),('Temperature',562,10,10,19,19,1,1,0,0,0,0,20,20,17,17,5,5,15,15,4,4,10,10,16,16),('Temperature',563,1,1,11,11,-1,-1,-4,-4,-3,-3,11,11,8,8,-1,-1,6,6,0,0,6,6,8,8),('Temperature',564,1,1,11,11,-1,-1,-4,-4,-3,-3,11,11,8,8,-1,-1,6,6,0,0,6,6,8,8),('Temperature',565,1,1,11,11,-1,-1,-4,-4,-3,-3,11,11,8,8,-1,-1,6,6,0,0,6,6,8,8),('Temperature',566,9,9,18,18,2,2,0,0,0,0,19,19,16,16,5,5,13,13,4,4,11,11,15,15),('Temperature',567,10,10,20,20,2,2,3,3,2,2,20,20,18,18,6,6,15,15,4,4,10,10,16,16),('Temperature',568,9,9,18,18,2,2,3,3,3,3,19,19,18,18,4,4,14,14,4,4,10,10,15,15),('Temperature',569,8,8,17,17,0,0,0,0,-1,-1,18,18,15,15,4,4,13,13,3,3,10,10,14,14),('Temperature',570,9,9,18,18,3,3,4,4,3,3,18,18,16,16,5,5,14,14,4,4,10,10,15,15),('Temperature',571,12,12,22,22,1,1,3,3,0,0,22,22,19,19,8,8,16,16,5,5,12,12,18,18),('Temperature',572,10,10,18,18,3,3,4,4,4,4,19,19,17,17,6,6,14,14,4,4,9,9,15,15),('Temperature',573,8,8,17,17,0,0,0,0,-1,-1,18,18,15,15,4,4,13,13,3,3,10,10,14,14),('Temperature',574,8,8,17,17,0,0,0,0,-1,-1,18,18,15,15,4,4,13,13,3,3,10,10,14,14),('Temperature',575,8,8,18,18,3,3,4,4,3,3,19,19,17,17,5,5,14,14,3,3,9,9,14,14),('Temperature',576,7,7,17,17,0,0,-1,-1,-1,-1,17,17,15,15,3,3,12,12,2,2,9,9,14,14),('Temperature',577,8,8,17,17,0,0,0,0,-1,-1,18,18,15,15,4,4,13,13,3,3,10,10,14,14),('Temperature',578,8,8,17,17,0,0,0,0,-1,-1,18,18,15,15,4,4,13,13,3,3,10,10,14,14),('Temperature',579,8,8,18,18,2,2,3,3,2,2,18,18,16,16,5,5,13,13,3,3,9,9,14,14),('Temperature',580,7,7,15,15,0,0,0,0,-2,-2,16,16,13,13,3,3,11,11,2,2,9,9,13,13),('Temperature',581,8,8,18,18,0,0,0,0,-1,-1,18,18,16,16,3,3,13,13,3,3,9,9,14,14),('Temperature',582,1,1,11,11,-1,-1,-4,-4,-3,-3,11,11,8,8,-1,-1,6,6,0,0,6,6,8,8),('Temperature',583,12,12,22,22,1,1,3,3,0,0,22,22,19,19,8,8,16,16,5,5,12,12,18,18),('Temperature',584,8,8,18,18,0,0,0,0,-1,-1,18,18,16,16,3,3,13,13,3,3,9,9,14,14),('Temperature',585,1,1,11,11,-1,-1,-4,-4,-3,-3,11,11,8,8,-1,-1,6,6,0,0,6,6,8,8),('Temperature',586,7,7,15,15,0,0,0,0,-2,-2,16,16,13,13,3,3,11,11,2,2,9,9,13,13),('Temperature',587,8,8,17,17,0,0,0,0,-1,-1,18,18,15,15,4,4,13,13,3,3,10,10,14,14),('Temperature',588,13,13,26,26,9,9,8,8,8,8,26,26,24,24,10,10,18,18,12,12,15,15,22,22),('Temperature',589,15,15,26,26,10,10,9,9,8,8,26,26,24,24,12,12,20,20,14,14,19,19,23,23),('Temperature',590,9,9,22,22,3,3,4,4,3,3,21,21,18,18,4,4,14,14,6,6,12,12,16,16),('Temperature',591,14,14,24,24,11,11,9,9,9,9,24,24,22,22,11,11,18,18,14,14,17,17,21,21),('Temperature',592,14,14,26,26,10,10,9,9,9,9,26,26,24,24,11,11,19,19,12,12,16,16,23,23),('Temperature',593,14,14,25,25,8,8,8,8,7,7,25,25,22,22,10,10,18,18,12,12,17,17,21,21),('Temperature',594,13,13,25,25,7,7,5,5,5,5,25,25,22,22,9,9,18,18,11,11,16,16,21,21),('Temperature',595,-5,-5,4,4,-9,-9,-11,-11,-11,-11,3,3,2,2,-9,-9,0,0,-6,-6,-1,-1,1,1),('Temperature',596,4,4,11,11,3,3,4,4,3,3,12,12,8,8,4,4,4,4,4,4,5,5,9,9),('Temperature',597,8,8,18,18,3,3,4,4,4,4,19,19,18,18,3,3,14,14,2,2,7,7,13,13),('Temperature',598,7,7,17,17,3,3,4,4,4,4,18,18,16,16,3,3,13,13,2,2,6,6,12,12),('Temperature',599,6,6,16,16,-4,-4,-6,-6,-6,-6,17,17,15,15,-1,-1,13,13,0,0,6,6,11,11),('Temperature',600,8,8,17,17,4,4,2,2,3,3,17,17,15,15,6,6,12,12,6,6,11,11,14,14),('Temperature',601,8,8,18,18,5,5,3,3,3,3,17,17,15,15,5,5,12,12,8,8,12,12,15,15),('Temperature',602,9,9,17,17,3,3,3,3,2,2,17,17,16,16,5,5,13,13,6,6,10,10,15,15),('Temperature',603,9,9,21,21,4,4,1,1,1,1,21,21,19,19,4,4,14,14,6,6,13,13,18,18),('Temperature',604,5,5,15,15,3,3,4,4,4,4,15,15,13,13,4,4,9,9,3,3,7,7,11,11),('Temperature',605,10,10,22,22,4,4,3,3,3,3,22,22,20,20,6,6,15,15,9,9,14,14,19,19),('Temperature',606,12,12,22,22,3,3,4,4,3,3,23,23,21,21,6,6,17,17,7,7,13,13,18,18),('Temperature',607,9,9,19,19,3,3,4,4,3,3,19,19,17,17,5,5,14,14,5,5,11,11,15,15),('Temperature',608,7,7,14,14,5,5,4,4,4,4,15,15,13,13,6,6,10,10,6,6,9,9,12,12),('Temperature',609,9,9,17,17,7,7,5,5,5,5,18,18,15,15,7,7,12,12,8,8,12,12,15,15),('Temperature',610,8,8,15,15,4,4,4,4,4,4,15,15,13,13,6,6,11,11,6,6,9,9,12,12),('Temperature',611,8,8,16,16,4,4,4,4,3,3,16,16,14,14,6,6,11,11,7,7,10,10,14,14),('Temperature',612,9,9,17,17,5,5,4,4,4,4,16,16,15,15,6,6,12,12,7,7,11,11,14,14),('Temperature',613,7,7,15,15,3,3,3,3,3,3,15,15,13,13,5,5,10,10,5,5,9,9,13,13),('Temperature',614,9,9,18,18,5,5,5,5,5,5,18,18,16,16,7,7,13,13,8,8,12,12,15,15),('Temperature',615,8,8,16,16,4,4,4,4,4,4,16,16,14,14,6,6,11,11,6,6,10,10,13,13),('Temperature',616,8,8,16,16,4,4,4,4,4,4,16,16,15,15,6,6,11,11,6,6,10,10,14,14),('Temperature',617,8,8,15,15,4,4,4,4,3,3,15,15,13,13,6,6,10,10,6,6,9,9,12,12),('Temperature',618,11,11,20,20,2,2,3,3,2,2,20,20,19,19,5,5,16,16,5,5,11,11,16,16),('Temperature',619,11,11,19,19,2,2,3,3,3,3,20,20,19,19,5,5,15,15,4,4,10,10,16,16),('Temperature',620,5,5,15,15,-2,-2,-3,-3,-3,-3,15,15,13,13,0,0,11,11,0,0,7,7,12,12),('Temperature',621,8,8,18,18,2,2,2,2,2,2,19,19,17,17,4,4,13,13,4,4,9,9,14,14),('Temperature',622,7,7,16,16,2,2,1,1,1,1,17,17,14,14,4,4,12,12,5,5,10,10,13,13),('Temperature',623,7,7,17,17,2,2,2,2,2,2,17,17,15,15,4,4,12,12,4,4,9,9,13,13),('Temperature',624,7,7,17,17,2,2,3,3,2,2,17,17,15,15,4,4,12,12,5,5,9,9,14,14),('Temperature',625,7,7,15,15,0,0,0,0,-2,-2,16,16,13,13,3,3,11,11,2,2,9,9,13,13),('Temperature',626,7,7,17,17,1,1,2,2,1,1,17,17,16,16,4,4,12,12,4,4,9,9,14,14),('Temperature',627,8,8,17,17,3,3,2,2,2,2,17,17,16,16,5,5,13,13,5,5,11,11,14,14),('Temperature',628,8,8,18,18,3,3,3,3,2,2,18,18,16,16,6,6,13,13,5,5,10,10,14,14),('Temperature',629,8,8,17,17,2,2,3,3,3,3,17,17,15,15,4,4,12,12,3,3,9,9,14,14),('Temperature',630,9,9,19,19,2,2,3,3,2,2,19,19,17,17,6,6,13,13,4,4,10,10,15,15),('Temperature',631,7,7,17,17,3,3,3,3,3,3,18,18,15,15,4,4,12,12,4,4,9,9,13,13),('Temperature',632,14,14,27,27,12,12,9,9,10,10,27,27,25,25,11,11,19,19,15,15,20,20,24,24),('Temperature',633,16,16,25,25,13,13,12,12,12,12,25,25,23,23,13,13,19,19,16,16,19,19,22,22),('Temperature',634,14,14,24,24,11,11,10,10,9,9,24,24,22,22,11,11,18,18,13,13,18,18,22,22),('Temperature',635,15,15,24,24,13,13,11,11,12,12,24,24,22,22,12,12,18,18,15,15,19,19,22,22),('Temperature',636,16,16,26,26,13,13,11,11,11,11,26,26,24,24,13,13,20,20,16,16,20,20,24,24),('Temperature',637,13,13,24,24,7,7,6,6,5,5,25,25,22,22,9,9,18,18,11,11,16,16,21,21),('Temperature',638,18,18,27,27,14,14,14,14,13,13,26,26,25,25,15,15,21,21,18,18,22,22,26,26),('Temperature',639,5,5,16,16,2,2,2,2,1,1,16,16,15,15,2,2,11,11,4,4,9,9,13,13),('Temperature',640,6,6,15,15,2,2,2,2,2,2,16,16,14,14,3,3,10,10,4,4,9,9,12,12),('Temperature',641,6,6,16,16,2,2,0,0,0,0,16,16,14,14,3,3,11,11,5,5,9,9,13,13),('Temperature',642,5,5,16,16,2,2,0,0,0,0,16,16,14,14,2,2,10,10,5,5,10,10,13,13),('Temperature',643,6,6,15,15,1,1,0,0,0,0,16,16,13,13,2,2,11,11,4,4,9,9,12,12),('Temperature',644,5,5,16,16,1,1,0,0,0,0,17,17,15,15,1,1,11,11,4,4,8,8,13,13),('Temperature',645,9,9,15,15,6,6,6,6,5,5,15,15,13,13,7,7,11,11,8,8,10,10,13,13),('Temperature',646,9,9,16,16,6,6,6,6,6,6,16,16,14,14,7,7,12,12,8,8,11,11,14,14),('Temperature',647,8,8,15,15,5,5,5,5,4,4,15,15,13,13,6,6,11,11,7,7,10,10,13,13),('Temperature',648,9,9,16,16,6,6,6,6,6,6,16,16,14,14,7,7,12,12,8,8,11,11,14,14),('Temperature',649,3,3,10,10,3,3,3,3,3,3,11,11,9,9,3,3,5,5,2,2,3,3,6,6),('Temperature',650,3,3,10,10,2,2,2,2,2,2,10,10,9,9,2,2,6,6,2,2,4,4,7,7),('Temperature',651,4,4,13,13,1,1,1,1,0,0,13,13,12,12,2,2,9,9,4,4,8,8,10,10),('Temperature',652,13,13,23,23,10,10,9,9,8,8,23,23,19,19,11,11,16,16,12,12,17,17,21,21),('Temperature',653,11,11,20,20,10,10,9,9,8,8,20,20,17,17,10,10,15,15,12,12,15,15,18,18),('Temperature',654,15,15,25,25,12,12,12,12,11,11,24,24,22,22,13,13,18,18,14,14,19,19,23,23),('Temperature',655,12,12,25,25,7,7,8,8,6,6,25,25,21,21,10,10,16,16,10,10,15,15,21,21),('Temperature',656,14,14,25,25,13,13,12,12,11,11,25,25,21,21,13,13,18,18,15,15,19,19,23,23),('Temperature',657,14,14,24,24,10,10,10,10,9,9,24,24,21,21,11,11,17,17,13,13,17,17,21,21),('Temperature',658,12,12,24,24,6,6,7,7,6,6,24,24,21,21,10,10,16,16,9,9,14,14,20,20),('Temperature',659,15,15,25,25,13,13,12,12,11,11,25,25,22,22,13,13,18,18,15,15,19,19,23,23),('Temperature',660,19,19,25,25,19,19,18,18,17,17,24,24,22,22,18,18,20,20,21,21,23,23,24,24),('Temperature',661,16,16,27,27,11,11,12,12,10,10,27,27,23,23,14,14,19,19,14,14,19,19,24,24),('Temperature',662,11,11,22,22,7,7,7,7,6,6,22,22,19,19,10,10,15,15,10,10,15,15,19,19),('Temperature',663,12,12,23,23,3,3,4,4,3,3,24,24,21,21,8,8,17,17,7,7,14,14,20,20),('Temperature',664,12,12,22,22,3,3,4,4,3,3,22,22,20,20,7,7,16,16,7,7,13,13,18,18),('Temperature',665,12,12,22,22,3,3,4,4,3,3,23,23,20,20,8,8,16,16,7,7,13,13,19,19),('Temperature',666,13,13,24,24,9,9,9,9,8,8,24,24,20,20,11,11,17,17,12,12,16,16,21,21),('Temperature',667,13,13,23,23,11,11,9,9,9,9,23,23,20,20,10,10,16,16,14,14,17,17,21,21),('Temperature',668,13,13,25,25,11,11,10,10,9,9,24,24,21,21,11,11,17,17,13,13,18,18,22,22),('Temperature',669,14,14,24,24,11,11,10,10,10,10,24,24,21,21,11,11,17,17,14,14,18,18,22,22),('Temperature',670,12,12,22,22,3,3,4,4,3,3,23,23,20,20,8,8,16,16,6,6,13,13,18,18),('Temperature',671,13,13,23,23,9,9,8,8,8,8,23,23,20,20,10,10,17,17,12,12,16,16,20,20),('Temperature',672,15,15,26,26,13,13,12,12,11,11,25,25,22,22,13,13,18,18,16,16,20,20,24,24),('Temperature',673,12,12,22,22,7,7,7,7,6,6,22,22,19,19,9,9,16,16,10,10,15,15,20,20),('Temperature',674,12,12,24,24,8,8,8,8,7,7,24,24,21,21,10,10,17,17,11,11,16,16,20,20),('Temperature',675,12,12,22,22,4,4,5,5,2,2,23,23,20,20,8,8,16,16,9,9,14,14,19,19),('Temperature',676,13,13,23,23,6,6,7,7,5,5,24,24,21,21,9,9,17,17,10,10,15,15,20,20),('Temperature',677,17,17,28,28,14,14,13,13,12,12,27,27,25,25,14,14,21,21,18,18,22,22,26,26),('Temperature',678,17,17,27,27,13,13,11,11,12,12,27,27,25,25,13,13,21,21,17,17,22,22,25,25),('Temperature',679,18,18,28,28,14,14,13,13,13,13,27,27,25,25,15,15,21,21,18,18,23,23,25,25),('Temperature',680,17,17,29,29,12,12,10,10,10,10,29,29,26,26,13,13,22,22,16,16,22,22,26,26),('Temperature',681,16,16,28,28,11,11,10,10,9,9,28,28,25,25,12,12,21,21,16,16,21,21,25,25),('Temperature',682,16,16,28,28,11,11,10,10,9,9,28,28,25,25,12,12,21,21,16,16,21,21,25,25),('Temperature',683,5,5,16,16,3,3,6,6,6,6,17,17,15,15,4,4,12,12,2,2,6,6,11,11),('Temperature',684,4,4,16,16,-2,-2,-4,-4,-5,-5,17,17,16,16,-1,-1,11,11,0,0,6,6,12,12),('Temperature',685,5,5,16,16,2,2,2,2,1,1,16,16,14,14,2,2,10,10,3,3,8,8,12,12),('Temperature',686,5,5,16,16,2,2,4,4,5,5,17,17,15,15,3,3,11,11,2,2,7,7,12,12),('Temperature',687,4,4,16,16,-2,-2,-4,-4,-5,-5,17,17,16,16,-1,-1,11,11,0,0,6,6,12,12),('Temperature',688,6,6,16,16,2,2,4,4,6,6,17,17,15,15,3,3,12,12,2,2,6,6,12,12),('Temperature',689,6,6,16,16,2,2,4,4,5,5,17,17,15,15,3,3,12,12,2,2,7,7,12,12),('Temperature',690,5,5,16,16,2,2,2,2,2,2,16,16,14,14,2,2,10,10,3,3,8,8,13,13),('Temperature',691,5,5,16,16,0,0,-2,-2,-1,-1,16,16,13,13,1,1,11,11,3,3,9,9,13,13),('Temperature',692,9,9,18,18,2,2,0,0,0,0,19,19,16,16,5,5,13,13,4,4,11,11,15,15),('Temperature',693,8,8,17,17,3,3,3,3,3,3,17,17,15,15,5,5,13,13,4,4,10,10,14,14),('Temperature',694,9,9,18,18,2,2,0,0,0,0,19,19,16,16,5,5,13,13,4,4,11,11,15,15),('Temperature',695,9,9,18,18,2,2,0,0,0,0,19,19,16,16,5,5,13,13,4,4,11,11,15,15),('Temperature',696,8,8,17,17,2,2,0,0,0,0,17,17,15,15,5,5,12,12,4,4,10,10,14,14),('Temperature',697,8,8,17,17,2,2,0,0,0,0,17,17,15,15,5,5,12,12,4,4,10,10,14,14),('Temperature',698,8,8,17,17,2,2,0,0,0,0,17,17,15,15,5,5,12,12,4,4,10,10,14,14),('Temperature',699,8,8,17,17,2,2,0,0,0,0,17,17,15,15,5,5,12,12,4,4,10,10,14,14),('Temperature',700,12,12,23,23,3,3,5,5,4,4,23,23,21,21,7,7,17,17,6,6,13,13,19,19),('Temperature',701,15,15,26,26,13,13,12,12,12,12,25,25,22,22,13,13,18,18,16,16,20,20,23,23),('Temperature',702,15,15,26,26,14,14,12,12,12,12,25,25,22,22,13,13,18,18,17,17,21,21,24,24),('Temperature',703,15,15,26,26,14,14,12,12,12,12,25,25,22,22,13,13,18,18,17,17,21,21,24,24),('Temperature',704,15,15,26,26,14,14,12,12,12,12,25,25,22,22,13,13,18,18,17,17,21,21,24,24),('Temperature',705,10,10,22,22,2,2,3,3,2,2,22,22,20,20,4,4,16,16,4,4,10,10,16,16),('Temperature',706,10,10,21,21,3,3,3,3,3,3,21,21,19,19,4,4,16,16,4,4,10,10,16,16),('Temperature',707,12,12,22,22,8,8,8,8,7,7,22,22,20,20,10,10,16,16,11,11,16,16,20,20),('Temperature',708,13,13,22,22,9,9,9,9,8,8,22,22,19,19,10,10,16,16,12,12,17,17,20,20),('Temperature',709,9,9,17,17,3,3,3,3,3,3,17,17,15,15,6,6,12,12,6,6,11,11,14,14),('Temperature',710,8,8,17,17,4,4,2,2,2,2,17,17,14,14,5,5,12,12,7,7,11,11,14,14),('Temperature',711,8,8,17,17,4,4,2,2,2,2,17,17,14,14,5,5,12,12,7,7,11,11,14,14),('Temperature',712,8,8,17,17,2,2,3,3,2,2,17,17,15,15,5,5,12,12,6,6,11,11,14,14),('Temperature',713,8,8,17,17,4,4,2,2,3,3,17,17,15,15,6,6,12,12,6,6,11,11,14,14),('Temperature',714,9,9,17,17,3,3,3,3,2,2,17,17,15,15,6,6,12,12,6,6,10,10,14,14),('Temperature',715,9,9,22,22,1,1,-1,-1,-1,-1,22,22,19,19,3,3,14,14,6,6,12,12,19,19),('Temperature',716,8,8,15,15,2,2,2,2,2,2,15,15,13,13,6,6,11,11,4,4,8,8,12,12),('Temperature',717,5,5,17,17,2,2,3,3,4,4,19,19,17,17,4,4,12,12,2,2,6,6,12,12),('Temperature',718,3,3,11,11,8,8,8,8,8,8,13,13,10,10,5,5,6,6,3,3,2,2,7,7),('Temperature',719,6,6,15,15,3,3,2,2,2,2,15,15,12,12,2,2,10,10,5,5,9,9,12,12),('Temperature',720,2,2,10,10,3,3,4,4,4,4,12,12,9,9,2,2,4,4,1,1,2,2,6,6),('Temperature',721,4,4,13,13,3,3,3,3,3,3,14,14,13,13,3,3,9,9,2,2,6,6,10,10),('Temperature',722,8,8,18,18,2,2,3,3,3,3,19,19,17,17,3,3,14,14,2,2,8,8,14,14),('Temperature',723,8,8,16,16,1,1,2,2,2,2,17,17,15,15,3,3,13,13,4,4,9,9,13,13),('Temperature',724,9,9,19,19,2,2,3,3,3,3,19,19,17,17,4,4,14,14,2,2,9,9,14,14),('Temperature',725,8,8,18,18,-2,-2,-4,-4,-5,-5,19,19,16,16,1,1,13,13,2,2,8,8,13,13),('Temperature',726,9,9,19,19,2,2,3,3,3,3,19,19,18,18,4,4,15,15,5,5,10,10,15,15),('Temperature',727,9,9,17,17,-3,-3,-5,-5,-6,-6,18,18,16,16,1,1,13,13,2,2,8,8,13,13),('Temperature',728,15,15,23,23,12,12,12,12,11,11,23,23,21,21,14,14,18,18,15,15,18,18,22,22),('Temperature',729,17,17,23,23,17,17,16,16,16,16,22,22,20,20,17,17,18,18,19,19,21,21,23,23),('Temperature',730,13,13,23,23,9,9,10,10,9,9,23,23,20,20,11,11,16,16,12,12,17,17,21,21),('Temperature',731,2,2,14,14,-1,-1,-4,-4,-4,-4,15,15,13,13,-2,-2,8,8,2,2,6,6,10,10),('Temperature',732,3,3,12,12,10,10,11,11,11,11,15,15,12,12,6,6,6,6,6,6,2,2,6,6),('Temperature',733,4,4,15,15,4,4,7,7,6,6,16,16,14,14,3,3,9,9,2,2,4,4,9,9),('Temperature',734,4,4,16,16,2,2,5,5,4,4,17,17,14,14,3,3,10,10,2,2,6,6,11,11),('Temperature',735,4,4,16,16,2,2,4,4,3,3,17,17,14,14,2,2,10,10,2,2,6,6,11,11),('Temperature',736,11,11,19,19,8,8,8,8,8,8,19,19,17,17,9,9,14,14,11,11,15,15,18,18),('Temperature',737,12,12,22,22,8,8,8,8,7,7,22,22,19,19,10,10,15,15,11,11,16,16,19,19),('Temperature',738,8,8,18,18,1,1,0,0,0,0,19,19,15,15,4,4,12,12,5,5,10,10,15,15),('Temperature',739,8,8,18,18,1,1,0,0,0,0,19,19,15,15,4,4,12,12,5,5,10,10,15,15),('Temperature',740,8,8,18,18,1,1,0,0,0,0,19,19,15,15,4,4,12,12,5,5,10,10,15,15),('Temperature',741,9,9,18,18,4,4,4,4,3,3,18,18,16,16,7,7,13,13,7,7,11,11,15,15),('Temperature',742,10,10,21,21,4,4,4,4,3,3,21,21,18,18,7,7,14,14,6,6,12,12,17,17),('Temperature',743,13,13,24,24,7,7,8,8,7,7,24,24,21,21,11,11,18,18,11,11,16,16,20,20),('Temperature',744,12,12,22,22,8,8,8,8,7,7,22,22,20,20,10,10,16,16,11,11,16,16,20,20),('Temperature',745,13,13,24,24,10,10,9,9,9,9,23,23,20,20,11,11,17,17,12,12,17,17,20,20),('Temperature',746,10,10,20,20,5,5,5,5,4,4,20,20,18,18,8,8,14,14,7,7,12,12,16,16),('Temperature',747,9,9,19,19,2,2,3,3,2,2,19,19,17,17,6,6,14,14,5,5,10,10,15,15),('Temperature',748,11,11,21,21,6,6,7,7,5,5,21,21,18,18,9,9,15,15,9,9,14,14,18,18),('Temperature',749,8,8,18,18,1,1,0,0,0,0,19,19,15,15,4,4,12,12,5,5,10,10,15,15),('Temperature',750,13,13,25,25,10,10,10,10,10,10,25,25,22,22,11,11,18,18,13,13,18,18,22,22),('Temperature',751,10,10,19,19,3,3,4,4,3,3,20,20,18,18,6,6,15,15,5,5,11,11,16,16),('Temperature',752,12,12,23,23,6,6,5,5,4,4,23,23,19,19,8,8,16,16,9,9,15,15,19,19),('Temperature',753,12,12,23,23,7,7,6,6,6,6,23,23,20,20,8,8,16,16,10,10,16,16,19,19),('Temperature',754,12,12,23,23,6,6,5,5,4,4,23,23,19,19,8,8,16,16,9,9,15,15,19,19),('Temperature',755,14,14,24,24,10,10,8,8,8,8,24,24,22,22,10,10,18,18,13,13,17,17,21,21),('Temperature',756,12,12,23,23,6,6,5,5,4,4,23,23,19,19,8,8,16,16,9,9,15,15,19,19),('Temperature',757,13,13,24,24,9,9,7,7,7,7,24,24,21,21,10,10,17,17,12,12,17,17,21,21),('Temperature',758,13,13,24,24,9,9,7,7,7,7,24,24,21,21,10,10,17,17,12,12,17,17,21,21),('Temperature',759,13,13,24,24,9,9,7,7,7,7,24,24,21,21,10,10,17,17,12,12,17,17,21,21),('Temperature',760,14,14,27,27,8,8,7,7,5,5,27,27,23,23,9,9,19,19,11,11,16,16,22,22),('Temperature',761,13,13,24,24,9,9,7,7,7,7,24,24,21,21,10,10,17,17,12,12,17,17,21,21),('Temperature',762,14,14,24,24,9,9,8,8,7,7,24,24,21,21,11,11,18,18,12,12,17,17,21,21),('Temperature',763,13,13,24,24,9,9,7,7,7,7,24,24,21,21,10,10,17,17,12,12,17,17,21,21),('Temperature',764,9,9,18,18,2,2,3,3,2,2,18,18,17,17,4,4,13,13,3,3,9,9,14,14),('Temperature',765,6,6,15,15,0,0,-1,-1,-2,-2,16,16,15,15,2,2,11,11,2,2,7,7,12,12),('Temperature',766,7,7,16,16,0,0,-1,-1,-2,-2,17,17,14,14,2,2,12,12,1,1,8,8,13,13),('Temperature',767,7,7,17,17,1,1,2,2,2,2,17,17,15,15,3,3,12,12,2,2,8,8,13,13),('Temperature',768,8,8,18,18,2,2,3,3,2,2,19,19,16,16,4,4,13,13,3,3,9,9,14,14),('Temperature',769,7,7,16,16,0,0,-1,-1,-2,-2,17,17,14,14,2,2,12,12,1,1,8,8,13,13),('Temperature',770,7,7,17,17,0,0,-1,-1,-1,-1,17,17,15,15,3,3,12,12,2,2,9,9,14,14),('Temperature',771,9,9,18,18,2,2,3,3,2,2,18,18,16,16,5,5,13,13,5,5,10,10,15,15),('Temperature',772,7,7,17,17,2,2,3,3,2,2,17,17,15,15,4,4,12,12,3,3,9,9,14,14),('Temperature',773,9,9,18,18,2,2,3,3,2,2,19,19,16,16,5,5,13,13,5,5,10,10,15,15),('Temperature',774,7,7,16,16,2,2,3,3,3,3,17,17,15,15,4,4,11,11,3,3,9,9,13,13),('Temperature',775,9,9,18,18,2,2,2,2,2,2,19,19,16,16,5,5,13,13,5,5,11,11,15,15),('Temperature',776,8,8,17,17,2,2,3,3,2,2,18,18,16,16,4,4,12,12,4,4,9,9,14,14),('Temperature',777,7,7,16,16,2,2,3,3,3,3,17,17,15,15,4,4,12,12,3,3,9,9,14,14),('Temperature',778,4,4,15,15,2,2,2,2,2,2,16,16,14,14,2,2,9,9,3,3,8,8,12,12),('Temperature',779,5,5,16,16,3,3,3,3,2,2,16,16,14,14,3,3,11,11,3,3,8,8,12,12),('Temperature',780,6,6,16,16,2,2,2,2,2,2,17,17,15,15,3,3,11,11,5,5,9,9,13,13),('Temperature',781,4,4,16,16,2,2,2,2,2,2,17,17,16,16,2,2,11,11,2,2,7,7,12,12),('Temperature',782,4,4,15,15,2,2,4,4,4,4,16,16,14,14,3,3,10,10,2,2,6,6,11,11),('Temperature',783,4,4,15,15,-5,-5,-6,-6,-7,-7,17,17,14,14,-1,-1,11,11,0,0,6,6,10,10),('Temperature',784,3,3,16,16,-5,-5,-7,-7,-7,-7,17,17,15,15,-2,-2,10,10,-1,-1,5,5,11,11),('Temperature',785,3,3,15,15,2,2,5,5,5,5,17,17,14,14,3,3,9,9,2,2,6,6,11,11),('Temperature',786,4,4,15,15,4,4,6,6,7,7,16,16,14,14,3,3,10,10,2,2,5,5,10,10);
/*!40000 ALTER TABLE `DependingMonthProperty` ENABLE KEYS */;
UNLOCK TABLES;

--
-- Table structure for table `PropertyType`
--

DROP TABLE IF EXISTS `PropertyType`;
/*!40101 SET @saved_cs_client     = @@character_set_client */;
/*!40101 SET character_set_client = utf8 */;
CREATE TABLE `PropertyType` (
  `id` int(11) NOT NULL AUTO_INCREMENT,
  `betterWhenLess` bit(1) DEFAULT NULL,
  `dependingMonth` bit(1) DEFAULT NULL,
  `minimumValue` int(11) DEFAULT NULL,
  `maximumValue` int(11) DEFAULT NULL,
  `name` varchar(255) DEFAULT NULL,
  PRIMARY KEY (`id`),
  UNIQUE KEY `name` (`name`)
) ENGINE=Memory AUTO_INCREMENT=10 DEFAULT CHARSET=utf8;
/*!40101 SET character_set_client = @saved_cs_client */;

--
-- Dumping data for table `PropertyType`
--

LOCK TABLES `PropertyType` WRITE;
/*!40000 ALTER TABLE `PropertyType` DISABLE KEYS */;
INSERT INTO `PropertyType` VALUES (1,'','\0',0,30,'cost'),(2,'','\0',0,30,'alcohol'),(3,'','\0',0,1,'russian'),(4,'','\0',0,1,'visa'),(5,'','\0',0,3,'sex'),(6,'','\0',0,3,'security'),(7,'','',0,999,'livingCost'),(8,'','',0,3,'mood'),(9,'','',-35,35,'temperature');
/*!40000 ALTER TABLE `PropertyType` ENABLE KEYS */;
UNLOCK TABLES;
/*!40103 SET TIME_ZONE=@OLD_TIME_ZONE */;

/*!40101 SET SQL_MODE=@OLD_SQL_MODE */;
/*!40014 SET FOREIGN_KEY_CHECKS=@OLD_FOREIGN_KEY_CHECKS */;
/*!40014 SET UNIQUE_CHECKS=@OLD_UNIQUE_CHECKS */;
/*!40101 SET CHARACTER_SET_CLIENT=@OLD_CHARACTER_SET_CLIENT */;
/*!40101 SET CHARACTER_SET_RESULTS=@OLD_CHARACTER_SET_RESULTS */;
/*!40101 SET COLLATION_CONNECTION=@OLD_COLLATION_CONNECTION */;
/*!40111 SET SQL_NOTES=@OLD_SQL_NOTES */;

-- Dump completed on 2012-08-29 14:20:47
