-- phpMyAdmin SQL Dump
-- version 3.3.7deb7
-- http://www.phpmyadmin.net
--
-- Хост: localhost
-- Время создания: Июл 31 2012 г., 11:29
-- Версия сервера: 5.1.63
-- Версия PHP: 5.3.3-7+squeeze13

SET SQL_MODE="NO_AUTO_VALUE_ON_ZERO";


/*!40101 SET @OLD_CHARACTER_SET_CLIENT=@@CHARACTER_SET_CLIENT */;
/*!40101 SET @OLD_CHARACTER_SET_RESULTS=@@CHARACTER_SET_RESULTS */;
/*!40101 SET @OLD_COLLATION_CONNECTION=@@COLLATION_CONNECTION */;
/*!40101 SET NAMES utf8 */;

--
-- База данных: `globerry`
--

-- --------------------------------------------------------



--
-- Структура таблицы `DependingMonthProperty`
--

CREATE TABLE IF NOT EXISTS `DependingMonthProperty` (
  `PROPERTY_TYPE` varchar(31) NOT NULL,
  `id` bigint(20) NOT NULL AUTO_INCREMENT,
  `APRIL_value_left` int(11) DEFAULT NULL,
  `APRIL_value_right` int(11) DEFAULT NULL,
  `AUGUST_value_left` int(11) DEFAULT NULL,
  `AUGUST_value_right` int(11) DEFAULT NULL,
  `DECEMBER_value_left` int(11) DEFAULT NULL,
  `DECEMBER_value_right` int(11) DEFAULT NULL,
  `FEBRUARY_value_left` int(11) DEFAULT NULL,
  `FEBRUARY_value_right` int(11) DEFAULT NULL,
  `JANUARY_value_left` int(11) DEFAULT NULL,
  `JANUARY_value_right` int(11) DEFAULT NULL,
  `JULY_value_left` int(11) DEFAULT NULL,
  `JULY_value_right` int(11) DEFAULT NULL,
  `JUNE_value_left` int(11) DEFAULT NULL,
  `JUNE_value_right` int(11) DEFAULT NULL,
  `MARCH_value_left` int(11) DEFAULT NULL,
  `MARCH_value_right` int(11) DEFAULT NULL,
  `MAY_value_left` int(11) DEFAULT NULL,
  `MAY_value_right` int(11) DEFAULT NULL,
  `NOVEMBER_value_left` int(11) DEFAULT NULL,
  `NOVEMBER_value_right` int(11) DEFAULT NULL,
  `OCTOBER_value_left` int(11) DEFAULT NULL,
  `OCTOBER_value_right` int(11) DEFAULT NULL,
  `SEPTEMBER_value_left` int(11) DEFAULT NULL,
  `SEPTEMBER_value_right` int(11) DEFAULT NULL,
  PRIMARY KEY (`id`),
  KEY `APRIL_value_left_2` (`APRIL_value_left`,`APRIL_value_right`),
  KEY `AUGUST_value_left` (`AUGUST_value_left`,`AUGUST_value_right`),
  KEY `DECEMBER_value_left` (`DECEMBER_value_left`,`DECEMBER_value_right`),
  KEY `FEBRUARY_value_left` (`FEBRUARY_value_left`,`FEBRUARY_value_right`),
  KEY `JANUARY_value_left` (`JANUARY_value_left`,`JANUARY_value_right`),
  KEY `JULY_value_left` (`JULY_value_left`,`JULY_value_right`),
  KEY `JUNE_value_left` (`JUNE_value_left`,`JUNE_value_right`),
  KEY `MARCH_value_left` (`MARCH_value_left`,`MARCH_value_right`),
  KEY `MAY_value_left` (`MAY_value_left`,`MAY_value_right`),
  KEY `NOVEMBER_value_left` (`NOVEMBER_value_left`,`NOVEMBER_value_right`),
  KEY `OCTOBER_value_left` (`OCTOBER_value_left`,`OCTOBER_value_right`),
  KEY `SEPTEMBER_value_left` (`SEPTEMBER_value_left`,`SEPTEMBER_value_right`),
  KEY `PROPERTY_TYPE` (`PROPERTY_TYPE`)
) ENGINE=MEMORY   DEFAULT CHARSET=cp1251 AUTO_INCREMENT=774 ;

--
-- Дамп данных таблицы `DependingMonthProperty`
--

INSERT INTO `DependingMonthProperty` (`PROPERTY_TYPE`, `id`, `APRIL_value_left`, `APRIL_value_right`, `AUGUST_value_left`, `AUGUST_value_right`, `DECEMBER_value_left`, `DECEMBER_value_right`, `FEBRUARY_value_left`, `FEBRUARY_value_right`, `JANUARY_value_left`, `JANUARY_value_right`, `JULY_value_left`, `JULY_value_right`, `JUNE_value_left`, `JUNE_value_right`, `MARCH_value_left`, `MARCH_value_right`, `MAY_value_left`, `MAY_value_right`, `NOVEMBER_value_left`, `NOVEMBER_value_right`, `OCTOBER_value_left`, `OCTOBER_value_right`, `SEPTEMBER_value_left`, `SEPTEMBER_value_right`) VALUES
('LivingCost', 1, 50, 160, 63, 120, 50, 160, 50, 160, 50, 160, 63, 220, 52, 160, 63, 160, 63, 170, 50, 160, 52, 160, 63, 120),
('Mood', 2, 3, 3, 3, 3, 3, 3, 3, 3, 3, 3, 3, 3, 3, 3, 3, 3, 3, 3, 3, 3, 3, 3, 3, 3),
('LivingCost', 3, 63, 150, 70, 190, 50, 235, 80, 120, 70, 100, 40, 130, 40, 180, 60, 150, 43, 180, 50, 200, 40, 200, 50, 200),
('Mood', 4, 3, 3, 3, 3, 3, 3, 3, 3, 3, 3, 3, 3, 2, 2, 3, 3, 1, 1, 1, 1, 2, 2, 2, 2),
('LivingCost', 5, 46, 95, 46, 95, 50, 95, 48, 95, 50, 99, 46, 95, 46, 95, 46, 95, 46, 95, 48, 95, 46, 95, 46, 95),
('Mood', 6, 3, 3, 2, 2, 3, 3, 3, 3, 3, 3, 2, 2, 2, 2, 3, 3, 3, 3, 2, 2, 2, 2, 2, 2),
('LivingCost', 7, 40, 165, 40, 165, 40, 165, 40, 165, 40, 165, 40, 165, 40, 165, 40, 165, 40, 165, 40, 165, 40, 165, 40, 165),
('Mood', 8, 2, 2, 3, 3, 2, 2, 2, 2, 2, 2, 3, 3, 3, 3, 2, 2, 2, 2, 2, 2, 2, 2, 3, 3),
('LivingCost', 9, 40, 130, 40, 160, 50, 120, 90, 210, 90, 210, 40, 160, 40, 130, 60, 120, 50, 120, 50, 120, 50, 120, 40, 120),
('Mood', 10, 3, 3, 3, 3, 3, 3, 3, 3, 3, 3, 3, 3, 3, 3, 3, 3, 3, 3, 3, 3, 3, 3, 3, 3),
('LivingCost', 11, 46, 150, 46, 150, 45, 150, 46, 150, 45, 150, 59, 183, 46, 163, 46, 150, 66, 142, 45, 150, 46, 150, 46, 150),
('Mood', 12, 2, 2, 3, 3, 2, 2, 2, 2, 2, 2, 3, 3, 3, 3, 2, 2, 3, 3, 2, 2, 3, 3, 3, 3),
('LivingCost', 13, 46, 213, 46, 213, 48, 250, 46, 213, 46, 213, 46, 213, 46, 213, 46, 213, 46, 213, 46, 213, 46, 213, 46, 213),
('Mood', 14, 3, 3, 3, 3, 3, 3, 3, 3, 3, 3, 3, 3, 3, 3, 3, 3, 3, 3, 3, 3, 3, 3, 3, 3),
('LivingCost', 15, 76, 164, 59, 153, 59, 158, 66, 249, 66, 249, 59, 153, 59, 164, 66, 249, 63, 156, 59, 158, 59, 158, 59, 158),
('Mood', 16, 3, 3, 3, 3, 3, 3, 3, 3, 3, 3, 3, 3, 3, 3, 3, 3, 3, 3, 3, 3, 3, 3, 3, 3),
('LivingCost', 17, 55, 200, 55, 200, 55, 200, 55, 200, 55, 200, 55, 200, 55, 200, 55, 200, 55, 200, 55, 200, 55, 200, 55, 200),
('Mood', 18, 3, 3, 3, 3, 3, 3, 3, 3, 3, 3, 3, 3, 3, 3, 3, 3, 3, 3, 3, 3, 3, 3, 3, 3),
('LivingCost', 19, 63, 111, 58, 110, 63, 113, 43, 111, 63, 86, 65, 110, 55, 110, 63, 111, 42, 110, 64, 111, 63, 111, 62, 111),
('Mood', 20, 2, 2, 3, 3, 2, 2, 2, 2, 2, 2, 3, 3, 3, 3, 2, 2, 3, 3, 2, 2, 2, 2, 3, 3),
('LivingCost', 21, 55, 500, 55, 561, 46, 561, 46, 519, 46, 519, 55, 300, 55, 300, 50, 519, 55, 300, 50, 481, 50, 561, 50, 561),
('Mood', 22, 2, 2, 3, 3, 3, 3, 2, 2, 2, 2, 3, 3, 3, 3, 2, 2, 3, 3, 2, 2, 3, 3, 3, 3),
('LivingCost', 23, 62, 197, 45, 151, 50, 155, 40, 200, 40, 200, 45, 177, 50, 151, 62, 200, 45, 134, 50, 164, 50, 164, 45, 160),
('Mood', 24, 3, 3, 3, 3, 3, 3, 3, 3, 3, 3, 3, 3, 3, 3, 3, 3, 3, 3, 3, 3, 3, 3, 3, 3),
('LivingCost', 25, 164, 350, 52, 350, 123, 360, 170, 400, 196, 400, 52, 350, 48, 323, 164, 400, 127, 308, 105, 171, 79, 300, 48, 217),
('Mood', 26, 2, 2, 1, 1, 3, 3, 3, 3, 3, 3, 1, 1, 1, 1, 3, 3, 2, 2, 3, 3, 2, 2, 1, 1),
('LivingCost', 27, 64, 300, 30, 250, 25, 250, 25, 275, 25, 275, 30, 250, 50, 278, 30, 275, 30, 300, 30, 250, 30, 250, 30, 250),
('Mood', 28, 3, 3, 3, 3, 3, 3, 3, 3, 3, 3, 3, 3, 3, 3, 3, 3, 3, 3, 3, 3, 3, 3, 3, 3),
('LivingCost', 29, 40, 177, 40, 215, 66, 263, 80, 232, 80, 186, 40, 215, 40, 220, 60, 250, 40, 158, 43, 270, 43, 255, 40, 240),
('Mood', 30, 2, 2, 2, 2, 3, 3, 3, 3, 3, 3, 2, 2, 1, 1, 3, 3, 1, 1, 1, 1, 1, 1, 2, 2),
('LivingCost', 31, 47, 178, 47, 178, 55, 234, 55, 173, 55, 173, 47, 178, 47, 178, 55, 173, 47, 178, 55, 234, 47, 178, 47, 178),
('Mood', 32, 3, 3, 3, 3, 3, 3, 3, 3, 3, 3, 3, 3, 3, 3, 3, 3, 3, 3, 3, 3, 2, 2, 3, 3),
('LivingCost', 33, 62, 200, 32, 200, 71, 200, 74, 134, 74, 134, 32, 200, 32, 200, 76, 200, 46, 200, 71, 200, 71, 200, 74, 200),
('Mood', 34, 2, 2, 2, 2, 3, 3, 3, 3, 3, 3, 2, 2, 2, 2, 3, 3, 1, 1, 1, 1, 1, 1, 1, 1),
('LivingCost', 35, 91, 250, 55, 200, 91, 250, 91, 250, 91, 250, 55, 200, 45, 200, 91, 250, 70, 250, 65, 200, 45, 200, 45, 200),
('Mood', 36, 2, 2, 2, 2, 3, 3, 3, 3, 3, 3, 2, 2, 2, 2, 3, 3, 1, 1, 1, 1, 1, 1, 1, 1),
('LivingCost', 37, 62, 155, 62, 147, 62, 161, 62, 143, 62, 143, 59, 161, 62, 151, 62, 150, 62, 161, 62, 136, 62, 161, 59, 161),
('Mood', 38, 3, 3, 3, 3, 3, 3, 3, 3, 3, 3, 3, 3, 3, 3, 3, 3, 3, 3, 3, 3, 3, 3, 3, 3),
('LivingCost', 39, 87, 119, 51, 145, 51, 126, 81, 119, 81, 119, 50, 130, 50, 126, 83, 123, 50, 119, 49, 150, 49, 150, 49, 130),
('Mood', 40, 2, 2, 3, 3, 2, 2, 2, 2, 2, 2, 3, 3, 3, 3, 2, 2, 2, 2, 2, 2, 2, 2, 3, 3),
('LivingCost', 41, 65, 90, 50, 100, 79, 85, 65, 90, 65, 90, 50, 100, 49, 93, 65, 90, 46, 93, 79, 93, 44, 93, 50, 100),
('Mood', 42, 2, 2, 3, 3, 2, 2, 2, 2, 2, 2, 3, 3, 3, 3, 2, 2, 2, 2, 2, 2, 2, 2, 3, 3),
('LivingCost', 43, 49, 118, 43, 152, 43, 112, 49, 118, 49, 118, 43, 131, 42, 112, 49, 118, 43, 112, 43, 112, 43, 112, 43, 112),
('Mood', 44, 2, 2, 3, 3, 2, 2, 2, 2, 2, 2, 3, 3, 3, 3, 2, 2, 3, 3, 2, 2, 3, 3, 3, 3),
('LivingCost', 45, 58, 181, 46, 140, 51, 156, 58, 108, 58, 107, 52, 152, 46, 152, 63, 107, 50, 205, 51, 180, 51, 156, 47, 163),
('Mood', 46, 2, 2, 2, 2, 2, 2, 2, 2, 2, 2, 2, 2, 2, 2, 2, 2, 2, 2, 2, 2, 2, 2, 2, 2),
('LivingCost', 47, 41, 200, 41, 160, 100, 540, 100, 540, 100, 540, 41, 160, 41, 160, 100, 540, 41, 200, 41, 160, 41, 160, 41, 160),
('Mood', 48, 2, 2, 2, 2, 3, 3, 3, 3, 3, 3, 2, 2, 2, 2, 3, 3, 2, 2, 2, 2, 2, 2, 2, 2),
('LivingCost', 49, 55, 192, 36, 122, 36, 192, 36, 192, 36, 192, 36, 156, 36, 165, 56, 192, 45, 168, 36, 160, 36, 192, 36, 192),
('Mood', 50, 3, 3, 3, 3, 3, 3, 3, 3, 3, 3, 3, 3, 3, 3, 3, 3, 3, 3, 3, 3, 2, 2, 3, 3),
('LivingCost', 51, 46, 218, 34, 200, 149, 317, 117, 310, 117, 300, 34, 200, 34, 200, 117, 310, 60, 145, 34, 200, 34, 200, 34, 200),
('Mood', 52, 2, 2, 2, 2, 3, 3, 3, 3, 3, 3, 2, 2, 2, 2, 3, 3, 2, 2, 2, 2, 2, 2, 2, 2),
('LivingCost', 53, 41, 90, 43, 104, 40, 102, 41, 90, 41, 90, 43, 103, 43, 103, 41, 90, 50, 104, 43, 102, 43, 103, 50, 118),
('Mood', 54, 3, 3, 3, 3, 3, 3, 3, 3, 3, 3, 3, 3, 3, 3, 3, 3, 3, 3, 3, 3, 3, 3, 3, 3),
('LivingCost', 55, 55, 250, 50, 150, 50, 170, 55, 200, 55, 170, 50, 150, 50, 160, 55, 200, 65, 200, 50, 170, 46, 150, 50, 160),
('Mood', 56, 2, 2, 3, 3, 2, 2, 2, 2, 2, 2, 3, 3, 3, 3, 2, 2, 2, 2, 2, 2, 3, 3, 3, 3),
('LivingCost', 57, 40, 150, 38, 150, 40, 150, 40, 150, 40, 150, 38, 150, 50, 90, 40, 150, 50, 90, 38, 150, 38, 150, 38, 150),
('Mood', 58, 3, 3, 2, 2, 3, 3, 3, 3, 3, 3, 2, 2, 2, 2, 3, 3, 2, 2, 3, 3, 2, 2, 2, 2),
('LivingCost', 59, 61, 150, 42, 130, 42, 169, 61, 150, 83, 160, 63, 150, 63, 150, 61, 150, 52, 150, 42, 130, 63, 169, 42, 150),
('Mood', 60, 3, 3, 3, 3, 3, 3, 3, 3, 3, 3, 3, 3, 3, 3, 3, 3, 3, 3, 3, 3, 3, 3, 3, 3),
('LivingCost', 61, 55, 150, 46, 171, 46, 131, 55, 160, 50, 160, 46, 135, 46, 131, 55, 160, 46, 122, 46, 131, 46, 131, 46, 131),
('Mood', 62, 2, 2, 3, 3, 2, 2, 2, 2, 2, 2, 3, 3, 3, 3, 2, 2, 2, 2, 2, 2, 2, 2, 3, 3),
('LivingCost', 63, 50, 200, 45, 200, 60, 200, 55, 200, 61, 200, 45, 200, 46, 200, 55, 200, 42, 200, 60, 200, 50, 200, 42, 200),
('Mood', 64, 3, 3, 2, 2, 3, 3, 3, 3, 3, 3, 2, 2, 2, 2, 3, 3, 3, 3, 2, 2, 2, 2, 2, 2),
('LivingCost', 65, 70, 190, 65, 200, 64, 200, 81, 200, 83, 200, 66, 200, 44, 200, 82, 200, 60, 200, 62, 200, 60, 200, 73, 200),
('Mood', 66, 3, 3, 3, 3, 3, 3, 3, 3, 3, 3, 3, 3, 3, 3, 3, 3, 3, 3, 3, 3, 3, 3, 3, 3),
('LivingCost', 67, 35, 56, 36, 56, 36, 56, 32, 46, 32, 46, 36, 56, 35, 56, 32, 46, 35, 56, 36, 56, 36, 56, 36, 56),
('Mood', 68, 1, 1, 2, 2, 1, 1, 1, 1, 1, 1, 2, 2, 2, 2, 1, 1, 2, 2, 1, 1, 2, 2, 2, 2),
('LivingCost', 69, 40, 55, 40, 60, 40, 60, 40, 55, 40, 55, 40, 60, 42, 60, 40, 55, 42, 56, 40, 60, 40, 60, 40, 60),
('Mood', 70, 1, 1, 2, 2, 1, 1, 1, 1, 1, 1, 2, 2, 2, 2, 1, 1, 2, 2, 1, 1, 2, 2, 2, 2),
('LivingCost', 71, 34, 58, 35, 60, 34, 58, 34, 58, 34, 58, 35, 60, 35, 60, 34, 58, 35, 60, 34, 58, 34, 58, 35, 60),
('Mood', 72, 2, 2, 2, 2, 2, 2, 2, 2, 2, 2, 2, 2, 2, 2, 2, 2, 2, 2, 2, 2, 2, 2, 2, 2),
('LivingCost', 73, 33, 53, 34, 54, 33, 53, 33, 53, 33, 53, 34, 54, 33, 54, 33, 53, 33, 53, 33, 53, 33, 54, 34, 54),
('Mood', 74, 1, 1, 2, 2, 1, 1, 1, 1, 1, 1, 2, 2, 2, 2, 1, 1, 1, 1, 1, 1, 1, 1, 2, 2),
('LivingCost', 75, 33, 53, 34, 54, 33, 53, 33, 53, 33, 53, 34, 54, 33, 53, 33, 53, 33, 53, 33, 53, 34, 54, 34, 54),
('Mood', 76, 1, 1, 2, 2, 1, 1, 1, 1, 1, 1, 2, 2, 2, 2, 1, 1, 1, 1, 1, 1, 1, 1, 2, 2),
('LivingCost', 77, 40, 68, 40, 70, 40, 68, 40, 68, 40, 68, 40, 70, 40, 70, 40, 68, 40, 68, 40, 68, 40, 68, 40, 70),
('Mood', 78, 1, 1, 2, 2, 1, 1, 1, 1, 1, 1, 2, 2, 2, 2, 1, 1, 2, 2, 1, 1, 2, 2, 2, 2),
('LivingCost', 79, 33, 80, 33, 90, 33, 80, 33, 80, 33, 80, 33, 90, 33, 90, 33, 80, 33, 90, 33, 80, 33, 80, 33, 90),
('Mood', 80, 2, 2, 3, 3, 2, 2, 2, 2, 2, 2, 3, 3, 3, 3, 2, 2, 3, 3, 2, 2, 2, 2, 3, 3),
('LivingCost', 81, 33, 70, 33, 80, 33, 70, 33, 70, 33, 70, 33, 80, 33, 80, 33, 70, 33, 80, 33, 70, 33, 70, 33, 80),
('Mood', 82, 1, 1, 2, 2, 1, 1, 1, 1, 1, 1, 2, 2, 2, 2, 1, 1, 1, 1, 1, 1, 2, 2, 2, 2),
('LivingCost', 83, 40, 70, 40, 80, 40, 70, 40, 70, 40, 70, 40, 80, 40, 80, 40, 70, 40, 70, 40, 70, 40, 70, 40, 80),
('Mood', 84, 1, 1, 2, 2, 1, 1, 1, 1, 1, 1, 2, 2, 2, 2, 1, 1, 1, 1, 1, 1, 1, 1, 1, 1),
('LivingCost', 85, 33, 70, 33, 80, 33, 70, 33, 70, 33, 70, 33, 80, 33, 70, 33, 70, 33, 70, 33, 70, 33, 70, 33, 80),
('Mood', 86, 1, 1, 2, 2, 1, 1, 1, 1, 1, 1, 2, 2, 2, 2, 1, 1, 1, 1, 1, 1, 1, 1, 2, 2),
('LivingCost', 87, 303, 1113, 62, 210, 70, 303, 303, 1113, 303, 1113, 38, 159, 37, 159, 303, 1113, 37, 135, 49, 210, 37, 174, 37, 174),
('Mood', 88, 2, 2, 2, 2, 3, 3, 3, 3, 3, 3, 2, 2, 2, 2, 3, 3, 2, 2, 3, 3, 2, 2, 2, 2),
('LivingCost', 89, 113, 176, 113, 176, 113, 176, 113, 176, 113, 176, 101, 176, 88, 124, 113, 176, 88, 124, 113, 176, 88, 113, 88, 113),
('Mood', 90, 1, 1, 1, 1, 2, 2, 2, 2, 2, 2, 1, 1, 1, 1, 2, 2, 1, 1, 2, 2, 1, 1, 1, 1),
('LivingCost', 91, 66, 87, 66, 87, 66, 87, 66, 87, 66, 87, 66, 87, 66, 87, 66, 87, 66, 87, 66, 87, 66, 87, 66, 87),
('Mood', 92, 1, 1, 1, 1, 2, 2, 2, 2, 2, 2, 1, 1, 1, 1, 2, 2, 1, 1, 2, 2, 1, 1, 1, 1),
('LivingCost', 93, 50, 83, 68, 129, 50, 77, 50, 83, 50, 83, 77, 118, 50, 83, 50, 83, 68, 83, 50, 77, 50, 77, 50, 77),
('Mood', 94, 1, 1, 1, 1, 2, 2, 2, 2, 2, 2, 1, 1, 1, 1, 2, 2, 1, 1, 2, 2, 1, 1, 1, 1),
('LivingCost', 95, 22, 240, 22, 240, 22, 240, 22, 240, 22, 240, 22, 240, 22, 240, 22, 240, 22, 240, 22, 240, 22, 240, 22, 240),
('Mood', 96, 3, 3, 2, 2, 3, 3, 3, 3, 3, 3, 2, 2, 2, 2, 3, 3, 2, 2, 3, 3, 3, 3, 2, 2),
('LivingCost', 97, 10, 325, 10, 215, 10, 215, 10, 289, 10, 325, 50, 215, 14, 260, 10, 353, 10, 200, 10, 215, 10, 694, 10, 260),
('Mood', 98, 3, 3, 3, 3, 3, 3, 3, 3, 3, 3, 3, 3, 3, 3, 3, 3, 3, 3, 3, 3, 3, 3, 3, 3),
('LivingCost', 99, 97, 150, 97, 150, 97, 150, 97, 150, 97, 150, 97, 150, 97, 150, 97, 150, 97, 150, 97, 150, 97, 150, 97, 150),
('Mood', 100, 3, 3, 2, 2, 3, 3, 3, 3, 3, 3, 2, 2, 2, 2, 3, 3, 2, 2, 3, 3, 3, 3, 2, 2),
('LivingCost', 101, 85, 136, 90, 140, 85, 136, 85, 136, 85, 136, 90, 140, 90, 140, 85, 136, 85, 136, 85, 136, 85, 136, 90, 140),
('Mood', 102, 2, 2, 2, 2, 2, 2, 2, 2, 2, 2, 2, 2, 2, 2, 2, 2, 2, 2, 2, 2, 2, 2, 2, 2),
('LivingCost', 103, 85, 136, 90, 140, 85, 136, 85, 136, 85, 136, 90, 140, 90, 140, 85, 136, 85, 136, 85, 136, 85, 136, 90, 140),
('Mood', 104, 2, 2, 2, 2, 2, 2, 2, 2, 2, 2, 2, 2, 2, 2, 2, 2, 2, 2, 2, 2, 2, 2, 2, 2),
('LivingCost', 105, 85, 136, 90, 140, 85, 136, 85, 136, 85, 136, 90, 140, 90, 140, 85, 136, 85, 136, 85, 136, 85, 136, 90, 140),
('Mood', 106, 3, 3, 3, 3, 3, 3, 3, 3, 3, 3, 3, 3, 3, 3, 3, 3, 3, 3, 3, 3, 3, 3, 3, 3),
('LivingCost', 107, 85, 136, 90, 140, 85, 136, 85, 136, 85, 136, 90, 140, 90, 140, 85, 136, 85, 136, 85, 136, 85, 136, 90, 140),
('Mood', 108, 2, 2, 2, 2, 2, 2, 2, 2, 2, 2, 2, 2, 2, 2, 2, 2, 2, 2, 2, 2, 2, 2, 2, 2),
('LivingCost', 109, 51, 85, 53, 90, 51, 85, 51, 85, 51, 85, 53, 90, 53, 90, 51, 85, 51, 85, 51, 85, 51, 85, 53, 90),
('Mood', 110, 1, 1, 2, 2, 1, 1, 1, 1, 1, 1, 2, 2, 2, 2, 1, 1, 1, 1, 1, 1, 1, 1, 2, 2),
('LivingCost', 111, 68, 136, 70, 140, 68, 136, 68, 136, 68, 136, 70, 140, 70, 140, 68, 136, 68, 136, 68, 136, 68, 136, 70, 140),
('Mood', 112, 2, 2, 2, 2, 2, 2, 2, 2, 2, 2, 2, 2, 2, 2, 2, 2, 2, 2, 2, 2, 2, 2, 2, 2),
('LivingCost', 113, 23, 85, 30, 90, 23, 85, 23, 85, 23, 85, 30, 90, 30, 90, 23, 85, 30, 90, 23, 85, 23, 85, 30, 90),
('Mood', 114, 2, 2, 3, 3, 2, 2, 2, 2, 2, 2, 3, 3, 3, 3, 2, 2, 3, 3, 2, 2, 2, 2, 3, 3),
('LivingCost', 115, 30, 90, 23, 85, 30, 90, 30, 90, 30, 90, 23, 85, 23, 85, 30, 90, 30, 90, 30, 90, 23, 85, 23, 85),
('Mood', 116, 2, 2, 1, 1, 2, 2, 2, 2, 2, 2, 1, 1, 1, 1, 2, 2, 2, 2, 2, 2, 1, 1, 1, 1),
('LivingCost', 117, 34, 102, 36, 106, 34, 102, 34, 102, 34, 102, 36, 106, 36, 106, 34, 102, 34, 102, 34, 102, 34, 102, 36, 106),
('Mood', 118, 2, 2, 3, 3, 2, 2, 2, 2, 2, 2, 3, 3, 3, 3, 2, 2, 2, 2, 2, 2, 2, 2, 3, 3),
('LivingCost', 119, 30, 90, 23, 85, 30, 90, 30, 90, 30, 90, 23, 85, 23, 85, 30, 90, 30, 90, 30, 90, 23, 85, 23, 85),
('Mood', 120, 2, 2, 1, 1, 2, 2, 2, 2, 2, 2, 1, 1, 1, 1, 2, 2, 2, 2, 2, 2, 2, 2, 1, 1),
('LivingCost', 121, 34, 85, 36, 90, 34, 85, 34, 85, 34, 85, 36, 90, 36, 90, 34, 85, 34, 85, 34, 85, 36, 90, 36, 90),
('Mood', 122, 1, 1, 2, 2, 1, 1, 1, 1, 1, 1, 2, 2, 2, 2, 1, 1, 1, 1, 1, 1, 2, 2, 2, 2),
('LivingCost', 123, 27, 85, 30, 90, 27, 85, 27, 85, 27, 85, 30, 90, 30, 90, 27, 85, 30, 90, 27, 85, 30, 90, 30, 90),
('Mood', 124, 1, 1, 3, 3, 1, 1, 1, 1, 1, 1, 3, 3, 3, 3, 1, 1, 3, 3, 1, 1, 3, 3, 3, 3),
('LivingCost', 125, 51, 102, 55, 106, 51, 102, 51, 102, 51, 102, 55, 106, 55, 106, 51, 102, 51, 102, 51, 102, 55, 106, 55, 106),
('Mood', 126, 2, 2, 3, 3, 2, 2, 2, 2, 2, 2, 3, 3, 3, 3, 2, 2, 3, 3, 2, 2, 3, 3, 3, 3),
('LivingCost', 127, 15, 132, 15, 129, 15, 142, 15, 128, 15, 148, 15, 157, 15, 142, 15, 132, 15, 156, 15, 142, 15, 142, 15, 142),
('Mood', 128, 1, 1, 2, 2, 1, 1, 1, 1, 1, 1, 2, 2, 2, 2, 1, 1, 2, 2, 1, 1, 1, 1, 2, 2),
('LivingCost', 129, 24, 200, 24, 200, 24, 200, 24, 200, 24, 200, 24, 200, 24, 200, 24, 200, 24, 200, 24, 200, 24, 200, 24, 200),
('Mood', 130, 1, 1, 2, 2, 2, 2, 2, 2, 2, 2, 2, 2, 2, 2, 1, 1, 2, 2, 1, 1, 1, 1, 2, 2),
('LivingCost', 131, 65, 240, 31, 250, 40, 250, 65, 240, 89, 211, 31, 250, 31, 250, 65, 240, 31, 250, 31, 250, 31, 250, 31, 250),
('Mood', 132, 3, 3, 2, 2, 3, 3, 3, 3, 3, 3, 2, 2, 2, 2, 3, 3, 2, 2, 3, 3, 2, 2, 2, 2),
('LivingCost', 133, 55, 160, 47, 160, 47, 160, 40, 160, 40, 160, 47, 160, 47, 160, 40, 160, 47, 150, 55, 160, 48, 160, 48, 160),
('Mood', 134, 2, 2, 3, 3, 2, 2, 2, 2, 2, 2, 3, 3, 3, 3, 2, 2, 3, 3, 2, 2, 2, 2, 3, 3),
('LivingCost', 135, 40, 200, 40, 200, 40, 200, 40, 200, 40, 200, 40, 200, 40, 200, 40, 200, 40, 200, 40, 200, 40, 200, 40, 200),
('Mood', 136, 3, 3, 3, 3, 3, 3, 3, 3, 3, 3, 3, 3, 3, 3, 3, 3, 3, 3, 3, 3, 3, 3, 3, 3),
('LivingCost', 137, 40, 200, 35, 200, 30, 200, 35, 200, 35, 200, 35, 200, 35, 200, 40, 200, 35, 200, 33, 200, 35, 200, 35, 200),
('Mood', 138, 3, 3, 3, 3, 3, 3, 3, 3, 3, 3, 3, 3, 3, 3, 3, 3, 3, 3, 3, 3, 3, 3, 3, 3),
('LivingCost', 139, 33, 200, 35, 200, 35, 200, 33, 200, 35, 200, 35, 200, 35, 200, 34, 200, 33, 200, 35, 200, 35, 200, 35, 200),
('Mood', 140, 3, 3, 3, 3, 3, 3, 3, 3, 3, 3, 3, 3, 3, 3, 3, 3, 3, 3, 3, 3, 3, 3, 3, 3),
('LivingCost', 141, 45, 200, 45, 200, 45, 200, 46, 200, 46, 200, 46, 200, 45, 200, 45, 200, 45, 200, 43, 200, 43, 200, 45, 200),
('Mood', 142, 3, 3, 3, 3, 3, 3, 3, 3, 3, 3, 3, 3, 3, 3, 3, 3, 3, 3, 3, 3, 3, 3, 3, 3),
('LivingCost', 143, 44, 200, 45, 200, 45, 200, 44, 200, 44, 200, 45, 200, 45, 200, 44, 200, 45, 200, 44, 200, 44, 200, 44, 200),
('Mood', 144, 2, 2, 3, 3, 2, 2, 2, 2, 3, 3, 3, 3, 3, 3, 2, 2, 2, 2, 2, 2, 2, 2, 3, 3),
('LivingCost', 145, 50, 250, 55, 250, 50, 250, 50, 250, 55, 250, 55, 250, 55, 250, 50, 250, 55, 250, 50, 250, 50, 250, 55, 250),
('Mood', 146, 3, 3, 3, 3, 3, 3, 3, 3, 3, 3, 3, 3, 3, 3, 3, 3, 3, 3, 3, 3, 3, 3, 3, 3),
('LivingCost', 147, 45, 190, 45, 190, 45, 190, 45, 190, 45, 190, 45, 190, 45, 190, 45, 190, 45, 190, 45, 190, 45, 190, 45, 190),
('Mood', 148, 3, 3, 3, 3, 3, 3, 3, 3, 3, 3, 3, 3, 3, 3, 3, 3, 3, 3, 3, 3, 3, 3, 3, 3),
('LivingCost', 149, 62, 200, 62, 100, 62, 200, 62, 200, 62, 200, 62, 200, 62, 200, 62, 200, 62, 210, 62, 200, 62, 200, 62, 200),
('Mood', 150, 2, 2, 3, 3, 3, 3, 3, 3, 3, 3, 3, 3, 3, 3, 2, 2, 3, 3, 2, 2, 2, 2, 3, 3),
('LivingCost', 151, 56, 200, 56, 200, 56, 200, 56, 200, 68, 200, 56, 200, 56, 200, 56, 200, 56, 200, 56, 200, 56, 200, 56, 200),
('Mood', 152, 2, 2, 3, 3, 2, 2, 2, 2, 2, 2, 3, 3, 3, 3, 2, 2, 2, 2, 2, 2, 2, 2, 2, 2),
('LivingCost', 153, 60, 150, 65, 150, 52, 150, 56, 150, 56, 150, 70, 150, 72, 150, 56, 150, 72, 150, 52, 150, 45, 150, 50, 150),
('Mood', 154, 2, 2, 3, 3, 2, 2, 2, 2, 2, 2, 3, 3, 3, 3, 2, 2, 3, 3, 2, 2, 2, 2, 3, 3),
('LivingCost', 155, 35, 190, 35, 190, 35, 190, 35, 190, 35, 190, 35, 190, 35, 190, 35, 190, 35, 190, 35, 190, 35, 190, 35, 190),
('Mood', 156, 3, 3, 3, 3, 3, 3, 3, 3, 3, 3, 3, 3, 3, 3, 3, 3, 3, 3, 3, 3, 3, 3, 3, 3),
('LivingCost', 157, 68, 100, 70, 105, 68, 100, 68, 100, 68, 100, 70, 105, 70, 105, 68, 100, 68, 100, 68, 100, 68, 100, 70, 105),
('Mood', 158, 2, 2, 3, 3, 2, 2, 2, 2, 2, 2, 3, 3, 3, 3, 2, 2, 2, 2, 2, 2, 2, 2, 3, 3),
('LivingCost', 159, 51, 85, 55, 90, 51, 85, 51, 85, 51, 85, 55, 90, 55, 90, 51, 85, 51, 85, 51, 85, 51, 85, 55, 90),
('Mood', 160, 1, 1, 2, 2, 1, 1, 1, 1, 1, 1, 2, 2, 2, 2, 1, 1, 1, 1, 1, 1, 1, 1, 2, 2),
('LivingCost', 161, 41, 85, 45, 90, 41, 85, 41, 85, 41, 85, 45, 90, 45, 90, 41, 85, 41, 85, 41, 85, 41, 85, 45, 90),
('Mood', 162, 1, 1, 3, 3, 1, 1, 1, 1, 1, 1, 2, 2, 2, 2, 1, 1, 1, 1, 1, 1, 1, 1, 2, 2),
('LivingCost', 163, 34, 75, 40, 80, 34, 75, 34, 75, 34, 75, 40, 80, 40, 80, 34, 75, 34, 75, 34, 75, 34, 75, 40, 80),
('Mood', 164, 1, 1, 2, 2, 1, 1, 1, 1, 1, 1, 2, 2, 2, 2, 1, 1, 1, 1, 1, 1, 1, 1, 2, 2),
('LivingCost', 165, 51, 85, 55, 90, 51, 85, 51, 85, 51, 85, 55, 90, 55, 90, 51, 85, 51, 85, 51, 85, 51, 85, 55, 90),
('Mood', 166, 1, 1, 2, 2, 1, 1, 1, 1, 1, 1, 2, 2, 2, 2, 1, 1, 1, 1, 1, 1, 1, 1, 1, 1),
('LivingCost', 167, 40, 85, 44, 90, 40, 85, 40, 85, 40, 85, 44, 90, 44, 90, 40, 85, 40, 85, 40, 85, 40, 85, 44, 90),
('Mood', 168, 1, 1, 2, 2, 1, 1, 1, 1, 1, 1, 2, 2, 2, 2, 1, 1, 1, 1, 1, 1, 1, 1, 2, 2),
('LivingCost', 169, 85, 110, 90, 115, 85, 110, 85, 110, 85, 110, 90, 115, 90, 115, 85, 110, 85, 110, 85, 110, 85, 110, 90, 115),
('Mood', 170, 2, 2, 3, 3, 2, 2, 2, 2, 2, 2, 3, 3, 3, 3, 2, 2, 3, 3, 2, 2, 2, 2, 3, 3),
('LivingCost', 171, 85, 105, 90, 110, 85, 105, 85, 105, 85, 105, 90, 110, 90, 110, 85, 105, 85, 105, 85, 105, 85, 105, 90, 110),
('Mood', 172, 1, 1, 2, 2, 1, 1, 1, 1, 1, 1, 2, 2, 2, 2, 1, 1, 1, 1, 1, 1, 1, 1, 2, 2),
('LivingCost', 173, 68, 102, 70, 105, 68, 102, 68, 102, 68, 102, 70, 105, 70, 105, 68, 102, 68, 102, 68, 102, 68, 102, 70, 105),
('Mood', 174, 2, 2, 3, 3, 2, 2, 2, 2, 2, 2, 3, 3, 3, 3, 2, 2, 2, 2, 2, 2, 2, 2, 3, 3),
('LivingCost', 175, 85, 105, 90, 110, 85, 105, 85, 105, 85, 105, 90, 110, 90, 110, 85, 105, 85, 105, 85, 105, 85, 105, 90, 110),
('Mood', 176, 2, 2, 3, 3, 2, 2, 2, 2, 2, 2, 3, 3, 3, 3, 2, 2, 2, 2, 2, 2, 2, 2, 3, 3),
('LivingCost', 177, 78, 120, 75, 110, 78, 120, 78, 120, 78, 120, 75, 110, 75, 110, 78, 120, 75, 110, 78, 120, 78, 120, 75, 110),
('Mood', 178, 2, 2, 1, 1, 2, 2, 2, 2, 2, 2, 1, 1, 1, 1, 2, 2, 1, 1, 2, 2, 2, 2, 1, 1),
('LivingCost', 179, 85, 105, 90, 110, 78, 120, 85, 105, 85, 105, 90, 110, 90, 110, 85, 105, 85, 105, 78, 120, 78, 120, 90, 110),
('Mood', 180, 2, 2, 2, 2, 2, 2, 2, 2, 2, 2, 2, 2, 2, 2, 2, 2, 2, 2, 2, 2, 2, 2, 2, 2),
('LivingCost', 181, 75, 100, 80, 110, 75, 100, 75, 100, 75, 100, 80, 110, 80, 110, 75, 100, 75, 100, 75, 100, 75, 100, 80, 110),
('Mood', 182, 2, 2, 3, 3, 2, 2, 2, 2, 2, 2, 3, 3, 3, 3, 2, 2, 2, 2, 2, 2, 2, 2, 3, 3),
('LivingCost', 183, 75, 100, 90, 110, 75, 100, 75, 100, 75, 100, 90, 110, 90, 110, 75, 100, 75, 100, 75, 100, 75, 100, 90, 110),
('Mood', 184, 2, 2, 2, 2, 2, 2, 2, 2, 2, 2, 2, 2, 2, 2, 2, 2, 2, 2, 2, 2, 2, 2, 2, 2),
('LivingCost', 185, 85, 102, 85, 102, 85, 102, 85, 102, 85, 102, 85, 102, 85, 102, 85, 102, 85, 102, 85, 102, 85, 102, 85, 102),
('Mood', 186, 3, 3, 3, 3, 3, 3, 3, 3, 3, 3, 3, 3, 3, 3, 3, 3, 3, 3, 3, 3, 3, 3, 3, 3),
('LivingCost', 187, 75, 110, 80, 110, 75, 110, 75, 110, 75, 110, 80, 110, 80, 110, 75, 110, 75, 110, 75, 110, 80, 110, 80, 110),
('Mood', 188, 2, 2, 2, 2, 2, 2, 2, 2, 2, 2, 2, 2, 2, 2, 2, 2, 2, 2, 2, 2, 2, 2, 2, 2),
('LivingCost', 189, 85, 105, 90, 110, 78, 120, 85, 105, 85, 105, 90, 110, 90, 110, 85, 105, 85, 105, 78, 120, 78, 120, 90, 110),
('Mood', 190, 2, 2, 2, 2, 2, 2, 2, 2, 2, 2, 2, 2, 2, 2, 2, 2, 2, 2, 2, 2, 2, 2, 2, 2),
('LivingCost', 191, 58, 102, 60, 105, 58, 102, 58, 102, 58, 102, 60, 105, 60, 105, 58, 102, 58, 102, 58, 102, 58, 102, 60, 105),
('Mood', 192, 1, 1, 3, 3, 1, 1, 1, 1, 1, 1, 3, 3, 3, 3, 1, 1, 2, 2, 1, 1, 2, 2, 3, 3),
('LivingCost', 193, 60, 102, 65, 105, 60, 102, 60, 102, 60, 102, 65, 105, 65, 105, 60, 102, 60, 102, 60, 102, 60, 102, 65, 105),
('Mood', 194, 1, 1, 3, 3, 1, 1, 1, 1, 1, 1, 3, 3, 3, 3, 1, 1, 2, 2, 1, 1, 2, 2, 3, 3),
('LivingCost', 195, 64, 98, 68, 102, 64, 98, 64, 98, 64, 98, 68, 102, 68, 102, 64, 98, 64, 98, 64, 98, 64, 98, 68, 102),
('Mood', 196, 1, 1, 3, 3, 1, 1, 1, 1, 1, 1, 3, 3, 3, 3, 1, 1, 2, 2, 1, 1, 2, 2, 3, 3),
('LivingCost', 197, 61, 90, 65, 95, 61, 90, 61, 90, 61, 90, 65, 95, 65, 95, 61, 90, 61, 90, 61, 90, 61, 90, 65, 95),
('Mood', 198, 1, 1, 2, 2, 1, 1, 1, 1, 1, 1, 2, 2, 2, 2, 1, 1, 2, 2, 1, 1, 2, 2, 2, 2),
('LivingCost', 199, 64, 98, 68, 102, 64, 98, 64, 98, 64, 98, 68, 102, 68, 102, 64, 98, 64, 98, 64, 98, 64, 98, 68, 102),
('Mood', 200, 1, 1, 2, 2, 1, 1, 1, 1, 1, 1, 2, 2, 2, 2, 1, 1, 2, 2, 1, 1, 2, 2, 2, 2),
('LivingCost', 201, 60, 102, 65, 105, 60, 102, 60, 102, 60, 102, 65, 105, 65, 105, 60, 102, 60, 102, 60, 102, 60, 102, 65, 105),
('Mood', 202, 1, 1, 2, 2, 1, 1, 1, 1, 1, 1, 2, 2, 2, 2, 1, 1, 2, 2, 1, 1, 2, 2, 2, 2),
('LivingCost', 203, 64, 98, 68, 102, 64, 98, 64, 98, 64, 98, 68, 102, 68, 102, 64, 98, 64, 98, 64, 98, 64, 98, 68, 102),
('Mood', 204, 1, 1, 2, 2, 1, 1, 1, 1, 1, 1, 2, 2, 2, 2, 1, 1, 2, 2, 1, 1, 2, 2, 2, 2),
('LivingCost', 205, 58, 102, 60, 105, 58, 102, 58, 102, 58, 102, 60, 105, 60, 105, 58, 102, 58, 102, 58, 102, 58, 102, 60, 105),
('Mood', 206, 1, 1, 2, 2, 1, 1, 1, 1, 1, 1, 2, 2, 2, 2, 1, 1, 2, 2, 1, 1, 2, 2, 2, 2),
('LivingCost', 207, 62, 87, 66, 93, 62, 87, 62, 87, 62, 87, 66, 93, 66, 93, 62, 87, 62, 87, 62, 87, 62, 87, 66, 93),
('Mood', 208, 2, 2, 3, 3, 2, 2, 2, 2, 2, 2, 3, 3, 3, 3, 2, 2, 2, 2, 2, 2, 2, 2, 3, 3),
('LivingCost', 209, 64, 98, 68, 102, 64, 98, 64, 98, 64, 98, 68, 102, 68, 102, 64, 98, 64, 98, 64, 98, 64, 98, 68, 102),
('Mood', 210, 1, 1, 2, 2, 1, 1, 1, 1, 1, 1, 2, 2, 2, 2, 1, 1, 1, 1, 1, 1, 1, 1, 2, 2),
('LivingCost', 211, 120, 153, 120, 153, 120, 153, 120, 153, 120, 153, 120, 153, 120, 153, 120, 153, 120, 153, 120, 153, 120, 153, 120, 153),
('Mood', 212, 2, 2, 2, 2, 2, 2, 2, 2, 2, 2, 2, 2, 2, 2, 2, 2, 2, 2, 2, 2, 2, 2, 2, 2),
('LivingCost', 213, 85, 120, 85, 120, 85, 120, 85, 120, 85, 120, 85, 120, 85, 120, 85, 120, 85, 120, 85, 120, 85, 120, 85, 120),
('Mood', 214, 2, 2, 2, 2, 2, 2, 2, 2, 2, 2, 2, 2, 2, 2, 2, 2, 2, 2, 2, 2, 2, 2, 2, 2),
('LivingCost', 215, 68, 120, 68, 120, 68, 120, 68, 120, 68, 120, 68, 120, 68, 120, 68, 120, 68, 120, 68, 120, 68, 120, 68, 120),
('Mood', 216, 2, 2, 3, 3, 2, 2, 2, 2, 2, 2, 3, 3, 3, 3, 2, 2, 3, 3, 2, 2, 2, 2, 3, 3),
('LivingCost', 217, 85, 120, 85, 120, 85, 120, 85, 120, 85, 120, 85, 120, 85, 120, 85, 120, 85, 120, 85, 120, 85, 120, 85, 120),
('Mood', 218, 2, 2, 2, 2, 2, 2, 2, 2, 2, 2, 2, 2, 2, 2, 2, 2, 2, 2, 2, 2, 2, 2, 3, 3),
('LivingCost', 219, 85, 120, 85, 120, 85, 120, 85, 120, 85, 120, 85, 120, 85, 120, 85, 120, 85, 120, 85, 120, 85, 120, 85, 120),
('Mood', 220, 2, 2, 2, 2, 2, 2, 2, 2, 2, 2, 2, 2, 2, 2, 2, 2, 2, 2, 2, 2, 2, 2, 2, 2),
('LivingCost', 221, 68, 120, 68, 120, 68, 120, 68, 120, 68, 120, 68, 120, 68, 120, 68, 120, 68, 120, 68, 120, 68, 120, 68, 120),
('Mood', 222, 2, 2, 2, 2, 2, 2, 2, 2, 2, 2, 2, 2, 2, 2, 2, 2, 2, 2, 2, 2, 2, 2, 2, 2),
('LivingCost', 223, 68, 102, 68, 102, 68, 102, 68, 102, 68, 102, 68, 102, 68, 102, 68, 102, 68, 102, 68, 102, 68, 102, 68, 102),
('Mood', 224, 1, 1, 1, 1, 1, 1, 1, 1, 1, 1, 1, 1, 1, 1, 1, 1, 1, 1, 1, 1, 1, 1, 1, 1),
('LivingCost', 225, 64, 98, 64, 98, 64, 98, 64, 98, 64, 98, 64, 98, 64, 98, 64, 98, 64, 98, 64, 98, 64, 98, 64, 98),
('Mood', 226, 1, 1, 2, 2, 1, 1, 1, 1, 1, 1, 2, 2, 2, 2, 1, 1, 1, 1, 1, 1, 1, 1, 2, 2),
('LivingCost', 227, 68, 91, 68, 91, 68, 91, 68, 91, 68, 91, 68, 91, 68, 91, 68, 91, 68, 91, 68, 91, 68, 91, 68, 91),
('Mood', 228, 1, 1, 2, 2, 1, 1, 1, 1, 1, 1, 2, 2, 2, 2, 1, 1, 1, 1, 1, 1, 1, 1, 2, 2),
('LivingCost', 229, 57, 91, 57, 91, 57, 91, 57, 91, 57, 91, 57, 91, 57, 91, 57, 91, 57, 91, 57, 91, 57, 91, 57, 91),
('Mood', 230, 1, 1, 2, 2, 1, 1, 1, 1, 1, 1, 2, 2, 2, 2, 1, 1, 1, 1, 1, 1, 1, 1, 2, 2),
('LivingCost', 231, 78, 102, 78, 102, 78, 102, 78, 102, 78, 102, 78, 102, 78, 102, 78, 102, 78, 102, 78, 102, 78, 102, 78, 102),
('Mood', 232, 1, 1, 2, 2, 1, 1, 1, 1, 1, 1, 2, 2, 2, 2, 1, 1, 1, 1, 1, 1, 1, 1, 2, 2),
('LivingCost', 233, 60, 90, 60, 90, 60, 90, 60, 90, 60, 90, 60, 90, 60, 90, 60, 90, 60, 90, 60, 90, 60, 90, 60, 90),
('Mood', 234, 1, 1, 2, 2, 1, 1, 1, 1, 1, 1, 2, 2, 2, 2, 1, 1, 1, 1, 1, 1, 1, 1, 2, 2),
('LivingCost', 235, 85, 102, 75, 90, 85, 102, 85, 102, 85, 102, 75, 90, 75, 90, 85, 102, 85, 102, 85, 102, 85, 102, 75, 90),
('Mood', 236, 2, 2, 1, 1, 2, 2, 2, 2, 2, 2, 1, 1, 1, 1, 2, 2, 1, 1, 2, 2, 2, 2, 2, 2),
('LivingCost', 237, 85, 120, 85, 120, 85, 120, 85, 120, 85, 120, 85, 120, 85, 120, 85, 120, 85, 120, 85, 120, 85, 120, 85, 120),
('Mood', 238, 3, 3, 3, 3, 3, 3, 3, 3, 3, 3, 3, 3, 3, 3, 3, 3, 3, 3, 3, 3, 3, 3, 3, 3),
('LivingCost', 239, 80, 102, 80, 102, 80, 102, 80, 102, 80, 102, 80, 102, 80, 102, 80, 102, 80, 102, 80, 102, 80, 102, 80, 102),
('Mood', 240, 1, 1, 2, 2, 1, 1, 1, 1, 1, 1, 2, 2, 2, 2, 1, 1, 1, 1, 1, 1, 1, 1, 1, 1),
('LivingCost', 241, 90, 110, 95, 120, 90, 110, 90, 110, 90, 110, 95, 120, 95, 120, 90, 110, 95, 120, 90, 110, 90, 110, 95, 120),
('Mood', 242, 3, 3, 3, 3, 3, 3, 3, 3, 3, 3, 3, 3, 3, 3, 3, 3, 3, 3, 3, 3, 3, 3, 3, 3),
('LivingCost', 243, 70, 102, 77, 110, 70, 102, 70, 102, 70, 102, 77, 110, 77, 110, 70, 102, 77, 110, 70, 102, 70, 102, 77, 110),
('Mood', 244, 2, 2, 2, 2, 2, 2, 2, 2, 2, 2, 2, 2, 2, 2, 2, 2, 2, 2, 2, 2, 2, 2, 2, 2),
('LivingCost', 245, 65, 102, 70, 105, 65, 102, 65, 102, 65, 102, 70, 105, 70, 105, 65, 102, 70, 105, 65, 102, 65, 102, 70, 105),
('Mood', 246, 3, 3, 3, 3, 3, 3, 3, 3, 3, 3, 3, 3, 3, 3, 3, 3, 3, 3, 3, 3, 3, 3, 3, 3),
('LivingCost', 247, 77, 111, 77, 111, 77, 111, 77, 111, 77, 111, 77, 111, 77, 111, 77, 111, 77, 111, 77, 111, 77, 111, 77, 111),
('Mood', 248, 3, 3, 3, 3, 3, 3, 3, 3, 3, 3, 3, 3, 3, 3, 3, 3, 3, 3, 3, 3, 3, 3, 3, 3),
('LivingCost', 249, 57, 101, 57, 101, 57, 101, 57, 101, 57, 101, 57, 101, 57, 101, 57, 101, 57, 101, 57, 101, 57, 101, 57, 101),
('Mood', 250, 3, 3, 3, 3, 3, 3, 3, 3, 3, 3, 3, 3, 3, 3, 3, 3, 3, 3, 3, 3, 3, 3, 3, 3),
('LivingCost', 251, 77, 101, 80, 105, 77, 101, 77, 101, 77, 101, 80, 105, 80, 105, 77, 101, 80, 105, 77, 101, 77, 101, 80, 105),
('Mood', 252, 2, 2, 2, 2, 2, 2, 2, 2, 2, 2, 2, 2, 2, 2, 2, 2, 2, 2, 2, 2, 2, 2, 2, 2),
('LivingCost', 253, 43, 101, 43, 101, 43, 101, 43, 101, 43, 101, 43, 101, 43, 101, 43, 101, 43, 101, 43, 101, 43, 101, 43, 101),
('Mood', 254, 3, 3, 3, 3, 3, 3, 3, 3, 3, 3, 3, 3, 3, 3, 3, 3, 3, 3, 3, 3, 3, 3, 3, 3),
('LivingCost', 255, 67, 105, 70, 110, 67, 105, 67, 105, 67, 105, 70, 110, 70, 110, 67, 105, 70, 110, 67, 105, 67, 105, 70, 110),
('Mood', 256, 3, 3, 3, 3, 3, 3, 3, 3, 3, 3, 3, 3, 3, 3, 3, 3, 3, 3, 3, 3, 3, 3, 3, 3),
('LivingCost', 257, 60, 101, 70, 110, 60, 101, 60, 101, 60, 101, 70, 110, 70, 110, 60, 101, 70, 110, 60, 101, 60, 101, 70, 110),
('Mood', 258, 3, 3, 3, 3, 3, 3, 3, 3, 3, 3, 3, 3, 3, 3, 3, 3, 3, 3, 3, 3, 3, 3, 3, 3),
('LivingCost', 259, 74, 101, 74, 101, 74, 101, 74, 101, 74, 101, 74, 101, 74, 101, 74, 101, 74, 101, 74, 101, 74, 101, 74, 101),
('Mood', 260, 2, 2, 2, 2, 2, 2, 2, 2, 2, 2, 2, 2, 2, 2, 2, 2, 2, 2, 2, 2, 2, 2, 2, 2),
('LivingCost', 261, 78, 119, 80, 120, 78, 119, 78, 119, 78, 119, 80, 120, 80, 120, 78, 119, 80, 120, 78, 119, 78, 119, 80, 120),
('Mood', 262, 2, 2, 2, 2, 2, 2, 2, 2, 2, 2, 2, 2, 2, 2, 2, 2, 2, 2, 2, 2, 2, 2, 2, 2),
('LivingCost', 263, 84, 101, 84, 101, 84, 101, 84, 101, 84, 101, 84, 101, 84, 101, 84, 101, 84, 101, 84, 101, 84, 101, 84, 101),
('Mood', 264, 2, 2, 2, 2, 2, 2, 2, 2, 2, 2, 2, 2, 2, 2, 2, 2, 2, 2, 2, 2, 2, 2, 2, 2),
('LivingCost', 265, 84, 110, 84, 110, 84, 110, 84, 110, 84, 110, 84, 110, 84, 110, 84, 110, 84, 110, 84, 110, 84, 110, 84, 110),
('Mood', 266, 2, 2, 2, 2, 2, 2, 2, 2, 2, 2, 2, 2, 2, 2, 2, 2, 2, 2, 2, 2, 2, 2, 2, 2),
('LivingCost', 267, 64, 102, 64, 102, 64, 102, 64, 102, 64, 102, 64, 102, 64, 102, 64, 102, 64, 102, 64, 102, 64, 102, 64, 102),
('Mood', 268, 2, 2, 2, 2, 2, 2, 2, 2, 2, 2, 2, 2, 2, 2, 2, 2, 2, 2, 2, 2, 2, 2, 2, 2),
('LivingCost', 269, 100, 168, 100, 168, 100, 168, 100, 168, 100, 168, 100, 168, 100, 168, 100, 168, 100, 168, 100, 168, 100, 168, 100, 168),
('Mood', 270, 3, 3, 3, 3, 3, 3, 3, 3, 3, 3, 3, 3, 3, 3, 3, 3, 3, 3, 3, 3, 3, 3, 3, 3),
('LivingCost', 271, 81, 110, 81, 110, 81, 110, 81, 110, 81, 110, 81, 110, 81, 110, 81, 110, 81, 110, 81, 110, 81, 110, 81, 110),
('Mood', 272, 2, 2, 2, 2, 2, 2, 2, 2, 2, 2, 2, 2, 2, 2, 2, 2, 2, 2, 2, 2, 2, 2, 2, 2),
('LivingCost', 273, 77, 101, 77, 101, 77, 101, 77, 101, 77, 101, 77, 101, 77, 101, 77, 101, 77, 101, 77, 101, 77, 101, 77, 101),
('Mood', 274, 2, 2, 2, 2, 2, 2, 2, 2, 2, 2, 2, 2, 2, 2, 2, 2, 2, 2, 2, 2, 2, 2, 2, 2),
('LivingCost', 275, 67, 101, 67, 101, 67, 101, 67, 101, 67, 101, 67, 101, 67, 101, 67, 101, 67, 101, 67, 101, 67, 101, 67, 101),
('Mood', 276, 2, 2, 2, 2, 2, 2, 2, 2, 2, 2, 2, 2, 2, 2, 2, 2, 2, 2, 2, 2, 2, 2, 2, 2),
('LivingCost', 277, 70, 118, 70, 118, 70, 118, 70, 118, 70, 118, 70, 118, 70, 118, 70, 118, 70, 118, 70, 118, 70, 118, 70, 118),
('Mood', 278, 2, 2, 2, 2, 2, 2, 2, 2, 2, 2, 2, 2, 2, 2, 2, 2, 2, 2, 2, 2, 2, 2, 2, 2),
('LivingCost', 279, 84, 115, 84, 115, 84, 115, 84, 115, 84, 115, 84, 115, 84, 115, 84, 115, 84, 115, 84, 115, 84, 115, 84, 115),
('Mood', 280, 2, 2, 3, 3, 2, 2, 2, 2, 2, 2, 3, 3, 3, 3, 2, 2, 3, 3, 2, 2, 2, 2, 3, 3),
('LivingCost', 281, 90, 130, 90, 130, 90, 130, 90, 130, 90, 130, 90, 130, 90, 130, 90, 130, 90, 130, 90, 130, 90, 130, 90, 130),
('Mood', 282, 3, 3, 3, 3, 3, 3, 3, 3, 3, 3, 3, 3, 3, 3, 3, 3, 3, 3, 3, 3, 3, 3, 3, 3),
('LivingCost', 283, 85, 120, 85, 120, 85, 120, 85, 120, 85, 120, 85, 120, 85, 120, 85, 120, 85, 120, 85, 120, 85, 120, 85, 120),
('Mood', 284, 3, 3, 3, 3, 3, 3, 3, 3, 3, 3, 3, 3, 3, 3, 3, 3, 3, 3, 3, 3, 3, 3, 3, 3),
('LivingCost', 285, 71, 100, 71, 100, 71, 100, 71, 100, 71, 100, 71, 100, 71, 100, 71, 100, 71, 100, 71, 100, 71, 100, 71, 100),
('Mood', 286, 3, 3, 3, 3, 3, 3, 3, 3, 3, 3, 3, 3, 3, 3, 3, 3, 3, 3, 3, 3, 3, 3, 3, 3),
('LivingCost', 287, 71, 105, 71, 105, 71, 105, 71, 105, 71, 105, 71, 105, 71, 105, 71, 105, 71, 105, 71, 105, 71, 105, 71, 105),
('Mood', 288, 2, 2, 2, 2, 2, 2, 2, 2, 2, 2, 2, 2, 2, 2, 2, 2, 2, 2, 2, 2, 2, 2, 2, 2),
('LivingCost', 289, 80, 110, 80, 110, 80, 110, 80, 110, 80, 110, 80, 110, 80, 110, 80, 110, 80, 110, 80, 110, 80, 110, 80, 110),
('Mood', 290, 3, 3, 3, 3, 3, 3, 3, 3, 3, 3, 3, 3, 3, 3, 3, 3, 3, 3, 3, 3, 3, 3, 3, 3),
('LivingCost', 291, 51, 100, 51, 100, 51, 100, 51, 100, 51, 100, 51, 100, 51, 100, 51, 100, 51, 100, 51, 100, 51, 100, 51, 100),
('Mood', 292, 2, 2, 2, 2, 2, 2, 2, 2, 2, 2, 2, 2, 2, 2, 2, 2, 2, 2, 2, 2, 2, 2, 2, 2),
('LivingCost', 293, 85, 120, 85, 120, 85, 120, 85, 120, 85, 120, 85, 120, 85, 120, 85, 120, 85, 120, 85, 120, 85, 120, 85, 120),
('Mood', 294, 2, 2, 2, 2, 2, 2, 2, 2, 2, 2, 2, 2, 2, 2, 2, 2, 2, 2, 2, 2, 2, 2, 2, 2),
('LivingCost', 295, 70, 105, 70, 105, 70, 105, 70, 105, 70, 105, 70, 105, 70, 105, 70, 105, 70, 105, 70, 105, 70, 105, 70, 105),
('Mood', 296, 3, 3, 3, 3, 3, 3, 3, 3, 3, 3, 3, 3, 3, 3, 3, 3, 3, 3, 3, 3, 3, 3, 3, 3),
('LivingCost', 297, 46, 80, 46, 80, 46, 80, 46, 80, 46, 80, 46, 80, 46, 80, 46, 80, 46, 80, 46, 80, 46, 80, 46, 80),
('Mood', 298, 3, 3, 3, 3, 3, 3, 3, 3, 3, 3, 3, 3, 3, 3, 3, 3, 3, 3, 3, 3, 3, 3, 3, 3),
('LivingCost', 299, 50, 90, 50, 90, 50, 90, 50, 90, 50, 90, 50, 90, 50, 90, 50, 90, 50, 90, 50, 90, 50, 90, 50, 90),
('Mood', 300, 2, 2, 2, 2, 2, 2, 2, 2, 2, 2, 2, 2, 2, 2, 2, 2, 2, 2, 2, 2, 2, 2, 2, 2),
('LivingCost', 301, 48, 95, 48, 95, 48, 95, 48, 95, 48, 95, 48, 95, 48, 95, 48, 95, 48, 95, 48, 95, 48, 95, 48, 95),
('Mood', 302, 3, 3, 3, 3, 3, 3, 3, 3, 3, 3, 3, 3, 3, 3, 3, 3, 3, 3, 3, 3, 3, 3, 3, 3),
('LivingCost', 303, 47, 90, 47, 90, 47, 90, 47, 90, 47, 90, 47, 90, 47, 90, 47, 90, 47, 90, 47, 90, 47, 90, 47, 90),
('Mood', 304, 3, 3, 3, 3, 3, 3, 3, 3, 3, 3, 3, 3, 3, 3, 3, 3, 3, 3, 3, 3, 3, 3, 3, 3),
('LivingCost', 305, 50, 100, 50, 100, 50, 100, 50, 100, 50, 100, 50, 100, 50, 100, 50, 100, 50, 100, 50, 100, 50, 100, 50, 100),
('Mood', 306, 3, 3, 3, 3, 3, 3, 3, 3, 3, 3, 3, 3, 3, 3, 3, 3, 3, 3, 3, 3, 3, 3, 3, 3),
('LivingCost', 307, 46, 105, 46, 105, 46, 105, 46, 105, 46, 105, 46, 105, 46, 105, 46, 105, 46, 105, 46, 105, 46, 105, 46, 105),
('Mood', 308, 2, 2, 2, 2, 2, 2, 2, 2, 2, 2, 2, 2, 2, 2, 2, 2, 2, 2, 2, 2, 2, 2, 2, 2),
('LivingCost', 309, 50, 96, 50, 96, 50, 96, 50, 96, 50, 96, 50, 96, 50, 96, 50, 96, 50, 96, 50, 96, 50, 96, 50, 96),
('Mood', 310, 2, 2, 2, 2, 2, 2, 2, 2, 2, 2, 2, 2, 2, 2, 2, 2, 2, 2, 2, 2, 2, 2, 2, 2),
('LivingCost', 311, 45, 97, 45, 97, 45, 97, 45, 97, 45, 97, 45, 97, 45, 97, 45, 97, 45, 97, 45, 97, 45, 97, 45, 97),
('Mood', 312, 2, 2, 2, 2, 2, 2, 2, 2, 2, 2, 2, 2, 2, 2, 2, 2, 2, 2, 2, 2, 2, 2, 2, 2),
('LivingCost', 313, 28, 70, 28, 70, 28, 70, 28, 70, 28, 70, 28, 70, 28, 70, 28, 70, 28, 70, 28, 70, 28, 70, 28, 70),
('Mood', 314, 3, 3, 3, 3, 3, 3, 3, 3, 3, 3, 3, 3, 3, 3, 3, 3, 3, 3, 3, 3, 3, 3, 3, 3),
('LivingCost', 315, 30, 80, 30, 80, 30, 80, 30, 80, 30, 80, 30, 80, 30, 80, 30, 80, 30, 80, 30, 80, 30, 80, 30, 80),
('Mood', 316, 2, 2, 2, 2, 2, 2, 2, 2, 2, 2, 2, 2, 2, 2, 2, 2, 2, 2, 2, 2, 2, 2, 2, 2),
('LivingCost', 317, 25, 75, 25, 75, 25, 75, 25, 75, 25, 75, 25, 75, 25, 75, 25, 75, 25, 75, 25, 75, 25, 75, 25, 75),
('Mood', 318, 2, 2, 3, 3, 2, 2, 2, 2, 2, 2, 3, 3, 3, 3, 2, 2, 2, 2, 2, 2, 2, 2, 2, 2),
('LivingCost', 319, 30, 80, 30, 80, 30, 80, 30, 80, 30, 80, 30, 80, 30, 80, 30, 80, 30, 80, 30, 80, 30, 80, 30, 80),
('Mood', 320, 3, 3, 3, 3, 3, 3, 3, 3, 3, 3, 3, 3, 3, 3, 3, 3, 3, 3, 3, 3, 3, 3, 3, 3),
('LivingCost', 321, 30, 100, 30, 100, 30, 100, 30, 100, 30, 100, 30, 100, 30, 100, 30, 100, 30, 100, 30, 100, 30, 100, 30, 100),
('Mood', 322, 3, 3, 3, 3, 3, 3, 3, 3, 3, 3, 3, 3, 3, 3, 3, 3, 3, 3, 3, 3, 3, 3, 3, 3),
('LivingCost', 323, 54, 100, 54, 100, 54, 100, 54, 100, 54, 100, 54, 100, 54, 100, 54, 100, 54, 100, 54, 100, 54, 100, 54, 100),
('Mood', 324, 3, 3, 3, 3, 3, 3, 3, 3, 3, 3, 3, 3, 3, 3, 3, 3, 3, 3, 3, 3, 3, 3, 3, 3),
('LivingCost', 325, 48, 100, 48, 100, 48, 100, 48, 100, 48, 100, 48, 100, 48, 100, 48, 100, 48, 100, 48, 100, 48, 100, 48, 100),
('Mood', 326, 2, 2, 2, 2, 2, 2, 2, 2, 2, 2, 2, 2, 2, 2, 2, 2, 2, 2, 2, 2, 2, 2, 2, 2),
('LivingCost', 327, 50, 90, 50, 90, 50, 90, 50, 90, 50, 90, 50, 90, 50, 90, 50, 90, 50, 90, 50, 90, 50, 90, 50, 90),
('Mood', 328, 2, 2, 2, 2, 2, 2, 2, 2, 2, 2, 2, 2, 2, 2, 2, 2, 2, 2, 2, 2, 2, 2, 2, 2),
('LivingCost', 329, 45, 100, 45, 100, 45, 100, 45, 100, 45, 100, 45, 100, 45, 100, 45, 100, 45, 100, 45, 100, 45, 100, 45, 100),
('Mood', 330, 2, 2, 2, 2, 2, 2, 2, 2, 2, 2, 2, 2, 2, 2, 2, 2, 2, 2, 2, 2, 2, 2, 2, 2),
('LivingCost', 331, 75, 110, 75, 110, 75, 110, 75, 110, 75, 110, 75, 110, 75, 110, 75, 110, 75, 110, 75, 110, 75, 110, 75, 110),
('Mood', 332, 2, 2, 2, 2, 2, 2, 2, 2, 2, 2, 2, 2, 2, 2, 2, 2, 2, 2, 2, 2, 2, 2, 2, 2),
('LivingCost', 333, 70, 100, 70, 100, 70, 100, 70, 100, 70, 100, 70, 100, 70, 100, 70, 100, 70, 100, 70, 100, 70, 100, 70, 100),
('Mood', 334, 2, 2, 2, 2, 2, 2, 2, 2, 2, 2, 2, 2, 2, 2, 2, 2, 2, 2, 2, 2, 2, 2, 2, 2),
('LivingCost', 335, 70, 110, 70, 110, 70, 110, 70, 110, 70, 110, 70, 110, 70, 110, 70, 110, 70, 110, 70, 110, 70, 110, 70, 110),
('Mood', 336, 2, 2, 2, 2, 2, 2, 2, 2, 2, 2, 2, 2, 2, 2, 2, 2, 2, 2, 2, 2, 2, 2, 2, 2),
('LivingCost', 337, 65, 110, 65, 110, 65, 110, 65, 110, 65, 110, 65, 110, 65, 110, 65, 110, 65, 110, 65, 110, 65, 110, 65, 110),
('Mood', 338, 2, 2, 2, 2, 2, 2, 2, 2, 2, 2, 2, 2, 2, 2, 2, 2, 2, 2, 2, 2, 2, 2, 2, 2),
('LivingCost', 339, 72, 108, 72, 108, 72, 108, 72, 108, 72, 108, 72, 108, 72, 108, 72, 108, 72, 108, 72, 108, 72, 108, 72, 108),
('Mood', 340, 2, 2, 2, 2, 2, 2, 2, 2, 2, 2, 2, 2, 2, 2, 2, 2, 2, 2, 2, 2, 2, 2, 2, 2),
('LivingCost', 341, 68, 110, 68, 110, 68, 110, 68, 110, 68, 110, 68, 110, 68, 110, 68, 110, 68, 110, 68, 110, 68, 110, 68, 110),
('Mood', 342, 2, 2, 2, 2, 2, 2, 2, 2, 2, 2, 2, 2, 2, 2, 2, 2, 2, 2, 2, 2, 2, 2, 2, 2),
('LivingCost', 343, 78, 110, 78, 110, 78, 110, 78, 110, 78, 110, 78, 110, 78, 110, 78, 110, 78, 110, 78, 110, 78, 110, 78, 110),
('Mood', 344, 2, 2, 2, 2, 2, 2, 2, 2, 2, 2, 2, 2, 2, 2, 2, 2, 2, 2, 2, 2, 2, 2, 2, 2),
('LivingCost', 345, 75, 115, 75, 115, 75, 115, 75, 115, 75, 115, 75, 115, 75, 115, 75, 115, 75, 115, 75, 115, 75, 115, 75, 115),
('Mood', 346, 3, 3, 3, 3, 3, 3, 3, 3, 3, 3, 3, 3, 3, 3, 3, 3, 3, 3, 3, 3, 3, 3, 3, 3),
('LivingCost', 347, 78, 110, 78, 110, 78, 110, 78, 110, 78, 110, 78, 110, 78, 110, 78, 110, 78, 110, 78, 110, 78, 110, 78, 110),
('Mood', 348, 2, 2, 2, 2, 2, 2, 2, 2, 2, 2, 2, 2, 2, 2, 2, 2, 2, 2, 2, 2, 2, 2, 2, 2),
('LivingCost', 349, 78, 110, 78, 110, 78, 110, 78, 110, 78, 110, 78, 110, 78, 110, 78, 110, 78, 110, 78, 110, 78, 110, 78, 110),
('Mood', 350, 2, 2, 2, 2, 2, 2, 2, 2, 2, 2, 2, 2, 2, 2, 2, 2, 2, 2, 2, 2, 2, 2, 2, 2),
('LivingCost', 351, 75, 115, 75, 115, 75, 115, 75, 115, 75, 115, 75, 115, 75, 115, 75, 115, 75, 115, 75, 115, 75, 115, 75, 115),
('Mood', 352, 2, 2, 2, 2, 2, 2, 2, 2, 2, 2, 2, 2, 2, 2, 2, 2, 2, 2, 2, 2, 2, 2, 2, 2),
('LivingCost', 353, 38, 80, 38, 80, 38, 80, 38, 80, 38, 80, 38, 80, 38, 80, 38, 80, 38, 80, 38, 80, 38, 80, 38, 80),
('Mood', 354, 2, 2, 2, 2, 2, 2, 2, 2, 2, 2, 2, 2, 2, 2, 2, 2, 2, 2, 2, 2, 2, 2, 2, 2),
('LivingCost', 355, 40, 90, 40, 90, 40, 90, 40, 90, 40, 90, 40, 90, 40, 90, 40, 90, 40, 90, 40, 90, 40, 90, 40, 90),
('Mood', 356, 2, 2, 2, 2, 2, 2, 2, 2, 2, 2, 2, 2, 2, 2, 2, 2, 2, 2, 2, 2, 2, 2, 2, 2),
('LivingCost', 357, 50, 90, 50, 90, 50, 90, 50, 90, 50, 90, 50, 90, 50, 90, 50, 90, 50, 90, 50, 90, 50, 90, 50, 90),
('Mood', 358, 2, 2, 2, 2, 2, 2, 2, 2, 2, 2, 2, 2, 2, 2, 2, 2, 2, 2, 2, 2, 2, 2, 2, 2),
('LivingCost', 359, 50, 100, 50, 100, 50, 100, 50, 100, 50, 100, 50, 100, 50, 100, 50, 100, 50, 100, 50, 100, 50, 100, 50, 100),
('Mood', 360, 2, 2, 2, 2, 2, 2, 2, 2, 2, 2, 2, 2, 2, 2, 2, 2, 2, 2, 2, 2, 2, 2, 2, 2),
('LivingCost', 361, 54, 105, 54, 105, 54, 105, 54, 105, 54, 105, 54, 105, 54, 105, 54, 105, 54, 105, 54, 105, 54, 105, 54, 105),
('Mood', 362, 2, 2, 2, 2, 2, 2, 2, 2, 2, 2, 2, 2, 2, 2, 2, 2, 2, 2, 2, 2, 2, 2, 2, 2),
('LivingCost', 363, 48, 104, 48, 104, 48, 104, 48, 104, 48, 104, 48, 104, 48, 104, 48, 104, 48, 104, 48, 104, 48, 104, 48, 104),
('Mood', 364, 2, 2, 2, 2, 2, 2, 2, 2, 2, 2, 2, 2, 2, 2, 2, 2, 2, 2, 2, 2, 2, 2, 2, 2),
('LivingCost', 365, 50, 90, 50, 90, 50, 90, 50, 90, 50, 90, 50, 90, 50, 90, 50, 90, 50, 90, 50, 90, 50, 90, 50, 90),
('Mood', 366, 2, 2, 2, 2, 2, 2, 2, 2, 2, 2, 2, 2, 2, 2, 2, 2, 2, 2, 2, 2, 2, 2, 2, 2),
('LivingCost', 367, 47, 114, 47, 114, 47, 114, 47, 114, 47, 114, 47, 114, 47, 114, 47, 114, 47, 114, 47, 114, 47, 114, 47, 114),
('Mood', 368, 2, 2, 2, 2, 2, 2, 2, 2, 2, 2, 2, 2, 2, 2, 2, 2, 2, 2, 2, 2, 2, 2, 2, 2),
('LivingCost', 369, 48, 104, 48, 104, 48, 104, 48, 104, 48, 104, 48, 104, 48, 104, 48, 104, 48, 104, 48, 104, 48, 104, 48, 104),
('Mood', 370, 2, 2, 2, 2, 2, 2, 2, 2, 2, 2, 2, 2, 2, 2, 2, 2, 2, 2, 2, 2, 2, 2, 2, 2),
('LivingCost', 371, 52, 106, 52, 106, 52, 106, 52, 106, 52, 106, 52, 106, 52, 106, 52, 106, 52, 106, 52, 106, 52, 106, 52, 106),
('Mood', 372, 2, 2, 2, 2, 2, 2, 2, 2, 2, 2, 2, 2, 2, 2, 2, 2, 2, 2, 2, 2, 2, 2, 2, 2),
('LivingCost', 373, 40, 80, 40, 80, 40, 80, 40, 80, 40, 80, 40, 80, 40, 80, 40, 80, 40, 80, 40, 80, 40, 80, 40, 80),
('Mood', 374, 2, 2, 3, 3, 2, 2, 2, 2, 2, 2, 3, 3, 3, 3, 2, 2, 2, 2, 2, 2, 2, 2, 3, 3),
('LivingCost', 375, 40, 90, 40, 90, 40, 90, 40, 90, 40, 90, 40, 90, 40, 90, 40, 90, 40, 90, 40, 90, 40, 90, 40, 90),
('Mood', 376, 3, 3, 3, 3, 3, 3, 3, 3, 3, 3, 3, 3, 3, 3, 3, 3, 3, 3, 3, 3, 3, 3, 3, 3),
('LivingCost', 377, 40, 92, 40, 92, 40, 92, 40, 92, 40, 92, 40, 92, 40, 92, 40, 92, 40, 92, 40, 92, 40, 92, 40, 92),
('Mood', 378, 2, 2, 2, 2, 2, 2, 2, 2, 2, 2, 2, 2, 2, 2, 2, 2, 2, 2, 2, 2, 2, 2, 2, 2),
('LivingCost', 379, 91, 150, 91, 150, 91, 150, 91, 150, 91, 150, 91, 150, 91, 150, 91, 150, 91, 150, 91, 150, 91, 150, 91, 150),
('Mood', 380, 3, 3, 3, 3, 3, 3, 3, 3, 3, 3, 3, 3, 3, 3, 3, 3, 3, 3, 3, 3, 3, 3, 3, 3),
('LivingCost', 381, 91, 150, 91, 150, 91, 150, 91, 150, 91, 150, 91, 150, 91, 150, 91, 150, 91, 150, 91, 150, 91, 150, 91, 150),
('Mood', 382, 3, 3, 3, 3, 3, 3, 3, 3, 3, 3, 3, 3, 3, 3, 3, 3, 3, 3, 3, 3, 3, 3, 3, 3),
('LivingCost', 383, 110, 200, 110, 200, 110, 200, 110, 200, 110, 200, 110, 200, 110, 200, 110, 200, 110, 200, 110, 200, 110, 200, 110, 200),
('Mood', 384, 3, 3, 3, 3, 3, 3, 3, 3, 3, 3, 3, 3, 3, 3, 3, 3, 3, 3, 3, 3, 3, 3, 3, 3),
('LivingCost', 385, 115, 200, 115, 200, 115, 200, 115, 200, 115, 200, 115, 200, 115, 200, 115, 200, 115, 200, 115, 200, 115, 200, 115, 200),
('Mood', 386, 3, 3, 3, 3, 3, 3, 3, 3, 3, 3, 3, 3, 3, 3, 3, 3, 3, 3, 3, 3, 3, 3, 3, 3),
('LivingCost', 387, 105, 190, 105, 190, 105, 190, 105, 190, 105, 190, 105, 190, 105, 190, 105, 190, 105, 190, 105, 190, 105, 190, 105, 190),
('Mood', 388, 2, 2, 2, 2, 2, 2, 2, 2, 2, 2, 2, 2, 2, 2, 2, 2, 2, 2, 2, 2, 2, 2, 2, 2),
('LivingCost', 389, 110, 180, 110, 180, 110, 180, 110, 180, 110, 180, 110, 180, 110, 180, 110, 180, 110, 180, 110, 180, 110, 180, 110, 180),
('Mood', 390, 2, 2, 2, 2, 2, 2, 2, 2, 2, 2, 2, 2, 2, 2, 2, 2, 2, 2, 2, 2, 2, 2, 2, 2),
('LivingCost', 391, 116, 192, 116, 192, 116, 192, 116, 192, 116, 192, 116, 192, 116, 192, 116, 192, 116, 192, 116, 192, 116, 192, 116, 192),
('Mood', 392, 3, 3, 3, 3, 3, 3, 3, 3, 3, 3, 3, 3, 3, 3, 3, 3, 3, 3, 3, 3, 3, 3, 3, 3),
('LivingCost', 393, 105, 190, 105, 190, 105, 190, 105, 190, 105, 190, 105, 190, 105, 190, 105, 190, 105, 190, 105, 190, 105, 190, 105, 190),
('Mood', 394, 2, 2, 2, 2, 2, 2, 2, 2, 2, 2, 2, 2, 2, 2, 2, 2, 2, 2, 2, 2, 2, 2, 2, 2),
('LivingCost', 395, 110, 180, 110, 180, 110, 180, 110, 180, 110, 180, 110, 180, 110, 180, 110, 180, 110, 180, 110, 180, 110, 180, 110, 180),
('Mood', 396, 2, 2, 2, 2, 2, 2, 2, 2, 2, 2, 2, 2, 2, 2, 2, 2, 2, 2, 2, 2, 2, 2, 2, 2),
('LivingCost', 397, 80, 110, 80, 110, 80, 110, 80, 110, 80, 110, 80, 110, 80, 110, 80, 110, 80, 110, 80, 110, 80, 110, 80, 110),
('Mood', 398, 2, 2, 2, 2, 2, 2, 2, 2, 2, 2, 2, 2, 2, 2, 2, 2, 2, 2, 2, 2, 2, 2, 2, 2),
('LivingCost', 399, 90, 120, 90, 120, 90, 120, 90, 120, 90, 120, 90, 120, 90, 120, 90, 120, 90, 120, 90, 120, 90, 120, 90, 120),
('Mood', 400, 3, 3, 2, 2, 3, 3, 3, 3, 3, 3, 2, 2, 2, 2, 3, 3, 2, 2, 3, 3, 3, 3, 2, 2),
('LivingCost', 401, 75, 110, 75, 110, 75, 110, 75, 110, 75, 110, 75, 110, 75, 110, 75, 110, 75, 110, 75, 110, 75, 110, 75, 110),
('Mood', 402, 2, 2, 2, 2, 2, 2, 2, 2, 2, 2, 2, 2, 2, 2, 2, 2, 2, 2, 2, 2, 2, 2, 2, 2),
('LivingCost', 403, 80, 110, 80, 110, 80, 110, 80, 110, 80, 110, 80, 110, 80, 110, 80, 110, 80, 110, 80, 110, 80, 110, 80, 110),
('Mood', 404, 2, 2, 2, 2, 2, 2, 2, 2, 2, 2, 2, 2, 2, 2, 2, 2, 2, 2, 2, 2, 2, 2, 2, 2),
('LivingCost', 405, 80, 115, 80, 115, 80, 115, 80, 115, 80, 115, 80, 115, 80, 115, 80, 115, 80, 115, 80, 115, 80, 115, 80, 115),
('Mood', 406, 2, 2, 2, 2, 2, 2, 2, 2, 2, 2, 2, 2, 2, 2, 2, 2, 2, 2, 2, 2, 2, 2, 2, 2),
('LivingCost', 407, 70, 105, 70, 105, 70, 105, 70, 105, 70, 105, 70, 105, 70, 105, 70, 105, 70, 105, 70, 105, 70, 105, 70, 105),
('Mood', 408, 2, 2, 2, 2, 2, 2, 2, 2, 2, 2, 2, 2, 2, 2, 2, 2, 2, 2, 2, 2, 2, 2, 2, 2),
('LivingCost', 409, 70, 110, 70, 110, 70, 110, 70, 110, 70, 110, 70, 110, 70, 110, 70, 110, 70, 110, 70, 110, 70, 110, 70, 110),
('Mood', 410, 3, 3, 3, 3, 3, 3, 3, 3, 3, 3, 3, 3, 3, 3, 3, 3, 3, 3, 3, 3, 3, 3, 3, 3),
('LivingCost', 411, 50, 100, 50, 100, 50, 100, 50, 100, 50, 100, 50, 100, 50, 100, 50, 100, 50, 100, 50, 100, 50, 100, 50, 100),
('Mood', 412, 2, 2, 2, 2, 2, 2, 2, 2, 2, 2, 2, 2, 2, 2, 2, 2, 2, 2, 2, 2, 2, 2, 2, 2),
('LivingCost', 413, 40, 90, 40, 90, 40, 90, 40, 90, 40, 90, 40, 90, 40, 90, 40, 90, 40, 90, 40, 90, 40, 90, 40, 90),
('Mood', 414, 2, 2, 2, 2, 2, 2, 2, 2, 2, 2, 2, 2, 2, 2, 2, 2, 2, 2, 2, 2, 2, 2, 2, 2),
('LivingCost', 415, 40, 90, 40, 90, 40, 90, 40, 90, 40, 90, 40, 90, 40, 90, 40, 90, 40, 90, 40, 90, 40, 90, 40, 90),
('Mood', 416, 2, 2, 2, 2, 2, 2, 2, 2, 2, 2, 2, 2, 2, 2, 2, 2, 2, 2, 2, 2, 2, 2, 2, 2),
('LivingCost', 417, 40, 80, 40, 80, 40, 80, 40, 80, 40, 80, 40, 80, 40, 80, 40, 80, 40, 80, 40, 80, 40, 80, 40, 80),
('Mood', 418, 2, 2, 2, 2, 2, 2, 2, 2, 2, 2, 2, 2, 2, 2, 2, 2, 2, 2, 2, 2, 2, 2, 2, 2),
('LivingCost', 419, 44, 100, 44, 100, 44, 100, 44, 100, 44, 100, 44, 100, 44, 100, 44, 100, 44, 100, 44, 100, 44, 100, 44, 100),
('Mood', 420, 2, 2, 2, 2, 2, 2, 2, 2, 2, 2, 2, 2, 2, 2, 2, 2, 2, 2, 2, 2, 2, 2, 2, 2),
('LivingCost', 421, 70, 110, 70, 110, 70, 110, 70, 110, 70, 110, 70, 110, 70, 110, 70, 110, 70, 110, 70, 110, 70, 110, 70, 110),
('Mood', 422, 3, 3, 3, 3, 3, 3, 3, 3, 3, 3, 3, 3, 3, 3, 3, 3, 3, 3, 3, 3, 3, 3, 3, 3),
('LivingCost', 423, 70, 115, 70, 115, 70, 115, 70, 115, 70, 115, 70, 115, 70, 115, 70, 115, 70, 115, 70, 115, 70, 115, 70, 115),
('Mood', 424, 2, 2, 2, 2, 2, 2, 2, 2, 2, 2, 2, 2, 2, 2, 2, 2, 2, 2, 2, 2, 2, 2, 2, 2),
('LivingCost', 425, 75, 110, 75, 110, 75, 110, 75, 110, 75, 110, 75, 110, 75, 110, 75, 110, 75, 110, 75, 110, 75, 110, 75, 110),
('Mood', 426, 2, 2, 2, 2, 2, 2, 2, 2, 2, 2, 2, 2, 2, 2, 2, 2, 2, 2, 2, 2, 2, 2, 2, 2),
('LivingCost', 427, 80, 120, 80, 120, 80, 120, 80, 120, 80, 120, 80, 120, 80, 120, 80, 120, 80, 120, 80, 120, 80, 120, 80, 120),
('Mood', 428, 2, 2, 2, 2, 2, 2, 2, 2, 2, 2, 2, 2, 2, 2, 2, 2, 2, 2, 2, 2, 2, 2, 2, 2),
('LivingCost', 429, 76, 100, 76, 100, 76, 100, 76, 100, 76, 100, 76, 100, 76, 100, 76, 100, 76, 100, 76, 100, 76, 100, 76, 100),
('Mood', 430, 2, 2, 2, 2, 2, 2, 2, 2, 2, 2, 2, 2, 2, 2, 2, 2, 2, 2, 2, 2, 2, 2, 2, 2),
('LivingCost', 431, 78, 110, 78, 110, 78, 110, 78, 110, 78, 110, 78, 110, 78, 110, 78, 110, 78, 110, 78, 110, 78, 110, 78, 110),
('Mood', 432, 2, 2, 2, 2, 2, 2, 2, 2, 2, 2, 2, 2, 2, 2, 2, 2, 2, 2, 2, 2, 2, 2, 2, 2),
('LivingCost', 433, 25, 215, 25, 350, 50, 215, 50, 215, 50, 215, 25, 350, 25, 350, 25, 215, 25, 215, 25, 215, 25, 215, 25, 215),
('Mood', 434, 3, 3, 3, 3, 2, 2, 2, 2, 2, 2, 3, 3, 3, 3, 2, 2, 3, 3, 2, 2, 2, 2, 3, 3),
('LivingCost', 435, 25, 180, 30, 200, 25, 200, 25, 200, 25, 200, 30, 200, 30, 200, 25, 180, 25, 180, 25, 180, 25, 180, 25, 180),
('Mood', 436, 3, 3, 3, 3, 3, 3, 2, 2, 2, 2, 3, 3, 3, 3, 2, 2, 2, 2, 3, 3, 2, 2, 2, 2),
('LivingCost', 437, 40, 200, 40, 160, 40, 200, 40, 200, 40, 200, 40, 160, 40, 160, 40, 200, 40, 200, 40, 180, 40, 180, 40, 180),
('Mood', 438, 2, 2, 3, 3, 2, 2, 2, 2, 2, 2, 3, 3, 3, 3, 2, 2, 2, 2, 2, 2, 2, 2, 2, 2),
('LivingCost', 439, 60, 260, 50, 200, 40, 350, 40, 350, 40, 350, 50, 200, 50, 200, 60, 260, 60, 260, 50, 200, 50, 200, 50, 200),
('Mood', 440, 2, 2, 2, 2, 3, 3, 3, 3, 3, 3, 2, 2, 2, 2, 3, 3, 2, 2, 3, 3, 2, 2, 2, 2),
('LivingCost', 441, 25, 200, 25, 170, 25, 200, 25, 200, 25, 200, 25, 170, 25, 170, 25, 200, 25, 200, 25, 180, 25, 180, 25, 180),
('Mood', 442, 3, 3, 3, 3, 3, 3, 3, 3, 3, 3, 3, 3, 3, 3, 3, 3, 3, 3, 3, 3, 3, 3, 3, 3),
('LivingCost', 443, 60, 280, 40, 200, 60, 280, 60, 280, 60, 280, 40, 200, 40, 200, 60, 280, 60, 280, 40, 280, 40, 280, 40, 280),
('Mood', 444, 2, 2, 2, 2, 2, 2, 2, 2, 2, 2, 2, 2, 2, 2, 2, 2, 2, 2, 2, 2, 2, 2, 2, 2),
('LivingCost', 445, 25, 300, 25, 400, 25, 245, 25, 245, 25, 245, 25, 400, 25, 400, 25, 300, 25, 300, 25, 400, 25, 400, 25, 400),
('Mood', 446, 3, 3, 3, 3, 3, 3, 3, 3, 3, 3, 3, 3, 3, 3, 3, 3, 3, 3, 3, 3, 3, 3, 3, 3),
('LivingCost', 447, 85, 535, 55, 355, 85, 535, 85, 535, 85, 535, 55, 355, 55, 355, 85, 535, 85, 535, 55, 385, 55, 385, 55, 385),
('Mood', 448, 2, 2, 3, 3, 2, 2, 2, 2, 2, 2, 3, 3, 3, 3, 2, 2, 3, 3, 2, 2, 2, 2, 2, 2),
('LivingCost', 449, 70, 340, 60, 700, 55, 500, 55, 500, 55, 500, 60, 700, 60, 700, 70, 340, 70, 340, 40, 600, 40, 600, 40, 600),
('Mood', 450, 3, 3, 3, 3, 3, 3, 3, 3, 3, 3, 3, 3, 3, 3, 3, 3, 3, 3, 3, 3, 3, 3, 3, 3),
('LivingCost', 451, 50, 350, 50, 300, 50, 1000, 50, 1000, 50, 1000, 50, 300, 50, 300, 50, 350, 50, 350, 40, 210, 40, 210, 40, 210),
('Mood', 452, 2, 2, 1, 1, 3, 3, 3, 3, 3, 3, 1, 1, 1, 1, 3, 3, 2, 2, 3, 3, 2, 2, 2, 2),
('LivingCost', 453, 50, 2000, 50, 300, 55, 900, 55, 900, 55, 900, 50, 300, 50, 300, 50, 2000, 50, 2000, 40, 255, 40, 255, 40, 255),
('Mood', 454, 1, 1, 1, 1, 2, 2, 2, 2, 2, 2, 1, 1, 1, 1, 2, 2, 1, 1, 2, 2, 2, 2, 1, 1),
('LivingCost', 455, 20, 460, 50, 700, 20, 360, 20, 360, 20, 360, 50, 700, 50, 700, 20, 460, 20, 460, 25, 550, 25, 550, 25, 550),
('Mood', 456, 2, 2, 3, 3, 2, 2, 2, 2, 2, 2, 3, 3, 3, 3, 2, 2, 3, 3, 2, 2, 2, 2, 3, 3),
('LivingCost', 457, 85, 535, 55, 355, 85, 535, 85, 535, 85, 535, 55, 355, 55, 355, 85, 535, 85, 535, 55, 385, 55, 385, 55, 385),
('Mood', 458, 2, 2, 1, 1, 2, 2, 2, 2, 2, 2, 1, 1, 1, 1, 2, 2, 1, 1, 2, 2, 2, 2, 1, 1),
('LivingCost', 459, 80, 220, 60, 335, 70, 220, 70, 220, 70, 220, 60, 335, 60, 335, 80, 220, 80, 220, 60, 335, 60, 335, 60, 335),
('Mood', 460, 2, 2, 2, 2, 2, 2, 2, 2, 2, 2, 2, 2, 2, 2, 2, 2, 2, 2, 2, 2, 2, 2, 2, 2),
('LivingCost', 461, 70, 375, 50, 715, 50, 375, 50, 375, 50, 375, 50, 715, 50, 715, 70, 375, 70, 375, 40, 715, 40, 715, 40, 715),
('Mood', 462, 2, 2, 2, 2, 3, 3, 2, 2, 2, 2, 2, 2, 2, 2, 2, 2, 2, 2, 2, 2, 2, 2, 2, 2),
('LivingCost', 463, 30, 625, 30, 685, 30, 480, 30, 480, 30, 480, 30, 685, 30, 685, 30, 625, 30, 625, 30, 685, 30, 685, 30, 685),
('Mood', 464, 3, 3, 3, 3, 2, 2, 2, 2, 2, 2, 3, 3, 3, 3, 3, 3, 3, 3, 2, 2, 3, 3, 3, 3),
('LivingCost', 465, 20, 460, 50, 410, 75, 1060, 75, 1060, 75, 1060, 50, 410, 50, 410, 20, 460, 20, 460, 35, 160, 35, 160, 35, 160),
('Mood', 466, 1, 1, 2, 2, 1, 1, 2, 2, 1, 1, 2, 2, 2, 2, 1, 1, 2, 2, 1, 1, 1, 1, 2, 2),
('LivingCost', 467, 20, 460, 35, 710, 20, 360, 20, 360, 20, 360, 35, 710, 35, 710, 20, 460, 20, 460, 20, 550, 20, 550, 20, 550),
('Mood', 468, 2, 2, 2, 2, 2, 2, 2, 2, 2, 2, 2, 2, 2, 2, 2, 2, 2, 2, 2, 2, 2, 2, 2, 2),
('LivingCost', 469, 45, 9000, 45, 9000, 50, 9000, 50, 9000, 50, 9000, 45, 9000, 45, 9000, 45, 9000, 45, 9000, 25, 9000, 25, 9000, 25, 9000),
('Mood', 470, 3, 3, 3, 3, 3, 3, 3, 3, 3, 3, 3, 3, 3, 3, 3, 3, 3, 3, 3, 3, 3, 3, 3, 3),
('LivingCost', 471, 60, 300, 45, 250, 60, 300, 60, 300, 60, 300, 45, 250, 45, 250, 60, 300, 60, 300, 45, 370, 45, 370, 45, 370);
INSERT INTO `DependingMonthProperty` (`PROPERTY_TYPE`, `id`, `APRIL_value_left`, `APRIL_value_right`, `AUGUST_value_left`, `AUGUST_value_right`, `DECEMBER_value_left`, `DECEMBER_value_right`, `FEBRUARY_value_left`, `FEBRUARY_value_right`, `JANUARY_value_left`, `JANUARY_value_right`, `JULY_value_left`, `JULY_value_right`, `JUNE_value_left`, `JUNE_value_right`, `MARCH_value_left`, `MARCH_value_right`, `MAY_value_left`, `MAY_value_right`, `NOVEMBER_value_left`, `NOVEMBER_value_right`, `OCTOBER_value_left`, `OCTOBER_value_right`, `SEPTEMBER_value_left`, `SEPTEMBER_value_right`) VALUES
('Mood', 472, 1, 1, 2, 2, 1, 1, 1, 1, 1, 1, 2, 2, 2, 2, 1, 1, 2, 2, 1, 1, 1, 1, 2, 2),
('LivingCost', 473, 20, 460, 25, 550, 25, 360, 25, 360, 25, 360, 25, 550, 25, 550, 20, 460, 20, 460, 20, 550, 20, 550, 20, 550),
('Mood', 474, 1, 1, 2, 2, 1, 1, 1, 1, 1, 1, 2, 2, 2, 2, 1, 1, 2, 2, 1, 1, 1, 1, 2, 2),
('LivingCost', 475, 60, 300, 60, 345, 30, 450, 30, 450, 30, 450, 60, 345, 60, 345, 60, 300, 60, 300, 55, 345, 55, 345, 55, 345),
('Mood', 476, 2, 2, 2, 2, 3, 3, 3, 3, 3, 3, 2, 2, 2, 2, 3, 3, 2, 2, 3, 3, 3, 3, 2, 2),
('LivingCost', 477, 20, 455, 25, 375, 20, 455, 20, 455, 20, 455, 25, 375, 25, 375, 20, 455, 20, 455, 25, 400, 25, 400, 25, 400),
('Mood', 478, 1, 1, 2, 2, 1, 1, 1, 1, 1, 1, 2, 2, 2, 2, 1, 1, 1, 1, 1, 1, 1, 1, 1, 1),
('LivingCost', 479, 45, 650, 50, 700, 50, 650, 50, 650, 50, 650, 50, 700, 50, 700, 45, 650, 45, 650, 45, 700, 45, 700, 45, 700),
('Mood', 480, 3, 3, 3, 3, 3, 3, 3, 3, 3, 3, 3, 3, 3, 3, 3, 3, 3, 3, 3, 3, 3, 3, 3, 3),
('LivingCost', 481, 20, 710, 35, 710, 35, 585, 35, 585, 35, 585, 35, 710, 35, 710, 20, 710, 20, 710, 35, 585, 35, 585, 35, 585),
('Mood', 482, 2, 2, 2, 2, 2, 2, 2, 2, 2, 2, 2, 2, 2, 2, 2, 2, 2, 2, 2, 2, 2, 2, 2, 2),
('LivingCost', 483, 25, 415, 30, 415, 20, 300, 20, 300, 20, 300, 30, 415, 30, 415, 25, 415, 25, 415, 30, 280, 30, 280, 30, 280),
('Mood', 484, 2, 2, 3, 3, 2, 2, 2, 2, 2, 2, 3, 3, 3, 3, 2, 2, 2, 2, 2, 2, 2, 2, 2, 2),
('LivingCost', 485, 30, 440, 35, 440, 20, 360, 20, 360, 20, 360, 35, 440, 35, 440, 30, 440, 30, 440, 20, 550, 20, 550, 20, 550),
('Mood', 486, 1, 1, 2, 2, 1, 1, 1, 1, 1, 1, 2, 2, 2, 2, 1, 1, 1, 1, 1, 1, 1, 1, 1, 1),
('LivingCost', 487, 55, 310, 45, 250, 55, 310, 55, 310, 55, 310, 45, 250, 45, 250, 55, 310, 55, 310, 45, 370, 45, 370, 45, 370),
('Mood', 488, 1, 1, 2, 2, 1, 1, 1, 1, 1, 1, 2, 2, 2, 2, 1, 1, 1, 1, 1, 1, 1, 1, 1, 1),
('LivingCost', 489, 25, 410, 30, 410, 20, 305, 20, 305, 20, 305, 30, 410, 30, 410, 25, 410, 25, 410, 30, 280, 30, 280, 30, 280),
('Mood', 490, 1, 1, 2, 2, 1, 1, 1, 1, 1, 1, 2, 2, 2, 2, 1, 1, 1, 1, 1, 1, 1, 1, 1, 1),
('LivingCost', 491, 20, 430, 25, 375, 20, 430, 20, 430, 20, 430, 25, 375, 25, 375, 20, 430, 20, 430, 25, 400, 25, 400, 25, 400),
('Mood', 492, 1, 1, 2, 2, 1, 1, 1, 1, 1, 1, 2, 2, 2, 2, 1, 1, 1, 1, 1, 1, 1, 1, 1, 1),
('LivingCost', 493, 30, 410, 25, 410, 20, 300, 20, 300, 20, 300, 25, 410, 25, 410, 30, 410, 30, 410, 30, 280, 30, 280, 30, 280),
('Mood', 494, 1, 1, 2, 2, 1, 1, 1, 1, 1, 1, 2, 2, 2, 2, 1, 1, 1, 1, 1, 1, 1, 1, 1, 1),
('LivingCost', 495, 25, 415, 25, 415, 20, 300, 20, 300, 20, 300, 25, 415, 25, 415, 25, 415, 25, 415, 25, 295, 25, 295, 25, 295),
('Mood', 496, 1, 1, 1, 1, 1, 1, 1, 1, 1, 1, 1, 1, 1, 1, 1, 1, 1, 1, 1, 1, 1, 1, 1, 1),
('LivingCost', 497, 30, 440, 35, 440, 20, 360, 20, 360, 20, 360, 35, 440, 35, 440, 30, 440, 30, 440, 20, 550, 20, 550, 20, 550),
('Mood', 498, 2, 2, 2, 2, 2, 2, 2, 2, 2, 2, 2, 2, 2, 2, 2, 2, 2, 2, 2, 2, 2, 2, 2, 2),
('LivingCost', 499, 60, 300, 60, 345, 30, 450, 30, 450, 30, 450, 60, 345, 60, 345, 60, 300, 60, 300, 55, 345, 55, 345, 55, 345),
('Mood', 500, 2, 2, 3, 3, 2, 2, 2, 2, 2, 2, 3, 3, 3, 3, 2, 2, 3, 3, 2, 2, 2, 2, 3, 3),
('LivingCost', 501, 30, 440, 35, 440, 20, 360, 20, 360, 20, 360, 35, 440, 35, 440, 30, 440, 30, 440, 20, 550, 20, 550, 20, 550),
('Mood', 502, 2, 2, 2, 2, 2, 2, 2, 2, 2, 2, 2, 2, 2, 2, 2, 2, 2, 2, 2, 2, 2, 2, 2, 2),
('LivingCost', 503, 45, 550, 50, 600, 50, 550, 50, 550, 50, 550, 50, 600, 50, 600, 45, 550, 45, 550, 45, 600, 45, 600, 45, 600),
('Mood', 504, 2, 2, 2, 2, 2, 2, 2, 2, 2, 2, 2, 2, 2, 2, 2, 2, 2, 2, 2, 2, 2, 2, 2, 2),
('LivingCost', 505, 40, 200, 40, 160, 40, 200, 40, 200, 40, 200, 40, 160, 40, 160, 40, 200, 40, 200, 40, 180, 40, 180, 40, 180),
('Mood', 506, 1, 1, 1, 1, 1, 1, 1, 1, 1, 1, 1, 1, 1, 1, 1, 1, 1, 1, 1, 1, 1, 1, 1, 1),
('LivingCost', 507, 25, 415, 30, 415, 20, 300, 20, 300, 20, 300, 30, 415, 30, 415, 25, 415, 25, 415, 30, 280, 30, 280, 30, 280),
('Mood', 508, 1, 1, 1, 1, 1, 1, 1, 1, 1, 1, 1, 1, 1, 1, 1, 1, 1, 1, 1, 1, 1, 1, 1, 1),
('LivingCost', 509, 20, 460, 35, 710, 20, 360, 20, 360, 20, 360, 35, 710, 35, 710, 20, 460, 20, 460, 20, 550, 20, 550, 20, 550),
('Mood', 510, 1, 1, 1, 1, 1, 1, 1, 1, 1, 1, 1, 1, 1, 1, 1, 1, 1, 1, 1, 1, 1, 1, 1, 1),
('LivingCost', 511, 70, 340, 60, 700, 55, 500, 55, 500, 55, 500, 60, 700, 60, 700, 70, 340, 70, 340, 40, 600, 40, 600, 40, 600),
('Mood', 512, 3, 3, 3, 3, 3, 3, 3, 3, 3, 3, 3, 3, 3, 3, 3, 3, 3, 3, 3, 3, 3, 3, 3, 3),
('LivingCost', 513, 25, 250, 20, 560, 25, 190, 25, 190, 25, 190, 20, 560, 20, 560, 25, 250, 25, 250, 20, 250, 20, 250, 20, 250),
('Mood', 514, 1, 1, 2, 2, 1, 1, 1, 1, 1, 1, 2, 2, 2, 2, 1, 1, 1, 1, 1, 1, 1, 1, 2, 2),
('LivingCost', 515, 25, 185, 25, 620, 25, 515, 25, 515, 25, 515, 25, 620, 25, 620, 25, 185, 25, 185, 15, 400, 15, 400, 15, 400),
('Mood', 516, 1, 1, 2, 2, 1, 1, 1, 1, 1, 1, 3, 3, 2, 2, 1, 1, 2, 2, 2, 2, 2, 2, 2, 2),
('LivingCost', 517, 20, 130, 15, 135, 15, 135, 15, 135, 15, 135, 15, 135, 15, 135, 20, 130, 20, 130, 15, 135, 15, 135, 15, 135),
('Mood', 518, 1, 1, 1, 1, 1, 1, 1, 1, 1, 1, 1, 1, 1, 1, 1, 1, 1, 1, 1, 1, 1, 1, 1, 1),
('LivingCost', 519, 15, 320, 20, 210, 15, 440, 15, 440, 15, 440, 20, 210, 20, 210, 15, 320, 15, 320, 20, 210, 20, 210, 20, 210),
('Mood', 520, 2, 2, 3, 3, 1, 1, 1, 1, 1, 1, 3, 3, 2, 2, 1, 1, 2, 2, 1, 1, 2, 2, 3, 3),
('LivingCost', 521, 15, 680, 15, 415, 25, 820, 25, 820, 25, 820, 15, 415, 15, 415, 15, 680, 15, 680, 10, 435, 10, 435, 10, 435),
('Mood', 522, 3, 3, 3, 3, 3, 3, 3, 3, 3, 3, 3, 3, 3, 3, 3, 3, 3, 3, 3, 3, 3, 3, 3, 3),
('LivingCost', 523, 50, 70, 25, 125, 35, 80, 35, 80, 35, 80, 25, 125, 25, 125, 50, 70, 50, 70, 25, 125, 25, 125, 25, 125),
('Mood', 524, 1, 1, 1, 1, 1, 1, 1, 1, 1, 1, 1, 1, 1, 1, 1, 1, 1, 1, 1, 1, 1, 1, 1, 1),
('LivingCost', 525, 35, 165, 25, 240, 30, 145, 30, 145, 30, 145, 25, 240, 25, 240, 35, 165, 35, 165, 20, 220, 20, 220, 20, 220),
('Mood', 526, 2, 2, 2, 2, 2, 2, 2, 2, 2, 2, 2, 2, 2, 2, 2, 2, 2, 2, 2, 2, 2, 2, 2, 2),
('LivingCost', 527, 45, 315, 30, 460, 45, 1375, 45, 1375, 45, 1375, 30, 460, 30, 460, 45, 315, 45, 315, 30, 535, 30, 535, 30, 535),
('Mood', 528, 1, 1, 1, 1, 2, 2, 2, 2, 2, 2, 1, 1, 1, 1, 2, 2, 1, 1, 2, 2, 1, 1, 1, 1),
('LivingCost', 529, 25, 450, 20, 560, 25, 190, 25, 190, 25, 190, 20, 560, 20, 560, 25, 450, 25, 450, 20, 250, 20, 250, 20, 250),
('Mood', 530, 1, 1, 1, 1, 2, 2, 2, 2, 2, 2, 1, 1, 1, 1, 2, 2, 1, 1, 2, 2, 1, 1, 1, 1),
('LivingCost', 531, 15, 680, 15, 390, 25, 805, 25, 805, 25, 805, 15, 390, 15, 390, 15, 680, 15, 680, 15, 435, 15, 435, 15, 435),
('Mood', 532, 3, 3, 3, 3, 3, 3, 3, 3, 3, 3, 3, 3, 3, 3, 3, 3, 3, 3, 3, 3, 3, 3, 3, 3),
('LivingCost', 533, 15, 325, 20, 210, 15, 440, 15, 440, 15, 440, 20, 210, 20, 210, 15, 325, 15, 325, 25, 210, 25, 210, 25, 210),
('Mood', 534, 1, 1, 2, 2, 2, 2, 2, 2, 2, 2, 1, 1, 1, 1, 2, 2, 1, 1, 2, 2, 1, 1, 1, 1),
('LivingCost', 535, 35, 315, 35, 460, 45, 965, 45, 965, 45, 965, 35, 460, 35, 460, 35, 315, 35, 315, 30, 535, 30, 535, 30, 535),
('Mood', 536, 2, 2, 2, 2, 2, 2, 2, 2, 2, 2, 2, 2, 2, 2, 2, 2, 2, 2, 2, 2, 2, 2, 2, 2),
('LivingCost', 537, 20, 230, 15, 235, 15, 235, 15, 235, 15, 235, 15, 235, 15, 235, 20, 230, 20, 230, 15, 235, 15, 235, 15, 235),
('Mood', 538, 1, 1, 2, 2, 2, 2, 2, 2, 2, 2, 1, 1, 1, 1, 2, 2, 1, 1, 1, 1, 1, 1, 2, 2),
('LivingCost', 539, 20, 680, 20, 390, 25, 765, 25, 765, 25, 765, 20, 390, 20, 390, 20, 680, 20, 680, 20, 435, 20, 435, 20, 435),
('Mood', 540, 3, 3, 2, 2, 3, 3, 3, 3, 3, 3, 2, 2, 2, 2, 3, 3, 3, 3, 3, 3, 3, 3, 2, 2),
('LivingCost', 541, 25, 430, 25, 560, 25, 190, 25, 190, 25, 190, 25, 560, 25, 560, 25, 430, 25, 430, 25, 250, 25, 250, 25, 250),
('Mood', 542, 1, 1, 2, 2, 1, 1, 1, 1, 1, 1, 1, 1, 1, 1, 1, 1, 1, 1, 1, 1, 1, 1, 1, 1),
('LivingCost', 543, 15, 320, 20, 210, 15, 440, 15, 440, 15, 440, 20, 210, 20, 210, 15, 320, 15, 320, 25, 210, 25, 210, 25, 210),
('Mood', 544, 2, 2, 2, 2, 3, 3, 2, 2, 3, 3, 2, 2, 2, 2, 2, 2, 2, 2, 2, 2, 2, 2, 2, 2),
('LivingCost', 545, 25, 430, 20, 520, 25, 240, 25, 240, 25, 240, 20, 520, 20, 520, 25, 430, 25, 430, 20, 280, 20, 280, 20, 280),
('Mood', 546, 2, 2, 2, 2, 3, 3, 2, 2, 3, 3, 2, 2, 2, 2, 2, 2, 2, 2, 2, 2, 2, 2, 2, 2),
('LivingCost', 547, 15, 680, 15, 495, 25, 795, 25, 795, 25, 795, 15, 495, 15, 495, 15, 680, 15, 680, 15, 525, 15, 525, 15, 525),
('Mood', 548, 3, 3, 3, 3, 3, 3, 3, 3, 3, 3, 3, 3, 3, 3, 3, 3, 3, 3, 3, 3, 3, 3, 3, 3),
('LivingCost', 549, 15, 320, 20, 215, 15, 440, 15, 440, 15, 440, 20, 215, 20, 215, 15, 320, 15, 320, 20, 215, 20, 215, 20, 215),
('Mood', 550, 2, 2, 2, 2, 2, 2, 2, 2, 2, 2, 2, 2, 2, 2, 2, 2, 2, 2, 2, 2, 2, 2, 2, 2),
('LivingCost', 551, 15, 325, 20, 210, 15, 440, 15, 440, 15, 440, 20, 210, 20, 210, 15, 325, 15, 325, 25, 210, 25, 210, 25, 210),
('Mood', 552, 1, 1, 1, 1, 2, 2, 1, 1, 1, 1, 1, 1, 1, 1, 1, 1, 1, 1, 2, 2, 2, 2, 2, 2),
('LivingCost', 553, 25, 350, 20, 460, 25, 190, 25, 190, 25, 190, 20, 460, 20, 460, 25, 350, 25, 350, 20, 250, 20, 250, 20, 250),
('Mood', 554, 2, 2, 2, 2, 1, 1, 1, 1, 1, 1, 2, 2, 3, 3, 1, 1, 3, 3, 1, 1, 1, 1, 2, 2),
('LivingCost', 555, 15, 675, 15, 595, 20, 780, 20, 780, 20, 780, 15, 595, 15, 595, 15, 675, 15, 675, 15, 630, 15, 630, 15, 630),
('Mood', 556, 3, 3, 3, 3, 3, 3, 3, 3, 3, 3, 3, 3, 3, 3, 3, 3, 3, 3, 3, 3, 3, 3, 3, 3),
('LivingCost', 557, 25, 450, 20, 445, 25, 190, 25, 190, 25, 190, 20, 445, 20, 445, 25, 450, 25, 450, 20, 250, 20, 250, 20, 250),
('Mood', 558, 2, 2, 2, 2, 2, 2, 2, 2, 2, 2, 2, 2, 2, 2, 2, 2, 2, 2, 2, 2, 2, 2, 2, 2),
('Temperature', 559, 10, 10, 19, 19, 1, 1, 0, 0, 0, 0, 20, 20, 17, 17, 5, 5, 15, 15, 4, 4, 10, 10, 16, 16),
('Temperature', 560, 7, 7, 15, 15, 0, 0, 0, 0, -2, -2, 16, 16, 13, 13, 3, 3, 11, 11, 2, 2, 9, 9, 13, 13),
('Temperature', 561, 1, 1, 11, 11, -1, -1, -4, -4, -3, -3, 11, 11, 8, 8, -1, -1, 6, 6, 0, 0, 6, 6, 8, 8),
('Temperature', 562, 10, 10, 19, 19, 1, 1, 0, 0, 0, 0, 20, 20, 17, 17, 5, 5, 15, 15, 4, 4, 10, 10, 16, 16),
('Temperature', 563, 1, 1, 11, 11, -1, -1, -4, -4, -3, -3, 11, 11, 8, 8, -1, -1, 6, 6, 0, 0, 6, 6, 8, 8),
('Temperature', 564, 1, 1, 11, 11, -1, -1, -4, -4, -3, -3, 11, 11, 8, 8, -1, -1, 6, 6, 0, 0, 6, 6, 8, 8),
('Temperature', 565, 1, 1, 11, 11, -1, -1, -4, -4, -3, -3, 11, 11, 8, 8, -1, -1, 6, 6, 0, 0, 6, 6, 8, 8),
('Temperature', 566, 9, 9, 18, 18, 2, 2, 0, 0, 0, 0, 19, 19, 16, 16, 5, 5, 13, 13, 4, 4, 11, 11, 15, 15),
('Temperature', 567, 10, 10, 20, 20, 2, 2, 3, 3, 2, 2, 20, 20, 18, 18, 6, 6, 15, 15, 4, 4, 10, 10, 16, 16),
('Temperature', 568, 9, 9, 18, 18, 2, 2, 3, 3, 3, 3, 19, 19, 18, 18, 4, 4, 14, 14, 4, 4, 10, 10, 15, 15),
('Temperature', 569, 8, 8, 17, 17, 0, 0, 0, 0, -1, -1, 18, 18, 15, 15, 4, 4, 13, 13, 3, 3, 10, 10, 14, 14),
('Temperature', 570, 9, 9, 18, 18, 3, 3, 4, 4, 3, 3, 18, 18, 16, 16, 5, 5, 14, 14, 4, 4, 10, 10, 15, 15),
('Temperature', 571, 12, 12, 22, 22, 1, 1, 3, 3, 0, 0, 22, 22, 19, 19, 8, 8, 16, 16, 5, 5, 12, 12, 18, 18),
('Temperature', 572, 10, 10, 18, 18, 3, 3, 4, 4, 4, 4, 19, 19, 17, 17, 6, 6, 14, 14, 4, 4, 9, 9, 15, 15),
('Temperature', 573, 8, 8, 17, 17, 0, 0, 0, 0, -1, -1, 18, 18, 15, 15, 4, 4, 13, 13, 3, 3, 10, 10, 14, 14),
('Temperature', 574, 8, 8, 18, 18, 3, 3, 4, 4, 3, 3, 19, 19, 17, 17, 5, 5, 14, 14, 3, 3, 9, 9, 14, 14),
('Temperature', 575, 8, 8, 17, 17, 0, 0, 0, 0, -1, -1, 18, 18, 15, 15, 4, 4, 13, 13, 3, 3, 10, 10, 14, 14),
('Temperature', 576, 8, 8, 17, 17, 0, 0, 0, 0, -1, -1, 18, 18, 15, 15, 4, 4, 13, 13, 3, 3, 10, 10, 14, 14),
('Temperature', 577, 8, 8, 18, 18, 2, 2, 3, 3, 2, 2, 18, 18, 16, 16, 5, 5, 13, 13, 3, 3, 9, 9, 14, 14),
('Temperature', 578, 7, 7, 15, 15, 0, 0, 0, 0, -2, -2, 16, 16, 13, 13, 3, 3, 11, 11, 2, 2, 9, 9, 13, 13),
('Temperature', 579, 8, 8, 18, 18, 0, 0, 0, 0, -1, -1, 18, 18, 16, 16, 3, 3, 13, 13, 3, 3, 9, 9, 14, 14),
('Temperature', 580, 1, 1, 11, 11, -1, -1, -4, -4, -3, -3, 11, 11, 8, 8, -1, -1, 6, 6, 0, 0, 6, 6, 8, 8),
('Temperature', 581, 12, 12, 22, 22, 1, 1, 3, 3, 0, 0, 22, 22, 19, 19, 8, 8, 16, 16, 5, 5, 12, 12, 18, 18),
('Temperature', 582, 1, 1, 11, 11, -1, -1, -4, -4, -3, -3, 11, 11, 8, 8, -1, -1, 6, 6, 0, 0, 6, 6, 8, 8),
('Temperature', 583, 7, 7, 15, 15, 0, 0, 0, 0, -2, -2, 16, 16, 13, 13, 3, 3, 11, 11, 2, 2, 9, 9, 13, 13),
('Temperature', 584, 8, 8, 17, 17, 0, 0, 0, 0, -1, -1, 18, 18, 15, 15, 4, 4, 13, 13, 3, 3, 10, 10, 14, 14),
('Temperature', 585, 13, 13, 26, 26, 9, 9, 8, 8, 8, 8, 26, 26, 24, 24, 10, 10, 18, 18, 12, 12, 15, 15, 22, 22),
('Temperature', 586, 15, 15, 26, 26, 10, 10, 9, 9, 8, 8, 26, 26, 24, 24, 12, 12, 20, 20, 14, 14, 19, 19, 23, 23),
('Temperature', 587, 9, 9, 22, 22, 3, 3, 4, 4, 3, 3, 21, 21, 18, 18, 4, 4, 14, 14, 6, 6, 12, 12, 16, 16),
('Temperature', 588, 14, 14, 24, 24, 11, 11, 9, 9, 9, 9, 24, 24, 22, 22, 11, 11, 18, 18, 14, 14, 17, 17, 21, 21),
('Temperature', 589, 14, 14, 26, 26, 10, 10, 9, 9, 9, 9, 26, 26, 24, 24, 11, 11, 19, 19, 12, 12, 16, 16, 23, 23),
('Temperature', 590, 13, 13, 24, 24, 9, 9, 7, 7, 7, 7, 24, 24, 22, 22, 10, 10, 17, 17, 12, 12, 16, 16, 20, 20),
('Temperature', 591, 13, 13, 25, 25, 7, 7, 5, 5, 5, 5, 25, 25, 22, 22, 9, 9, 18, 18, 11, 11, 16, 16, 21, 21),
('Temperature', 592, -5, -5, 4, 4, -9, -9, -11, -11, -11, -11, 3, 3, 2, 2, -9, -9, 0, 0, -6, -6, -1, -1, 1, 1),
('Temperature', 593, 4, 4, 11, 11, 3, 3, 4, 4, 3, 3, 12, 12, 8, 8, 4, 4, 4, 4, 4, 4, 5, 5, 9, 9),
('Temperature', 594, 7, 7, 17, 17, 3, 3, 4, 4, 4, 4, 18, 18, 16, 16, 3, 3, 13, 13, 2, 2, 6, 6, 12, 12),
('Temperature', 595, 6, 6, 16, 16, -4, -4, -6, -6, -6, -6, 17, 17, 15, 15, -1, -1, 13, 13, 0, 0, 6, 6, 11, 11),
('Temperature', 596, 8, 8, 17, 17, 4, 4, 2, 2, 3, 3, 17, 17, 15, 15, 6, 6, 12, 12, 6, 6, 11, 11, 14, 14),
('Temperature', 597, 8, 8, 18, 18, 5, 5, 3, 3, 3, 3, 17, 17, 15, 15, 5, 5, 12, 12, 8, 8, 12, 12, 15, 15),
('Temperature', 598, 9, 9, 17, 17, 3, 3, 3, 3, 2, 2, 17, 17, 16, 16, 5, 5, 13, 13, 6, 6, 10, 10, 15, 15),
('Temperature', 599, 9, 9, 21, 21, 4, 4, 1, 1, 1, 1, 21, 21, 19, 19, 4, 4, 14, 14, 6, 6, 13, 13, 18, 18),
('Temperature', 600, 5, 5, 15, 15, 3, 3, 4, 4, 4, 4, 15, 15, 13, 13, 4, 4, 9, 9, 3, 3, 7, 7, 11, 11),
('Temperature', 601, 10, 10, 25, 25, 5, 5, 4, 4, 4, 4, 25, 25, 21, 21, 7, 7, 16, 16, 9, 9, 14, 14, 19, 19),
('Temperature', 602, 12, 12, 22, 22, 3, 3, 4, 4, 3, 3, 23, 23, 21, 21, 6, 6, 17, 17, 7, 7, 13, 13, 18, 18),
('Temperature', 603, 9, 9, 19, 19, 3, 3, 4, 4, 3, 3, 19, 19, 17, 17, 5, 5, 14, 14, 5, 5, 11, 11, 15, 15),
('Temperature', 604, 7, 7, 14, 14, 5, 5, 4, 4, 4, 4, 15, 15, 13, 13, 6, 6, 10, 10, 6, 6, 9, 9, 12, 12),
('Temperature', 605, 9, 9, 17, 17, 7, 7, 5, 5, 5, 5, 18, 18, 15, 15, 7, 7, 12, 12, 8, 8, 12, 12, 15, 15),
('Temperature', 606, 8, 8, 15, 15, 4, 4, 4, 4, 4, 4, 15, 15, 13, 13, 6, 6, 11, 11, 6, 6, 9, 9, 12, 12),
('Temperature', 607, 8, 8, 16, 16, 4, 4, 4, 4, 3, 3, 16, 16, 14, 14, 6, 6, 11, 11, 7, 7, 10, 10, 14, 14),
('Temperature', 608, 9, 9, 17, 17, 5, 5, 4, 4, 4, 4, 16, 16, 15, 15, 6, 6, 12, 12, 7, 7, 11, 11, 14, 14),
('Temperature', 609, 7, 7, 15, 15, 3, 3, 3, 3, 3, 3, 15, 15, 13, 13, 5, 5, 10, 10, 5, 5, 9, 9, 13, 13),
('Temperature', 610, 9, 9, 18, 18, 5, 5, 5, 5, 5, 5, 18, 18, 16, 16, 7, 7, 13, 13, 8, 8, 12, 12, 15, 15),
('Temperature', 611, 8, 8, 16, 16, 4, 4, 4, 4, 4, 4, 16, 16, 14, 14, 6, 6, 11, 11, 6, 6, 10, 10, 13, 13),
('Temperature', 612, 8, 8, 16, 16, 4, 4, 4, 4, 4, 4, 16, 16, 15, 15, 6, 6, 11, 11, 6, 6, 10, 10, 14, 14),
('Temperature', 613, 8, 8, 15, 15, 4, 4, 4, 4, 3, 3, 15, 15, 13, 13, 6, 6, 10, 10, 6, 6, 9, 9, 12, 12),
('Temperature', 614, 11, 11, 20, 20, 2, 2, 3, 3, 2, 2, 20, 20, 19, 19, 5, 5, 16, 16, 5, 5, 11, 11, 16, 16),
('Temperature', 615, 11, 11, 19, 19, 2, 2, 3, 3, 3, 3, 20, 20, 19, 19, 5, 5, 15, 15, 4, 4, 10, 10, 16, 16),
('Temperature', 616, 5, 5, 15, 15, -2, -2, -3, -3, -3, -3, 15, 15, 13, 13, 0, 0, 11, 11, 0, 0, 7, 7, 12, 12),
('Temperature', 617, 8, 8, 18, 18, 2, 2, 2, 2, 2, 2, 19, 19, 17, 17, 4, 4, 13, 13, 4, 4, 9, 9, 14, 14),
('Temperature', 618, 7, 7, 16, 16, 2, 2, 1, 1, 1, 1, 17, 17, 14, 14, 4, 4, 12, 12, 5, 5, 10, 10, 13, 13),
('Temperature', 619, 7, 7, 17, 17, 2, 2, 2, 2, 2, 2, 17, 17, 15, 15, 4, 4, 12, 12, 4, 4, 9, 9, 13, 13),
('Temperature', 620, 7, 7, 17, 17, 2, 2, 3, 3, 2, 2, 17, 17, 15, 15, 4, 4, 12, 12, 5, 5, 9, 9, 14, 14),
('Temperature', 621, 7, 7, 15, 15, 0, 0, 0, 0, -2, -2, 16, 16, 13, 13, 3, 3, 11, 11, 2, 2, 9, 9, 13, 13),
('Temperature', 622, 7, 7, 17, 17, 1, 1, 2, 2, 1, 1, 17, 17, 16, 16, 4, 4, 12, 12, 4, 4, 9, 9, 14, 14),
('Temperature', 623, 8, 8, 17, 17, 3, 3, 2, 2, 2, 2, 17, 17, 16, 16, 5, 5, 13, 13, 5, 5, 11, 11, 14, 14),
('Temperature', 624, 8, 8, 18, 18, 3, 3, 3, 3, 2, 2, 18, 18, 16, 16, 6, 6, 13, 13, 5, 5, 10, 10, 14, 14),
('Temperature', 625, 8, 8, 17, 17, 2, 2, 3, 3, 3, 3, 17, 17, 15, 15, 4, 4, 12, 12, 3, 3, 9, 9, 14, 14),
('Temperature', 626, 9, 9, 19, 19, 2, 2, 3, 3, 2, 2, 19, 19, 17, 17, 6, 6, 13, 13, 4, 4, 10, 10, 15, 15),
('Temperature', 627, 7, 7, 17, 17, 3, 3, 3, 3, 3, 3, 18, 18, 15, 15, 4, 4, 12, 12, 4, 4, 9, 9, 13, 13),
('Temperature', 628, 16, 16, 27, 27, 11, 11, 10, 10, 9, 9, 27, 27, 25, 25, 12, 12, 20, 20, 14, 14, 19, 19, 24, 24),
('Temperature', 629, 16, 16, 25, 25, 13, 13, 12, 12, 12, 12, 25, 25, 23, 23, 13, 13, 19, 19, 16, 16, 19, 19, 22, 22),
('Temperature', 630, 14, 14, 24, 24, 11, 11, 10, 10, 9, 9, 24, 24, 22, 22, 11, 11, 18, 18, 13, 13, 18, 18, 22, 22),
('Temperature', 631, 15, 15, 24, 24, 13, 13, 11, 11, 12, 12, 24, 24, 22, 22, 12, 12, 18, 18, 15, 15, 19, 19, 22, 22),
('Temperature', 632, 16, 16, 26, 26, 13, 13, 11, 11, 11, 11, 26, 26, 24, 24, 13, 13, 20, 20, 16, 16, 20, 20, 24, 24),
('Temperature', 633, 13, 13, 24, 24, 7, 7, 6, 6, 5, 5, 25, 25, 22, 22, 9, 9, 18, 18, 11, 11, 16, 16, 21, 21),
('Temperature', 634, 18, 18, 27, 27, 14, 14, 14, 14, 13, 13, 26, 26, 25, 25, 15, 15, 21, 21, 18, 18, 22, 22, 26, 26),
('Temperature', 635, 5, 5, 16, 16, 2, 2, 2, 2, 1, 1, 16, 16, 15, 15, 2, 2, 11, 11, 4, 4, 9, 9, 13, 13),
('Temperature', 636, 6, 6, 15, 15, 2, 2, 2, 2, 2, 2, 16, 16, 14, 14, 3, 3, 10, 10, 4, 4, 9, 9, 12, 12),
('Temperature', 637, 6, 6, 16, 16, 2, 2, 0, 0, 0, 0, 16, 16, 14, 14, 3, 3, 11, 11, 5, 5, 9, 9, 13, 13),
('Temperature', 638, 5, 5, 16, 16, 2, 2, 0, 0, 0, 0, 16, 16, 14, 14, 2, 2, 10, 10, 5, 5, 10, 10, 13, 13),
('Temperature', 639, 6, 6, 15, 15, 1, 1, 0, 0, 0, 0, 16, 16, 13, 13, 2, 2, 11, 11, 4, 4, 9, 9, 12, 12),
('Temperature', 640, 5, 5, 16, 16, 1, 1, 0, 0, 0, 0, 17, 17, 15, 15, 1, 1, 11, 11, 4, 4, 8, 8, 13, 13),
('Temperature', 641, 9, 9, 15, 15, 6, 6, 6, 6, 5, 5, 15, 15, 13, 13, 7, 7, 11, 11, 8, 8, 10, 10, 13, 13),
('Temperature', 642, 8, 8, 15, 15, 6, 6, 5, 5, 5, 5, 16, 16, 14, 14, 7, 7, 11, 11, 8, 8, 11, 11, 14, 14),
('Temperature', 643, 7, 7, 14, 14, 5, 5, 4, 4, 4, 4, 15, 15, 13, 13, 6, 6, 10, 10, 6, 6, 10, 10, 12, 12),
('Temperature', 644, 9, 9, 16, 16, 6, 6, 6, 6, 6, 6, 16, 16, 14, 14, 7, 7, 12, 12, 8, 8, 11, 11, 14, 14),
('Temperature', 645, 3, 3, 10, 10, 3, 3, 3, 3, 3, 3, 11, 11, 9, 9, 3, 3, 5, 5, 2, 2, 3, 3, 6, 6),
('Temperature', 646, 3, 3, 10, 10, 2, 2, 2, 2, 2, 2, 10, 10, 9, 9, 2, 2, 6, 6, 2, 2, 4, 4, 7, 7),
('Temperature', 647, 4, 4, 13, 13, 1, 1, 1, 1, 0, 0, 13, 13, 12, 12, 2, 2, 9, 9, 4, 4, 8, 8, 10, 10),
('Temperature', 648, 13, 13, 23, 23, 10, 10, 9, 9, 8, 8, 23, 23, 19, 19, 11, 11, 16, 16, 12, 12, 17, 17, 21, 21),
('Temperature', 649, 11, 11, 20, 20, 10, 10, 9, 9, 8, 8, 20, 20, 17, 17, 10, 10, 15, 15, 12, 12, 15, 15, 18, 18),
('Temperature', 650, 15, 15, 25, 25, 12, 12, 12, 12, 11, 11, 24, 24, 22, 22, 13, 13, 18, 18, 14, 14, 19, 19, 23, 23),
('Temperature', 651, 12, 12, 25, 25, 7, 7, 8, 8, 6, 6, 25, 25, 21, 21, 10, 10, 16, 16, 10, 10, 15, 15, 21, 21),
('Temperature', 652, 14, 14, 25, 25, 13, 13, 12, 12, 11, 11, 25, 25, 21, 21, 13, 13, 18, 18, 15, 15, 19, 19, 23, 23),
('Temperature', 653, 14, 14, 24, 24, 10, 10, 10, 10, 9, 9, 24, 24, 21, 21, 11, 11, 17, 17, 13, 13, 17, 17, 21, 21),
('Temperature', 654, 12, 12, 24, 24, 6, 6, 7, 7, 6, 6, 24, 24, 21, 21, 10, 10, 16, 16, 9, 9, 14, 14, 20, 20),
('Temperature', 655, 15, 15, 25, 25, 13, 13, 12, 12, 11, 11, 25, 25, 22, 22, 13, 13, 18, 18, 15, 15, 19, 19, 23, 23),
('Temperature', 656, 19, 19, 25, 25, 19, 19, 18, 18, 17, 17, 24, 24, 22, 22, 18, 18, 20, 20, 21, 21, 23, 23, 24, 24),
('Temperature', 657, 16, 16, 27, 27, 11, 11, 12, 12, 10, 10, 27, 27, 23, 23, 14, 14, 19, 19, 14, 14, 19, 19, 24, 24),
('Temperature', 658, 11, 11, 22, 22, 7, 7, 7, 7, 6, 6, 22, 22, 19, 19, 10, 10, 15, 15, 10, 10, 15, 15, 19, 19),
('Temperature', 659, 12, 12, 23, 23, 3, 3, 4, 4, 3, 3, 24, 24, 21, 21, 8, 8, 17, 17, 7, 7, 14, 14, 20, 20),
('Temperature', 660, 12, 12, 22, 22, 3, 3, 4, 4, 3, 3, 22, 22, 20, 20, 7, 7, 16, 16, 7, 7, 13, 13, 18, 18),
('Temperature', 661, 12, 12, 22, 22, 3, 3, 4, 4, 3, 3, 23, 23, 20, 20, 8, 8, 16, 16, 7, 7, 13, 13, 19, 19),
('Temperature', 662, 13, 13, 24, 24, 9, 9, 9, 9, 8, 8, 24, 24, 20, 20, 11, 11, 17, 17, 12, 12, 16, 16, 21, 21),
('Temperature', 663, 13, 13, 23, 23, 11, 11, 9, 9, 9, 9, 23, 23, 20, 20, 10, 10, 16, 16, 14, 14, 17, 17, 21, 21),
('Temperature', 664, 13, 13, 25, 25, 11, 11, 10, 10, 9, 9, 24, 24, 21, 21, 11, 11, 17, 17, 13, 13, 18, 18, 22, 22),
('Temperature', 665, 14, 14, 24, 24, 11, 11, 10, 10, 10, 10, 24, 24, 21, 21, 11, 11, 17, 17, 14, 14, 18, 18, 22, 22),
('Temperature', 666, 12, 12, 22, 22, 3, 3, 4, 4, 3, 3, 23, 23, 20, 20, 8, 8, 16, 16, 6, 6, 13, 13, 18, 18),
('Temperature', 667, 13, 13, 23, 23, 9, 9, 8, 8, 8, 8, 23, 23, 20, 20, 10, 10, 17, 17, 12, 12, 16, 16, 20, 20),
('Temperature', 668, 15, 15, 26, 26, 13, 13, 12, 12, 11, 11, 25, 25, 22, 22, 13, 13, 18, 18, 16, 16, 20, 20, 24, 24),
('Temperature', 669, 12, 12, 22, 22, 7, 7, 7, 7, 6, 6, 22, 22, 19, 19, 9, 9, 16, 16, 10, 10, 15, 15, 20, 20),
('Temperature', 670, 12, 12, 24, 24, 8, 8, 8, 8, 7, 7, 24, 24, 21, 21, 10, 10, 17, 17, 11, 11, 16, 16, 20, 20),
('Temperature', 671, 12, 12, 22, 22, 4, 4, 5, 5, 2, 2, 23, 23, 20, 20, 8, 8, 16, 16, 9, 9, 14, 14, 19, 19),
('Temperature', 672, 13, 13, 23, 23, 6, 6, 7, 7, 5, 5, 24, 24, 21, 21, 9, 9, 17, 17, 10, 10, 15, 15, 20, 20),
('Temperature', 673, 17, 17, 28, 28, 14, 14, 13, 13, 12, 12, 27, 27, 25, 25, 14, 14, 21, 21, 18, 18, 22, 22, 26, 26),
('Temperature', 674, 17, 17, 27, 27, 13, 13, 11, 11, 12, 12, 27, 27, 25, 25, 13, 13, 21, 21, 17, 17, 22, 22, 25, 25),
('Temperature', 675, 18, 18, 28, 28, 14, 14, 13, 13, 13, 13, 27, 27, 25, 25, 15, 15, 21, 21, 18, 18, 23, 23, 25, 25),
('Temperature', 676, 17, 17, 29, 29, 12, 12, 10, 10, 10, 10, 29, 29, 26, 26, 13, 13, 22, 22, 16, 16, 22, 22, 26, 26),
('Temperature', 677, 16, 16, 28, 28, 11, 11, 10, 10, 9, 9, 28, 28, 25, 25, 12, 12, 21, 21, 16, 16, 21, 21, 25, 25),
('Temperature', 678, 16, 16, 28, 28, 11, 11, 10, 10, 9, 9, 28, 28, 25, 25, 12, 12, 21, 21, 16, 16, 21, 21, 25, 25),
('Temperature', 679, 5, 5, 16, 16, 3, 3, 6, 6, 6, 6, 17, 17, 15, 15, 4, 4, 12, 12, 2, 2, 6, 6, 11, 11),
('Temperature', 680, 4, 4, 16, 16, -2, -2, -4, -4, -5, -5, 17, 17, 16, 16, -1, -1, 11, 11, 0, 0, 6, 6, 12, 12),
('Temperature', 681, 4, 4, 16, 16, 0, 0, -2, -2, -2, -2, 17, 17, 14, 14, 0, 0, 10, 10, 3, 3, 8, 8, 13, 13),
('Temperature', 682, 5, 5, 16, 16, 2, 2, 4, 4, 5, 5, 17, 17, 15, 15, 3, 3, 11, 11, 2, 2, 7, 7, 12, 12),
('Temperature', 683, 4, 4, 16, 16, -2, -2, -4, -4, -5, -5, 17, 17, 16, 16, -1, -1, 11, 11, 0, 0, 6, 6, 12, 12),
('Temperature', 684, 6, 6, 16, 16, 2, 2, 4, 4, 6, 6, 17, 17, 15, 15, 3, 3, 12, 12, 2, 2, 6, 6, 12, 12),
('Temperature', 685, 6, 6, 16, 16, 2, 2, 4, 4, 5, 5, 17, 17, 15, 15, 3, 3, 12, 12, 2, 2, 7, 7, 12, 12),
('Temperature', 686, 5, 5, 16, 16, 2, 2, 2, 2, 2, 2, 16, 16, 14, 14, 2, 2, 10, 10, 3, 3, 8, 8, 13, 13),
('Temperature', 687, 5, 5, 16, 16, 0, 0, -2, -2, -1, -1, 16, 16, 13, 13, 1, 1, 11, 11, 3, 3, 9, 9, 13, 13),
('Temperature', 688, 9, 9, 18, 18, 2, 2, 0, 0, 0, 0, 19, 19, 16, 16, 5, 5, 13, 13, 4, 4, 11, 11, 15, 15),
('Temperature', 689, 8, 8, 17, 17, 3, 3, 3, 3, 3, 3, 17, 17, 15, 15, 5, 5, 13, 13, 4, 4, 10, 10, 14, 14),
('Temperature', 690, 9, 9, 18, 18, 2, 2, 0, 0, 0, 0, 19, 19, 16, 16, 5, 5, 13, 13, 4, 4, 11, 11, 15, 15),
('Temperature', 691, 9, 9, 18, 18, 2, 2, 0, 0, 0, 0, 19, 19, 16, 16, 5, 5, 13, 13, 4, 4, 11, 11, 15, 15),
('Temperature', 692, 8, 8, 17, 17, 2, 2, 0, 0, 0, 0, 17, 17, 15, 15, 5, 5, 12, 12, 4, 4, 10, 10, 14, 14),
('Temperature', 693, 8, 8, 17, 17, 2, 2, 0, 0, 0, 0, 17, 17, 15, 15, 5, 5, 12, 12, 4, 4, 10, 10, 14, 14),
('Temperature', 694, 8, 8, 17, 17, 2, 2, 0, 0, 0, 0, 17, 17, 15, 15, 5, 5, 12, 12, 4, 4, 10, 10, 14, 14),
('Temperature', 695, 8, 8, 17, 17, 2, 2, 0, 0, 0, 0, 17, 17, 15, 15, 5, 5, 12, 12, 4, 4, 10, 10, 14, 14),
('Temperature', 696, 12, 12, 23, 23, 3, 3, 5, 5, 4, 4, 23, 23, 21, 21, 7, 7, 17, 17, 6, 6, 13, 13, 19, 19),
('Temperature', 697, 15, 15, 26, 26, 13, 13, 12, 12, 12, 12, 25, 25, 22, 22, 13, 13, 18, 18, 16, 16, 20, 20, 23, 23),
('Temperature', 698, 15, 15, 26, 26, 14, 14, 12, 12, 12, 12, 25, 25, 22, 22, 13, 13, 18, 18, 17, 17, 21, 21, 24, 24),
('Temperature', 699, 15, 15, 26, 26, 14, 14, 12, 12, 12, 12, 25, 25, 22, 22, 13, 13, 18, 18, 17, 17, 21, 21, 24, 24),
('Temperature', 700, 15, 15, 26, 26, 14, 14, 12, 12, 12, 12, 25, 25, 22, 22, 13, 13, 18, 18, 17, 17, 21, 21, 24, 24),
('Temperature', 701, 10, 10, 22, 22, 2, 2, 3, 3, 2, 2, 22, 22, 20, 20, 4, 4, 16, 16, 4, 4, 10, 10, 16, 16),
('Temperature', 702, 10, 10, 21, 21, 3, 3, 3, 3, 3, 3, 21, 21, 19, 19, 4, 4, 16, 16, 4, 4, 10, 10, 16, 16),
('Temperature', 703, 12, 12, 22, 22, 8, 8, 8, 8, 7, 7, 22, 22, 20, 20, 10, 10, 16, 16, 11, 11, 16, 16, 20, 20),
('Temperature', 704, 13, 13, 22, 22, 9, 9, 9, 9, 8, 8, 22, 22, 19, 19, 10, 10, 16, 16, 12, 12, 17, 17, 20, 20),
('Temperature', 705, 9, 9, 17, 17, 3, 3, 3, 3, 3, 3, 17, 17, 15, 15, 6, 6, 12, 12, 6, 6, 11, 11, 14, 14),
('Temperature', 706, 8, 8, 17, 17, 4, 4, 2, 2, 2, 2, 17, 17, 14, 14, 5, 5, 12, 12, 7, 7, 11, 11, 14, 14),
('Temperature', 707, 8, 8, 17, 17, 4, 4, 2, 2, 2, 2, 17, 17, 14, 14, 5, 5, 12, 12, 7, 7, 11, 11, 14, 14),
('Temperature', 708, 8, 8, 17, 17, 2, 2, 3, 3, 2, 2, 17, 17, 15, 15, 5, 5, 12, 12, 6, 6, 11, 11, 14, 14),
('Temperature', 709, 8, 8, 17, 17, 4, 4, 2, 2, 3, 3, 17, 17, 15, 15, 6, 6, 12, 12, 6, 6, 11, 11, 14, 14),
('Temperature', 710, 9, 9, 17, 17, 3, 3, 3, 3, 2, 2, 17, 17, 15, 15, 6, 6, 12, 12, 6, 6, 10, 10, 14, 14),
('Temperature', 711, 9, 9, 22, 22, 1, 1, -1, -1, -1, -1, 22, 22, 19, 19, 3, 3, 14, 14, 6, 6, 12, 12, 19, 19),
('Temperature', 712, 8, 8, 15, 15, 2, 2, 2, 2, 2, 2, 15, 15, 13, 13, 6, 6, 11, 11, 4, 4, 8, 8, 12, 12),
('Temperature', 713, 5, 5, 17, 17, 2, 2, 3, 3, 4, 4, 19, 19, 17, 17, 4, 4, 12, 12, 2, 2, 6, 6, 12, 12),
('Temperature', 714, 6, 6, 15, 15, 3, 3, 2, 2, 2, 2, 15, 15, 12, 12, 2, 2, 10, 10, 5, 5, 9, 9, 12, 12),
('Temperature', 715, 2, 2, 10, 10, 3, 3, 4, 4, 4, 4, 12, 12, 9, 9, 2, 2, 4, 4, 1, 1, 2, 2, 6, 6),
('Temperature', 716, 4, 4, 13, 13, 3, 3, 3, 3, 3, 3, 14, 14, 13, 13, 3, 3, 9, 9, 2, 2, 6, 6, 10, 10),
('Temperature', 717, 8, 8, 18, 18, 2, 2, 3, 3, 3, 3, 19, 19, 17, 17, 3, 3, 14, 14, 2, 2, 8, 8, 14, 14),
('Temperature', 718, 8, 8, 16, 16, 1, 1, 2, 2, 2, 2, 17, 17, 15, 15, 3, 3, 13, 13, 4, 4, 9, 9, 13, 13),
('Temperature', 719, 9, 9, 19, 19, 2, 2, 3, 3, 3, 3, 19, 19, 17, 17, 4, 4, 14, 14, 2, 2, 9, 9, 14, 14),
('Temperature', 720, 8, 8, 18, 18, -2, -2, -4, -4, -5, -5, 19, 19, 16, 16, 1, 1, 13, 13, 2, 2, 8, 8, 13, 13),
('Temperature', 721, 9, 9, 19, 19, 2, 2, 3, 3, 3, 3, 19, 19, 18, 18, 4, 4, 15, 15, 5, 5, 10, 10, 15, 15),
('Temperature', 722, 9, 9, 17, 17, -3, -3, -5, -5, -6, -6, 18, 18, 16, 16, 1, 1, 13, 13, 2, 2, 8, 8, 13, 13),
('Temperature', 723, 15, 15, 22, 22, 12, 12, 12, 12, 11, 11, 22, 22, 20, 20, 14, 14, 17, 17, 14, 14, 18, 18, 21, 21),
('Temperature', 724, 17, 17, 23, 23, 17, 17, 16, 16, 16, 16, 22, 22, 20, 20, 17, 17, 18, 18, 19, 19, 21, 21, 23, 23),
('Temperature', 725, 13, 13, 23, 23, 9, 9, 10, 10, 9, 9, 23, 23, 20, 20, 11, 11, 16, 16, 12, 12, 17, 17, 21, 21),
('Temperature', 726, 2, 2, 14, 14, -1, -1, -4, -4, -4, -4, 15, 15, 13, 13, -2, -2, 8, 8, 2, 2, 6, 6, 10, 10),
('Temperature', 727, 3, 3, 12, 12, 10, 10, 11, 11, 11, 11, 15, 15, 12, 12, 6, 6, 6, 6, 6, 6, 2, 2, 6, 6),
('Temperature', 728, 4, 4, 15, 15, 4, 4, 7, 7, 6, 6, 16, 16, 14, 14, 3, 3, 9, 9, 2, 2, 4, 4, 9, 9),
('Temperature', 729, 4, 4, 16, 16, 2, 2, 5, 5, 4, 4, 17, 17, 14, 14, 3, 3, 10, 10, 2, 2, 6, 6, 11, 11),
('Temperature', 730, 4, 4, 16, 16, 2, 2, 4, 4, 3, 3, 17, 17, 14, 14, 2, 2, 10, 10, 2, 2, 6, 6, 11, 11),
('Temperature', 731, 11, 11, 19, 19, 8, 8, 8, 8, 8, 8, 19, 19, 17, 17, 9, 9, 14, 14, 11, 11, 15, 15, 18, 18),
('Temperature', 732, 12, 12, 22, 22, 8, 8, 8, 8, 7, 7, 22, 22, 19, 19, 10, 10, 15, 15, 11, 11, 16, 16, 19, 19),
('Temperature', 733, 8, 8, 18, 18, 1, 1, 0, 0, 0, 0, 19, 19, 15, 15, 4, 4, 12, 12, 5, 5, 10, 10, 15, 15),
('Temperature', 734, 8, 8, 18, 18, 1, 1, 0, 0, 0, 0, 19, 19, 15, 15, 4, 4, 12, 12, 5, 5, 10, 10, 15, 15),
('Temperature', 735, 8, 8, 18, 18, 1, 1, 0, 0, 0, 0, 19, 19, 15, 15, 4, 4, 12, 12, 5, 5, 10, 10, 15, 15),
('Temperature', 736, 8, 8, 18, 18, 4, 4, 3, 3, 3, 3, 17, 17, 15, 15, 5, 5, 12, 12, 6, 6, 10, 10, 15, 15),
('Temperature', 737, 10, 10, 21, 21, 4, 4, 4, 4, 3, 3, 21, 21, 18, 18, 7, 7, 14, 14, 6, 6, 12, 12, 17, 17),
('Temperature', 738, 13, 13, 24, 24, 7, 7, 8, 8, 7, 7, 24, 24, 21, 21, 11, 11, 18, 18, 11, 11, 16, 16, 20, 20),
('Temperature', 739, 12, 12, 22, 22, 8, 8, 8, 8, 7, 7, 22, 22, 20, 20, 10, 10, 16, 16, 11, 11, 16, 16, 20, 20),
('Temperature', 740, 13, 13, 24, 24, 10, 10, 9, 9, 9, 9, 23, 23, 20, 20, 11, 11, 17, 17, 12, 12, 17, 17, 20, 20),
('Temperature', 741, 10, 10, 20, 20, 5, 5, 5, 5, 4, 4, 20, 20, 18, 18, 8, 8, 14, 14, 7, 7, 12, 12, 16, 16),
('Temperature', 742, 9, 9, 19, 19, 2, 2, 3, 3, 2, 2, 19, 19, 17, 17, 6, 6, 14, 14, 5, 5, 10, 10, 15, 15),
('Temperature', 743, 11, 11, 21, 21, 6, 6, 7, 7, 5, 5, 21, 21, 18, 18, 9, 9, 15, 15, 9, 9, 14, 14, 18, 18),
('Temperature', 744, 8, 8, 18, 18, 1, 1, 0, 0, 0, 0, 19, 19, 15, 15, 4, 4, 12, 12, 5, 5, 10, 10, 15, 15),
('Temperature', 745, 13, 13, 25, 25, 10, 10, 10, 10, 10, 10, 25, 25, 22, 22, 11, 11, 18, 18, 13, 13, 18, 18, 22, 22),
('Temperature', 746, 10, 10, 19, 19, 3, 3, 4, 4, 3, 3, 20, 20, 18, 18, 6, 6, 15, 15, 5, 5, 11, 11, 16, 16),
('Temperature', 747, 12, 12, 23, 23, 7, 7, 6, 6, 6, 6, 23, 23, 20, 20, 8, 8, 16, 16, 10, 10, 16, 16, 19, 19),
('Temperature', 748, 12, 12, 23, 23, 6, 6, 5, 5, 4, 4, 23, 23, 19, 19, 8, 8, 16, 16, 9, 9, 15, 15, 19, 19),
('Temperature', 749, 14, 14, 24, 24, 10, 10, 8, 8, 8, 8, 24, 24, 22, 22, 10, 10, 18, 18, 13, 13, 17, 17, 21, 21),
('Temperature', 750, 12, 12, 23, 23, 6, 6, 5, 5, 4, 4, 23, 23, 19, 19, 8, 8, 16, 16, 9, 9, 15, 15, 19, 19),
('Temperature', 751, 13, 13, 24, 24, 9, 9, 7, 7, 7, 7, 24, 24, 21, 21, 10, 10, 17, 17, 12, 12, 17, 17, 21, 21),
('Temperature', 752, 13, 13, 24, 24, 9, 9, 7, 7, 7, 7, 24, 24, 21, 21, 10, 10, 17, 17, 12, 12, 17, 17, 21, 21),
('Temperature', 753, 14, 14, 27, 27, 8, 8, 7, 7, 5, 5, 27, 27, 23, 23, 9, 9, 19, 19, 11, 11, 16, 16, 22, 22),
('Temperature', 754, 13, 13, 24, 24, 9, 9, 7, 7, 7, 7, 24, 24, 21, 21, 10, 10, 17, 17, 12, 12, 17, 17, 21, 21),
('Temperature', 755, 14, 14, 24, 24, 9, 9, 8, 8, 7, 7, 24, 24, 21, 21, 11, 11, 18, 18, 12, 12, 17, 17, 21, 21),
('Temperature', 756, 9, 9, 18, 18, 2, 2, 3, 3, 2, 2, 18, 18, 17, 17, 4, 4, 13, 13, 3, 3, 9, 9, 14, 14),
('Temperature', 757, 6, 6, 15, 15, 0, 0, -1, -1, -2, -2, 16, 16, 15, 15, 2, 2, 11, 11, 2, 2, 7, 7, 12, 12),
('Temperature', 758, 7, 7, 17, 17, 1, 1, 2, 2, 2, 2, 17, 17, 15, 15, 3, 3, 12, 12, 2, 2, 8, 8, 13, 13),
('Temperature', 759, 8, 8, 18, 18, 2, 2, 3, 3, 2, 2, 19, 19, 16, 16, 4, 4, 13, 13, 3, 3, 9, 9, 14, 14),
('Temperature', 760, 9, 9, 18, 18, 2, 2, 3, 3, 2, 2, 18, 18, 16, 16, 5, 5, 13, 13, 5, 5, 10, 10, 15, 15),
('Temperature', 761, 7, 7, 17, 17, 2, 2, 3, 3, 2, 2, 17, 17, 15, 15, 4, 4, 12, 12, 3, 3, 9, 9, 14, 14),
('Temperature', 762, 9, 9, 18, 18, 2, 2, 3, 3, 2, 2, 19, 19, 16, 16, 5, 5, 13, 13, 5, 5, 10, 10, 15, 15),
('Temperature', 763, -10, -10, 0, 0, -10, -10, -13, -13, -13, -13, 0, 0, -3, -3, -13, -13, -6, -6, -9, -9, -4, -4, -1, -1),
('Temperature', 764, 9, 9, 18, 18, 2, 2, 2, 2, 2, 2, 19, 19, 16, 16, 5, 5, 13, 13, 5, 5, 11, 11, 15, 15),
('Temperature', 765, 8, 8, 17, 17, 2, 2, 3, 3, 2, 2, 18, 18, 16, 16, 4, 4, 12, 12, 4, 4, 9, 9, 14, 14),
('Temperature', 766, 7, 7, 16, 16, 2, 2, 3, 3, 3, 3, 17, 17, 15, 15, 4, 4, 12, 12, 3, 3, 9, 9, 14, 14),
('Temperature', 767, 4, 4, 15, 15, 2, 2, 2, 2, 2, 2, 16, 16, 14, 14, 2, 2, 9, 9, 3, 3, 8, 8, 12, 12),
('Temperature', 768, 5, 5, 16, 16, 3, 3, 3, 3, 2, 2, 16, 16, 14, 14, 3, 3, 11, 11, 3, 3, 8, 8, 12, 12),
('Temperature', 769, 4, 4, 16, 16, 2, 2, 2, 2, 2, 2, 17, 17, 16, 16, 2, 2, 11, 11, 2, 2, 7, 7, 12, 12),
('Temperature', 770, 4, 4, 15, 15, 2, 2, 4, 4, 4, 4, 16, 16, 14, 14, 3, 3, 10, 10, 2, 2, 6, 6, 11, 11),
('Temperature', 771, 4, 4, 15, 15, -5, -5, -6, -6, -7, -7, 17, 17, 14, 14, -1, -1, 11, 11, 0, 0, 6, 6, 10, 10),
('Temperature', 772, 3, 3, 15, 15, 2, 2, 5, 5, 5, 5, 17, 17, 14, 14, 3, 3, 9, 9, 2, 2, 6, 6, 11, 11),
('Temperature', 773, 4, 4, 15, 15, 4, 4, 6, 6, 7, 7, 16, 16, 14, 14, 3, 3, 10, 10, 2, 2, 5, 5, 10, 10);

-- --------------------------------------------------------

--
-- Структура таблицы `PropertyType`
--

CREATE TABLE IF NOT EXISTS `PropertyType` (
  `id` int(11) NOT NULL AUTO_INCREMENT,
  `betterWhenLess` bit(1) DEFAULT NULL,
  `dependingMonth` bit(1) DEFAULT NULL,
  `maximumValue` float DEFAULT NULL,
  `minimumValue` float DEFAULT NULL,
  `name` varchar(255) DEFAULT NULL,
  PRIMARY KEY (`id`),
  UNIQUE KEY `name` (`name`)
) ENGINE=MEMORY   DEFAULT CHARSET=cp1251 AUTO_INCREMENT=10 ;

--
-- Дамп данных таблицы `PropertyType`
--

INSERT INTO `PropertyType` (`id`, `betterWhenLess`, `dependingMonth`, `maximumValue`, `minimumValue`, `name`) VALUES
(1, b'1', b'1', 30, 0, 'cost'),
(2, b'1', b'1', 30, 0, 'alcohol'),
(3, b'1', b'1', 1, 0, 'russian'),
(4, b'1', b'1', 1, 0, 'visa'),
(5, b'1', b'1', 3, 0, 'sex'),
(6, b'1', b'1', 3, 0, 'security'),
(7, b'1', b'1', 999, 0, 'livingCost'),
(8, b'1', b'1', 3, 0, 'mood'),
(9, b'1', b'1', 35, -35, 'temperature');

-- --------------------------------------------------------

--
-- Структура таблицы `Tag`
--

CREATE TABLE IF NOT EXISTS `Tag` (
  `id` int(11) NOT NULL AUTO_INCREMENT,
  `img` varchar(255) DEFAULT NULL,
  `name` varchar(255) DEFAULT NULL,
  `tagsType` int(11) DEFAULT NULL,
  PRIMARY KEY (`id`),
  UNIQUE KEY `name` (`name`)
) ENGINE=MEMORY   DEFAULT CHARSET=cp1251 AUTO_INCREMENT=10 ;

--
-- Дамп данных таблицы `Tag`
--

INSERT INTO `Tag` (`id`, `img`, `name`, `tagsType`) VALUES
(1, '', 'alone', 0),
(2, '', 'with friends', 0),
(3, '', 'with family', 0),
(4, '', 'double', 0),
(5, '', 'sunbathe', 1),
(6, '', 'ski', 1),
(7, '', 'looking', 1),
(8, '', 'shopping', 1),
(9, '', 'cruise', 1);

--
-- Структура таблицы `City`
--

CREATE TABLE IF NOT EXISTS `City` (
  `id` int(11) NOT NULL AUTO_INCREMENT,
  `alco_value_left` int(11) DEFAULT NULL,
  `alco_value_right` int(11) DEFAULT NULL,
  `area` float DEFAULT NULL,
  `food_value_left` int(11) DEFAULT NULL,
  `food_value_right` int(11) DEFAULT NULL,
  `isRussian` bit(1) DEFAULT NULL,
  `isValid` bit(1) DEFAULT NULL,
  `latitude` float DEFAULT NULL,
  `longitude` float DEFAULT NULL,
  `message` varchar(255) DEFAULT NULL,
  `name` varchar(255) DEFAULT NULL,
  `population` int(11) DEFAULT NULL,
  `ru_name` varchar(255) DEFAULT NULL,
  `security` int(11) DEFAULT NULL,
  `sex` int(11) DEFAULT NULL,
  `visa` bit(1) DEFAULT NULL,
  `livingCost_id` bigint(20) DEFAULT NULL,
  `mood_id` bigint(20) DEFAULT NULL,
  `temperature_id` bigint(20) DEFAULT NULL,
  PRIMARY KEY (`id`),
  KEY `idx` (`security`,`sex`,`food_value_left`,`food_value_right`,`alco_value_left`,`alco_value_right`,`visa`),
  KEY `FK200D8B4F7D4F9A` (`mood_id`),
  KEY `FK200D8B3A1B7F5A` (`livingCost_id`),
  KEY `FK200D8BDEB7CFFA` (`temperature_id`)
) ENGINE=MEMORY   DEFAULT CHARSET=cp1251 AUTO_INCREMENT=280 ;

--
-- Дамп данных таблицы `City`
--

INSERT INTO `City` (`id`, `alco_value_left`, `alco_value_right`, `area`, `food_value_left`, `food_value_right`, `isRussian`, `isValid`, `latitude`, `longitude`, `message`, `name`, `population`, `ru_name`, `security`, `sex`, `visa`, `livingCost_id`, `mood_id`, `temperature_id`) VALUES
(1, 11, 11, 42.91, 17, 17, b'1', b'1', 47.85, 16.5167, NULL, 'Eisenstadt', 13165, '?????????? ', 3, 3, b'1', 1, 2, 559),
(2, 10, 10, 58.38, 18, 18, b'1', b'1', 47.3985, 11.9439, NULL, 'Alpbach', 2600, '??????? ', 3, 2, b'1', 3, 4, 560),
(3, 13, 13, 82.03, 18, 18, b'1', b'1', 47.61, 13.7828, NULL, 'Bad Aussee', 4884, '??? ????', 3, 2, b'1', 5, 6, 561),
(4, 13, 13, 31.84, 18, 18, b'1', b'1', 47.1694, 16.0092, NULL, 'Bad Waltersdorf', 2185, '??? ???????????? ', 3, 2, b'1', 7, 8, 562),
(5, 13, 13, 170.6, 18, 18, b'1', b'1', 47.1, 13.0167, NULL, 'Bad Gastein', 4362, '??? ?????', 3, 2, b'1', 9, 10, 563),
(6, 13, 13, 162.8, 18, 18, b'1', b'1', 47.7203, 13.6333, NULL, 'Bad Ischl', 13910, '??? ??', 3, 2, b'1', 11, 12, 564),
(7, 13, 13, 103.73, 18, 18, b'1', b'1', 47.1667, 13.2, NULL, 'Bad Hofgastein', 6750, '??? ????????', 3, 3, b'1', 13, 14, 565),
(8, 11, 11, 3400, 17, 17, b'1', b'1', 0, 0, 'Error in temperature.Temperature absence. City:Baden', 'Baden', 15082, '????', 3, 2, b'1', 15, 16, NULL),
(9, 13, 13, 29.51, 18, 18, b'1', b'1', 47.505, 9.74917, NULL, 'Bregenz', 28012, '?????', 3, 3, b'1', 17, 18, 566),
(10, 13, 13, 0, 18, 18, b'1', b'1', 0, 0, 'Error in temperature.Temperature absence. City:Weissensee', 'Weissensee', 0, '???????', 3, 2, b'1', 19, 20, NULL),
(11, 13, 13, 414.65, 17, 17, b'1', b'1', 48.2089, 16.3725, NULL, 'Vienna', 1983836, '???', 3, 3, b'1', 21, 22, 567),
(12, 11, 11, 127.56, 17, 17, b'1', b'1', 47.0667, 15.4333, NULL, 'Graz', 265318, '???? ', 3, 3, b'1', 23, 24, 568),
(13, 13, 13, 125.46, 18, 18, b'1', b'1', 47.3903, 12.6369, NULL, 'Saalbach-Hinterglemm', 2874, '???????-????????', 3, 2, b'1', 25, 26, 569),
(14, 10, 10, 65.678, 17, 17, b'1', b'1', 47.8, 13.0333, NULL, 'Salzburg', 148521, '????????', 3, 3, b'1', 27, 28, 570),
(15, 13, 13, 466.9, 18, 18, b'1', b'1', 46.9667, 11, NULL, 'Solden', 4252, '??????', 3, 3, b'1', 29, 30, 571),
(16, 15, 15, 104.91, 19, 19, b'1', b'1', 47.2667, 11.3833, NULL, 'Innsbruck', 121329, '??????', 3, 3, b'1', 31, 32, 572),
(17, 14, 14, 100.41, 18, 18, b'1', b'1', 47.2725, 12.7594, NULL, 'Kaprun', 2968, '?????', 3, 3, b'1', 33, 34, 573),
(18, 13, 13, 0, 18, 18, b'1', b'1', 0, 0, 'Error in temperature.Temperature absence. City:Kitzb?hel', 'Kitzb?hel', 0, '????????? ', 3, 3, b'1', 35, 36, NULL),
(19, 13, 13, 120.11, 18, 18, b'1', b'1', 46.6167, 14.3, NULL, 'Klagenfurt', 94796, '??????????', 3, 3, b'1', 37, 38, 574),
(20, 11, 11, 0, 17, 17, b'1', b'1', 0, 0, 'Error in temperature.Temperature absence. City:Kremsm?nster', 'Kremsm?nster', 0, '??????????', 3, 2, b'1', 39, 40, NULL),
(21, 11, 11, 169.21, 17, 17, b'1', b'1', 47.2183, 12.1733, NULL, 'Krimml', 842, '?????', 3, 2, b'1', 41, 42, 575),
(22, 11, 11, 39.37, 17, 17, b'1', b'1', 47.5833, 12.1667, NULL, 'Kufstein', 17550, '??????', 3, 3, b'1', 43, 44, 576),
(23, 11, 11, 0, 17, 17, b'1', b'1', 0, 0, 'Error in temperature.Temperature absence. City:Lassnitzh?he', 'Lassnitzh?he', 0, '????????', 3, 2, b'1', 45, 46, NULL),
(24, 13, 13, 0, 18, 18, b'1', b'1', 0, 0, 'Error in temperature.Temperature absence. City:Lech', 'Lech', 0, '?', 3, 2, b'1', 47, 48, NULL),
(25, 12, 12, 96.048, 17, 17, b'1', b'1', 48.3031, 14.2906, NULL, 'Linz', 191107, '??', 3, 3, b'1', 49, 50, 577),
(26, 13, 13, 178.78, 18, 18, b'1', b'1', 47.1667, 11.8667, NULL, 'Mayrhofen', 3821, '???????', 3, 3, b'1', 51, 52, 578),
(27, 11, 11, 25.71, 17, 17, b'1', b'1', 48.2269, 15.3439, NULL, 'Melk', 5257, '????', 3, 2, b'1', 53, 54, 579),
(28, 10, 10, 0, 17, 17, b'1', b'1', 47.8167, 13.3833, 'Error in population. City:Mondsee', 'Mondsee', 0, '?????', 3, 2, b'1', 55, 56, 580),
(29, 13, 13, 0, 18, 18, b'1', b'1', 46.8667, 11.0167, 'Error in area. City:Obergurgl', 'Obergurgl', 11500, '????????', 3, 2, b'1', 57, 58, 581),
(30, 11, 11, 0, 17, 17, b'1', b'1', 0, 0, 'Error in temperature.Temperature absence. City:St._P?lten', 'St. P?lten', 0, '?????-?????', 3, 3, b'1', 59, 60, NULL),
(31, 11, 11, 26.98, 17, 17, b'1', b'1', 47.6831, 13.0969, NULL, 'Hallein', 20022, '?????', 3, 2, b'1', 61, 62, 582),
(32, 13, 13, 2.4, 18, 18, b'1', b'1', 47.2331, 11.8819, NULL, 'Zell am Ziller', 1743, '???? ?? ????', 3, 2, b'1', 63, 64, 583),
(33, 13, 13, 55.17, 18, 18, b'1', b'1', 47.3167, 12.8, NULL, 'Zell am See', 9683, '????-??-?', 3, 3, b'1', 65, 66, 584),
(34, 3, 3, 6.3, 8, 8, b'1', b'1', 40.7, 19.95, NULL, 'Berat', 125830, '???', 2, 1, b'1', 67, 68, 585),
(35, 2, 2, 0, 8, 8, b'1', b'1', 0, 0, 'Error in temperature.Temperature absence. City:Vlyora', 'Vlyora', 0, '????', 2, 1, b'1', 69, 70, NULL),
(36, 2, 2, 0, 8, 8, b'1', b'1', 41.3167, 19.45, 'Error in area. City:Durres', 'Durres', 115550, '????', 2, 1, b'1', 71, 72, 586),
(37, 2, 2, 0, 8, 8, b'1', b'1', 40.6167, 20.7667, 'Error in area. City:Korce', 'Korce', 79697, '????', 2, 1, b'1', 73, 74, 587),
(38, 2, 2, 0, 7, 7, b'1', b'1', 40.9333, 19.7, 'Error in area. City:Lushnja', 'Lushnja', 54813, '???', 2, 1, b'1', 75, 76, 588),
(39, 2, 2, 0, 7, 7, b'1', b'1', 39.8667, 20, 'Error in area. City:Saranda', 'Saranda', 30000, '????', 2, 1, b'1', 77, 78, 589),
(40, 2, 2, 41.8, 8, 8, b'1', b'1', 41.33, 19.82, NULL, 'Tirana', 421286, '????', 2, 1, b'1', 79, 80, 590),
(41, 2, 2, 0, 8, 8, b'1', b'1', 0, 0, 'Error in temperature.Temperature absence. City:Fieri', 'Fieri', 0, '????', 2, 1, b'1', 81, 82, NULL),
(42, 2, 2, 3562, 9, 9, b'1', b'1', 42.0667, 19.5, NULL, 'Shkoder', 95907, '????', 2, 1, b'1', 83, 84, 591),
(43, 2, 2, 1290, 7, 7, b'1', b'1', 41.1, 20.0667, NULL, 'Elbasan', 79810, '??????', 2, 1, b'1', 85, 86, 592),
(44, 5, 5, 30, 35, 35, b'1', b'1', 42.5, 1.5, NULL, 'Andorra la Vella', 22256, '???????-??-?????', 3, 1, b'1', 87, 88, 593),
(45, 5, 5, 110, 35, 35, b'1', b'1', 42.5667, 1.6, 'Error in temperature.Temperature absence. City:Canillo', 'Canillo', 4663, '??????', 3, 1, b'1', 89, 90, NULL),
(46, 5, 5, 90, 30, 30, b'1', b'1', 42.555, 1.53306, 'Error in temperature.Temperature absence. City:Ordino', 'Ordino', 3309, '????', 3, 1, b'1', 91, 92, NULL),
(47, 5, 5, 84, 20, 20, b'1', b'1', 42.5361, 1.58278, 'Error in temperature.Temperature absence. City:Encamp', 'Encamp', 13225, '????', 3, 1, b'1', 93, 94, NULL),
(48, 7, 7, 121, 15, 15, b'1', b'1', 52.4453, 30.9842, 'Error in temperature.Temperature absence. City:Gomel', 'Gomel', 481197, '????', 2, 1, b'1', 95, 96, NULL),
(49, 7, 7, 307.895, 15, 15, b'1', b'1', 53.9, 27.5667, NULL, 'Minsk', 1836808, '????', 2, 1, b'1', 97, 98, 594),
(50, 7, 7, 0, 15, 15, b'1', b'1', 53.9, 30.3333, 'Error in area. City:Mogilev', 'Mogilev', 360918, '??????', 2, 1, b'1', 99, 100, 595),
(51, 2, 2, 204.51, 9, 9, b'1', b'1', 51.2167, 4.4, NULL, 'Antwerpen', 493517, '???????', 3, 1, b'1', 101, 102, 596),
(52, 2, 2, 138.4, 9, 9, b'1', b'1', 51.2167, 3.23333, NULL, 'Brugge', 116885, '????', 3, 1, b'1', 103, 104, 597),
(53, 2, 2, 0, 9, 9, b'1', b'1', 0, 0, 'Error in temperature.Temperature absence. City:Brusseles', 'Brusseles', 0, '??????', 3, 1, b'1', 105, 106, NULL),
(54, 2, 2, 0, 9, 9, b'1', b'1', 0, 0, 'Error in temperature.Temperature absence. City:Gent', 'Gent', 0, '??', 3, 1, b'1', 107, 108, NULL),
(55, 2, 2, 0, 9, 9, b'1', b'1', 0, 0, 'Error in temperature.Temperature absence. City:Durbay', 'Durbay', 0, '????', 3, 1, b'1', 109, 110, NULL),
(56, 2, 2, 69.39, 9, 9, b'1', b'1', 50.6333, 5.56667, NULL, 'Liege', 194715, '??', 3, 1, b'1', 111, 112, 598),
(57, 2, 2, 0, 7, 7, b'1', b'1', 43.3692, 28.0811, 'Error in population. City:Albena', 'Albena', 0, '????', 2, 1, b'1', 113, 114, 599),
(58, 2, 2, 0, 7, 7, b'1', b'1', 42.2644, 23.6069, 'Error in area. City:Borovets', 'Borovets', 10000, '?????', 2, 1, b'1', 115, 116, 600),
(59, 2, 2, 238, 6, 6, b'1', b'1', 43.2167, 27.9167, NULL, 'Varna', 334870, '???', 2, 1, b'1', 117, 118, 601),
(60, 2, 2, 0, 7, 7, b'1', b'1', 41.65, 24.6833, 'Error in temperature.Temperature absence. City:Pamporovo', 'Pamporovo', 0, '???????', 2, 1, b'1', 119, 120, NULL),
(61, 2, 2, 101.98, 7, 7, b'1', b'1', 42.15, 24.75, NULL, 'Plovdiv', 338153, '?????', 2, 1, b'1', 121, 122, 602),
(62, 2, 2, 0, 6, 6, b'1', b'1', 0, 0, 'Error in temperature.Temperature absence. City:Sunny-Beach', 'Sunny-Beach', 0, '????????? ???', 2, 1, b'1', 123, 124, NULL),
(63, 2, 2, 0, 7, 7, b'1', b'1', 0, 0, 'Error in temperature.Temperature absence. City:Sophia', 'Sophia', 0, '???', 2, 1, b'1', 125, 126, NULL),
(64, 4, 4, 141.5, 13, 13, b'1', b'1', 43.8667, 18.4167, NULL, 'Sarajevo', 311161, '?????', 2, 2, b'1', 127, 128, 603),
(65, 6, 6, 0, 25, 25, b'1', b'1', 0, 0, 'Error in temperature.Temperature absence. City:Vatican', 'Vatican', 0, '?????', 3, 1, b'1', 129, 130, NULL),
(66, 5, 5, 0, 17, 17, b'1', b'1', 0, 0, 'Error in temperature.Temperature absence. City:Bath', 'Bath', 0, '?', 3, 2, b'1', 131, 132, NULL),
(67, 4, 4, 115, 16, 16, b'1', b'1', 54.5969, -5.93, NULL, 'Belfast', 267500, '???????', 3, 2, b'1', 133, 134, 604),
(68, 6, 6, 110, 18, 18, b'1', b'1', 51.45, -2.58333, NULL, 'Bristol', 428200, '??????', 3, 2, b'1', 135, 136, 605),
(69, 6, 6, 175.5, 18, 18, b'1', b'1', 55.8581, -4.25889, NULL, 'Glasgow?', 598830, '????', 3, 2, b'1', 137, 138, 606),
(70, 5, 5, 271.94, 17, 17, b'1', b'1', 53.9583, -1.08028, NULL, 'York', 198000, '???', 3, 2, b'1', 139, 140, 607),
(71, 6, 6, 140.3, 19, 19, b'1', b'1', 51.4833, -3.18333, NULL, 'Cardiff', 346100, '???????', 3, 2, b'1', 141, 142, 608),
(72, 6, 6, 551.72, 19, 19, b'1', b'1', 53.7997, -1.54917, NULL, 'Leeds', 751500, '??', 3, 2, b'1', 143, 144, 609),
(73, 6, 6, 1570, 20, 20, b'1', b'1', 51.5072, -0.1275, NULL, 'London', 8174100, '????', 3, 2, b'1', 145, 146, 610),
(74, 6, 6, 115.65, 16, 16, b'1', b'1', 53.4667, -2.23333, NULL, 'Manchester', 503000, '???????', 3, 2, b'1', 147, 148, 611),
(75, 6, 6, 45.59, 16, 16, b'1', b'1', 51.7519, -1.25778, NULL, 'Oxford', 151900, '???????', 3, 2, b'1', 149, 150, 612),
(76, 5, 5, 0, 16, 16, b'1', b'1', 0, 0, 'Error in temperature.Temperature absence. City:Saint-Pierre-Port', 'Saint-Pierre-Port', 0, '????-?????-????', 3, 2, b'1', 151, 152, NULL),
(77, 5, 5, 0, 16, 16, b'1', b'1', 0, 0, 'Error in temperature.Temperature absence. City:Saint_Helie', 'Saint Helie', 0, '????-????', 3, 2, b'1', 153, 154, NULL),
(78, 6, 6, 259, 16, 16, b'1', b'1', 55.9531, -3.18889, NULL, 'Edinburgh?', 495360, '???????', 3, 2, b'1', 155, 156, 613),
(79, 2, 2, 525.16, 8, 8, b'1', b'1', 47.4719, 19.0503, NULL, 'Budapest', 1737000, '??1????', 2, 1, b'1', 157, 158, 614),
(80, 2, 2, 0, 7, 7, b'1', b'1', 0, 0, 'Error in temperature.Temperature absence. City:Vesprem', 'Vesprem', 0, '?????', 2, 1, b'1', 159, 160, NULL),
(81, 2, 2, 461.25, 8, 8, b'1', b'1', 47.53, 21.6392, NULL, 'Debrecen', 208016, '??????', 2, 1, b'1', 161, 162, 615),
(82, 2, 2, 0, 7, 7, b'1', b'1', 0, 0, 'Error in temperature.Temperature absence. City:Miscolc', 'Miscolc', 0, '????????', 2, 1, b'1', 163, 164, NULL),
(83, 2, 2, 0, 7, 7, b'1', b'1', 0, 0, 'Error in temperature.Temperature absence. City:Pecs', 'Pecs', 0, '?', 2, 1, b'1', 165, 166, NULL),
(84, 2, 2, 92.2, 7, 7, b'1', b'1', 47.8989, 20.3747, NULL, 'Eger', 56530, '??', 2, 1, b'1', 167, 168, 616),
(85, 2, 2, 891.85, 9, 9, b'1', b'1', 52.5006, 13.3989, NULL, 'Berlin', 3501872, '????', 3, 1, b'1', 169, 170, 617),
(86, 3, 3, 326.73, 8, 8, b'1', b'1', 53.0758, 8.8075, NULL, 'Bremen', 11627, '????', 3, 1, b'1', 171, 172, 618),
(87, 2, 2, 755, 8, 8, b'1', b'1', 53.5653, 10.0014, NULL, 'Hamburg', 1796077, '??????', 3, 1, b'1', 173, 174, 619),
(88, 2, 2, 204.01, 8, 8, b'1', b'1', 52.3667, 9.71667, 'Error in population. City:Hannover', 'Hannover', 0, '??????', 3, 1, b'1', 175, 176, 620),
(89, 3, 3, 205.66, 8, 8, b'1', b'1', 47.5, 11.0833, NULL, 'Garmisch-Partenkirchen', 26178, '??????-??????????', 3, 1, b'1', 177, 178, 621),
(90, 3, 3, 328.8, 9, 9, b'1', b'1', 51.0333, 13.7333, NULL, 'Dresden', 529781, '?????', 3, 1, b'1', 179, 180, 622),
(91, 3, 3, 217, 8, 8, b'1', b'1', 51.2333, 6.78333, NULL, 'Dusseldorf', 588735, '???????????', 3, 1, b'1', 181, 182, 623),
(92, 2, 2, 405.15, 8, 8, b'1', b'1', 50.95, 6.96667, NULL, 'Koeln', 1007119, '???', 3, 1, b'1', 183, 184, 624),
(93, 2, 2, 310.43, 9, 9, b'1', b'1', 48.1333, 11.5667, NULL, 'Munchen', 1378176, '????', 3, 1, b'1', 185, 186, 625),
(94, 2, 2, 248.31, 8, 8, b'1', b'1', 50.1117, 8.68583, NULL, 'Frankfurt on Main', 679664, '?????????-??-???', 3, 1, b'1', 187, 188, 626),
(95, 2, 2, 207.36, 8, 8, b'1', b'1', 48.7786, 9.17944, NULL, 'Stuttgart', 606588, '????????', 3, 1, b'1', 189, 190, 627),
(96, 3, 3, 412, 7, 7, b'1', b'1', 37.9667, 23.7167, NULL, 'Athens', 3074160, '???', 1, 1, b'1', 191, 192, 628),
(97, 4, 4, 20, 7, 7, b'1', b'1', 35.3333, 25.1333, NULL, 'Heraklion', 173450, '??????', 2, 1, b'1', 193, 194, 629),
(98, 4, 4, 613.6, 7, 7, b'1', b'1', 39.6667, 19.75, NULL, 'Corfu', 109537, '?????', 2, 1, b'1', 195, 196, 630),
(99, 4, 4, 287.2, 7, 7, b'1', b'1', 36.85, 27.2333, 'Error in temperature.Temperature absence. City:Kos', 'Kos', 30947, '?', 2, 1, b'1', 197, 198, NULL),
(100, 4, 4, 105.2, 8, 8, b'1', b'1', 37.45, 25.35, NULL, 'Mykonos', 9320, '?????', 2, 1, b'1', 199, 200, 631),
(101, 3, 3, 0, 7, 7, b'1', b'1', 0, 0, 'Error in temperature.Temperature absence. City:Poliyiros', 'Poliyiros', 0, '???????', 2, 1, b'1', 201, 202, NULL),
(102, 3, 3, 1407.9, 7, 7, b'1', b'1', 36.1667, 28, NULL, 'Rhodes', 117007, '???', 2, 1, b'1', 203, 204, 632),
(103, 4, 4, 111.703, 7, 7, b'1', b'1', 40.65, 22.9, NULL, 'Thessaloniki', 790824, '??????', 2, 1, b'1', 205, 206, 633),
(104, 3, 3, 90.69, 7, 7, b'1', b'1', 36.4167, 25.4333, 'Error in temperature.Temperature absence. City:Santorini', 'Santorini', 13670, '???????', 2, 1, b'1', 207, 208, NULL),
(105, 3, 3, 400, 7, 7, b'1', b'1', 32.9022, 13.1858, NULL, 'Tripoli', 2220000, '?????', 2, 1, b'1', 209, 210, 634),
(106, 3, 3, 88.25, 10, 10, b'1', b'1', 55.6761, 12.5683, NULL, 'Copenhagen', 551580, '????????', 3, 1, b'1', 211, 212, 635),
(107, 3, 3, 139, 12, 12, b'1', b'1', 57.05, 9.91667, NULL, 'Aalborg', 126556, '??????', 3, 1, b'1', 213, 214, 636),
(108, 3, 3, 15, 11, 11, b'1', b'1', 55.396, 10.3885, NULL, 'Odense', 168798, '?????', 3, 1, b'1', 215, 216, 637),
(109, 4, 4, 91, 10, 10, b'1', b'1', 56.15, 10.2167, NULL, 'Aarhus', 252107, '?????', 3, 1, b'1', 217, 218, 638),
(110, 3, 3, 0, 11, 11, b'1', b'1', 56.1667, 9.56667, 'Error in area. City:Silkeborg', 'Silkeborg', 42807, '?????????', 3, 1, b'1', 219, 220, 639),
(111, 3, 3, 0, 11, 11, b'1', b'1', 55.9333, 12.3167, 'Error in area. City:Hillerod', 'Hillerod', 30570, '???????', 3, 1, b'1', 221, 222, 640),
(112, 2, 2, 0, 6, 6, b'1', b'1', 53.2719, -9.04889, 'Error in area. City:Galway', 'Galway', 75529, '????', 2, 1, b'1', 223, 224, 641),
(113, 2, 2, 114.99, 7, 7, b'1', b'1', 53.3478, -6.25972, NULL, 'Dublin', 527612, '????', 2, 1, b'1', 225, 226, 642),
(114, 3, 3, 0, 6, 6, b'1', b'1', 51.88, -9.58389, 'Error in temperature.Temperature absence. City:Kenmare', 'Kenmare', 1701, '????', 2, 1, b'1', 227, 228, NULL),
(115, 3, 3, 3.74, 6, 6, b'1', b'1', 52.6478, -7.25611, NULL, 'Kilkenny', 24423, '??????', 2, 1, b'1', 229, 230, 643),
(116, 2, 2, 0, 7, 7, b'1', b'1', 0, 0, 'Error in temperature.Temperature absence. City:Cork', 'Cork', 0, '???', 2, 1, b'1', 231, 232, NULL),
(117, 2, 2, 51.3, 7, 7, b'1', b'1', 52.6653, -8.62389, NULL, 'Limerick', 57106, '?????', 2, 1, b'1', 233, 234, 644),
(118, 3, 3, 125, 7, 7, b'1', b'1', 65.6833, -18.1, NULL, 'Akureyri', 17754, '???????', 3, 1, b'1', 235, 236, 645),
(119, 3, 3, 274.5, 8, 8, b'1', b'1', 64.1333, -21.9333, NULL, 'Reykjavik', 119108, '???????', 3, 1, b'1', 237, 238, 646),
(120, 3, 3, 0, 8, 8, b'1', b'1', 60.0181, 5.28, 'Error in population. City:Husavik', 'Husavik', 0, '?????', 3, 1, b'1', 239, 240, 647),
(121, 3, 3, 101.9, 8, 8, b'1', b'1', 41.3833, 2.18333, NULL, 'Barcelona', 1621537, '???????', 3, 1, b'1', 241, 242, 648),
(122, 3, 3, 40.65, 8, 8, b'1', b'1', 43.2569, -2.92361, NULL, 'Bilbao', 353187, '?????', 3, 1, b'1', 243, 244, 649),
(123, 2, 2, 134.65, 7, 7, b'1', b'1', 39.4667, -0.383333, NULL, 'Valencia', 809267, '??????', 3, 1, b'1', 245, 246, 650),
(124, 3, 3, 88, 8, 8, b'1', b'1', 37.1781, -3.60083, NULL, 'Granada', 237929, '????', 3, 1, b'1', 247, 248, 651),
(125, 3, 3, 571.6, 8, 8, b'1', b'1', 38.9833, 1.43333, NULL, 'Ibiza', 49516, '????', 3, 2, b'1', 249, 250, 652),
(126, 3, 3, 0, 7, 7, b'1', b'1', 0, 0, 'Error in temperature.Temperature absence. City:Cordova', 'Cordova', 0, '?????', 3, 1, b'1', 251, 252, NULL),
(127, 3, 3, 48.71, 7, 7, b'1', b'1', 41.7, 2.83333, NULL, 'Lloret de Mar', 37734, '??????-??-?', 3, 1, b'1', 253, 254, 653),
(128, 2, 2, 605.77, 7, 7, b'1', b'1', 40.3833, -3.71667, NULL, 'Madrid', 3265038, '????', 3, 1, b'1', 255, 256, 654),
(129, 3, 3, 208.63, 8, 8, b'1', b'1', 39.5667, 2.65, NULL, 'Palma de Mallorca', 401270, '??????-??-?????', 3, 1, b'1', 257, 258, 655),
(130, 3, 3, 0, 9, 9, b'1', b'1', 0, 0, 'Error in temperature.Temperature absence. City:San_Sebastian', 'San Sebastian', 0, '???-????????', 3, 1, b'1', 259, 260, NULL),
(131, 3, 3, 150.56, 7, 7, b'1', b'1', 28.4667, -16.25, NULL, 'Santa Cruz de Tenerife', 222417, '?????-????-??-???????', 3, 1, b'1', 261, 262, 656),
(132, 3, 3, 140, 8, 8, b'1', b'1', 37.3772, -5.98694, NULL, 'Sevilla', 703021, '???????', 3, 1, b'1', 263, 264, 657),
(133, 2, 2, 39.14, 8, 8, b'1', b'1', 41.9844, 2.82111, NULL, 'Girona', 96722, '????', 3, 1, b'1', 265, 266, 658),
(134, 3, 3, 140.7, 8, 8, b'1', b'1', 44.5075, 11.3514, NULL, 'Bologna', 382460, '???????', 2, 1, b'1', 267, 268, 659),
(135, 3, 3, 414.57, 8, 8, b'1', b'1', 45.4375, 12.3358, NULL, 'Venice', 270660, '?????', 3, 1, b'1', 269, 270, 660),
(136, 3, 3, 206.63, 8, 8, b'1', b'1', 45.4333, 10.9833, NULL, 'Verona', 265410, '????', 3, 1, b'1', 271, 272, 661),
(137, 3, 3, 243.6, 9, 9, b'1', b'1', 44.4111, 8.93278, NULL, 'Genoa', 608154, '?????', 3, 1, b'1', 273, 274, 662),
(138, 2, 2, 46.3, 9, 9, b'1', b'1', 40.7314, 13.8958, NULL, 'Ischia', 18253, '?????', 3, 1, b'1', 275, 276, 663),
(139, 2, 2, 85.45, 8, 8, b'1', b'1', 39.2464, 9.0575, NULL, 'Cagliari', 156560, '??????', 3, 1, b'1', 277, 278, 664),
(140, 3, 3, 10.4, 7, 7, b'1', b'1', 40.55, 14.2333, NULL, 'capri', 12200, '????', 3, 1, b'1', 279, 280, 665),
(141, 2, 2, 181.76, 7, 7, b'1', b'1', 45.4642, 9.19028, NULL, 'Milan', 1342337, '????', 3, 1, b'1', 281, 282, 666),
(142, 3, 3, 117.27, 8, 8, b'1', b'1', 40.845, 14.2583, NULL, 'Naples', 959574, '?????', 3, 1, b'1', 283, 284, 667),
(143, 2, 2, 158.9, 7, 7, b'1', b'1', 38.1167, 13.3667, NULL, 'Palermo', 654735, '?????', 3, 1, b'1', 285, 286, 668),
(144, 2, 2, 185, 8, 8, b'1', b'1', 43.7167, 10.4, NULL, 'Pisa', 88332, '??', 3, 1, b'1', 287, 288, 669),
(145, 2, 2, 1285.31, 8, 8, b'1', b'1', 41.9, 12.5, NULL, 'Rome', 2777979, '?', 3, 1, b'1', 289, 290, 670),
(146, 3, 3, 134, 8, 8, b'1', b'1', 44.05, 12.5667, NULL, 'Rimini', 142579, '????', 3, 1, b'1', 291, 292, 671),
(147, 3, 3, 0, 8, 8, b'1', b'1', 0, 0, 'Error in temperature.Temperature absence. City:sienna', 'sienna', 0, '???', 3, 1, b'1', 293, 294, NULL),
(148, 3, 3, 102.41, 8, 8, b'1', b'1', 43.7833, 11.25, NULL, 'Florence', 370702, '????????? ', 3, 1, b'1', 295, 296, 672),
(149, 2, 2, 0, 7, 7, b'1', b'1', 34.9833, 34, 'Error in temperature.Temperature absence. City:Ayia_Napa', 'Ayia Napa', 2693, '???-??', 3, 1, b'1', 297, 298, NULL),
(150, 2, 2, 0, 7, 7, b'1', b'1', 35.3403, 33.3192, 'Error in area. City:Kyrenia', 'Kyrenia', 62504, '?????', 3, 1, b'1', 299, 300, 673),
(151, 2, 2, 0, 7, 7, b'1', b'1', 34.9167, 33.6333, 'Error in area. City:Larnaca', 'Larnaca', 72000, '?????', 3, 1, b'1', 301, 302, 674),
(152, 2, 2, 0, 7, 7, b'1', b'1', 34.6667, 33.0333, 'Error in area. City:Limassol', 'Limassol', 235056, '??????', 3, 1, b'1', 303, 304, 675),
(153, 2, 2, 0, 7, 7, b'1', b'1', 35.1667, 33.3667, 'Error in area. City:Nicosia', 'Nicosia', 310355, '?????', 3, 1, b'1', 305, 306, 676),
(154, 2, 2, 0, 7, 7, b'1', b'1', 0, 0, 'Error in temperature.Temperature absence. City:Pathos', 'Pathos', 0, '???', 3, 1, b'1', 307, 308, NULL),
(155, 2, 2, 0, 7, 7, b'1', b'1', 35.0333, 33.9833, 'Error in area. City:Protaras', 'Protaras', 20230, '??????', 3, 1, b'1', 309, 310, 677),
(156, 2, 2, 0, 7, 7, b'1', b'1', 35.1167, 33.95, 'Error in area. City:Famagusta', 'Famagusta', 42526, '????????', 3, 1, b'1', 311, 312, 678),
(157, 2, 2, 72.48, 6, 6, b'1', b'1', 55.875, 26.5356, NULL, 'Daugavpils', 101057, '1??????', 3, 1, b'1', 313, 314, 679),
(158, 3, 3, 60, 7, 7, b'1', b'1', 56.6483, 23.7139, NULL, 'Jelgava', 63534, '????', 3, 1, b'1', 315, 316, 680),
(159, 2, 2, 60.4, 7, 7, b'1', b'1', 56.5117, 21.0139, NULL, 'Liepaja', 82386, '????', 3, 1, b'1', 317, 318, 681),
(160, 2, 2, 307.17, 6, 6, b'1', b'1', 56.9489, 24.1064, NULL, 'Riga', 699203, '??', 3, 1, b'1', 319, 320, 682),
(161, 2, 2, 100, 6, 6, b'1', b'1', 56.9667, 23.75, 'Error in population. City:Jurmala', 'Jurmala', 0, '????', 3, 1, b'1', 321, 322, 683),
(162, 2, 2, 401, 6, 6, b'1', b'1', 54.6833, 25.2833, NULL, 'Vilnius', 838852, '???????', 3, 1, b'1', 323, 324, 684),
(163, 2, 2, 157, 6, 6, b'1', b'1', 54.9, 23.9333, NULL, 'Kaunas', 321200, '????', 3, 1, b'1', 325, 326, 685),
(164, 2, 2, 110, 6, 6, b'1', b'1', 55.7, 21.1333, NULL, 'Klaipeda', 161300, '?????', 3, 1, b'1', 327, 328, 686),
(165, 2, 2, 79, 6, 6, b'1', b'1', 55.9167, 21.0667, NULL, 'Palanga', 17600, '?????', 3, 1, b'1', 329, 330, 687),
(166, 3, 3, 19.6, 8, 8, b'1', b'1', 47.0667, 9.5, NULL, 'Balzers', 4513, '????????', 3, 1, b'1', 331, 332, 688),
(167, 2, 2, 17.3, 8, 8, b'1', b'1', 47.1411, 9.52111, NULL, 'Vaduz', 5342, '?????', 3, 1, b'1', 333, 334, 689),
(168, 3, 3, 7.5, 9, 9, b'1', b'1', 47.2167, 9.53333, NULL, 'Mauren', 3836, '????', 3, 1, b'1', 335, 336, 690),
(169, 3, 3, 29.8, 8, 8, b'1', b'1', 47.1167, 9.53333, NULL, 'Triesenberg', 2538, '?????????', 3, 1, b'1', 337, 338, 691),
(170, 2, 2, 0, 8, 8, b'1', b'1', 0, 0, 'Error in temperature.Temperature absence. City:Shang', 'Shang', 0, '?', 3, 1, b'1', 339, 340, NULL),
(171, 2, 2, 0, 8, 8, b'1', b'1', 0, 0, 'Error in temperature.Temperature absence. City:Eshen', 'Eshen', 0, '??', 3, 1, b'1', 341, 342, NULL),
(172, 3, 3, 0, 8, 8, b'1', b'1', 0, 0, 'Error in temperature.Temperature absence. City:Betemburg', 'Betemburg', 0, '????????', 3, 1, b'1', 343, 344, NULL),
(173, 2, 2, 2586.4, 9, 9, b'1', b'1', 49.6, 6.11667, NULL, 'Luxembourg', 509074, '?????????', 3, 1, b'1', 345, 346, 692),
(174, 3, 3, 20.49, 8, 8, b'1', b'1', 49.8117, 6.42167, NULL, 'Echternach', 4877, '??????', 3, 1, b'1', 347, 348, 693),
(175, 3, 3, 13.66, 9, 9, b'1', b'1', 49.5, 6.28333, NULL, 'Mondorf-les-Bains', 4447, '???????-??-?', 3, 1, b'1', 349, 350, 694),
(176, 3, 3, 16.48, 9, 9, b'1', b'1', 49.6667, 6.45, NULL, 'Grevenmacher', 4225, '?????????', 3, 1, b'1', 351, 352, 695),
(177, 2, 2, 571.46, 6, 6, b'1', b'1', 42, 21.4333, NULL, 'Skopje', 506926, '?????', 2, 1, b'1', 353, 354, 696),
(178, 2, 2, 0, 6, 6, b'1', b'1', 0, 0, 'Error in temperature.Temperature absence. City:Mavrovo', 'Mavrovo', 0, '?????', 2, 1, b'1', 355, 356, NULL),
(179, 2, 2, 0, 7, 7, b'1', b'1', 0, 0, 'Error in temperature.Temperature absence. City:Bagiba', 'Bagiba', 0, '????', 3, 1, b'1', 357, 358, NULL),
(180, 2, 2, 0, 7, 7, b'1', b'1', 0, 0, 'Error in temperature.Temperature absence. City:Brkirkara', 'Brkirkara', 0, '????????', 3, 1, b'1', 359, 360, NULL),
(181, 2, 2, 0.8, 7, 7, b'1', b'1', 35.8978, 14.5125, NULL, 'Valletta', 6966, '???????', 3, 1, b'1', 361, 362, 697),
(182, 3, 3, 0, 7, 7, b'1', b'1', 0, 0, 'Error in temperature.Temperature absence. City:Victoria', 'Victoria', 0, '??????', 3, 1, b'1', 363, 364, NULL),
(183, 2, 2, 0, 7, 7, b'1', b'1', -40.6667, 172.833, 'Error in temperature.Temperature absence. City:Golden_Bay', 'Golden Bay', 0, '?????? ??', 3, 1, b'1', 365, 366, NULL),
(184, 3, 3, 22.6, 7, 7, b'1', b'1', 35.9564, 14.3664, NULL, 'Mellieha', 7221, '?????', 3, 1, b'1', 367, 368, 698),
(185, 2, 2, 1.6, 7, 7, b'1', b'1', 35.9186, 14.49, NULL, 'Saint Julian''s', 7752, '???? ??????', 3, 1, b'1', 369, 370, 699),
(186, 2, 2, 1.3, 7, 7, b'1', b'1', 35.9122, 14.5042, NULL, 'Sliema', 15242, '???', 3, 1, b'1', 371, 372, 700),
(187, 2, 2, 0, 6, 6, b'1', b'1', 0, 0, 'Error in temperature.Temperature absence. City:Balti', 'Balti', 0, '??????', 2, 1, b'1', 373, 374, NULL),
(188, 2, 2, 571, 6, 6, b'1', b'1', 47, 28.9167, NULL, 'Kishinev', 723500, '??????', 2, 1, b'1', 375, 376, 701),
(189, 2, 2, 0, 6, 6, b'1', b'1', 46.85, 29.6333, 'Error in area. City:Tiraspol', 'Tiraspol', 159163, '???????', 1, 1, b'1', 377, 378, 702),
(190, 2, 2, 0, 7, 7, b'1', b'1', 43.7375, 7.41528, 'Error in population. City:Monaco-Ville', 'Monaco-Ville', 0, '??????-??', 3, 1, b'1', 379, 380, 703),
(191, 2, 2, 0, 7, 7, b'1', b'1', 43.7397, 7.42722, 'Error in area. City:Monte-Carlo', 'Monte-Carlo', 15200, '?????-???', 3, 1, b'1', 381, 382, 704),
(192, 2, 2, 219, 8, 8, b'1', b'1', 52.3731, 4.89222, NULL, 'Amsterdam', 790654, '??????1', 3, 3, b'1', 383, 384, 705),
(193, 2, 2, 98.2, 8, 8, b'1', b'1', 52.0833, 4.31667, NULL, 'Hague', 501725, '???', 3, 3, b'1', 385, 386, 706),
(194, 2, 2, 24.08, 8, 8, b'1', b'1', 52.015, 4.35667, NULL, 'Delft', 96168, '??????', 3, 3, b'1', 387, 388, 707),
(195, 2, 2, 60.06, 8, 8, b'1', b'1', 50.8512, 5.69074, NULL, 'Maastricht', 121164, '?????????', 3, 3, b'1', 389, 390, 708),
(196, 2, 2, 319, 8, 8, b'1', b'1', 51.9308, 4.47917, NULL, 'Rotterdam', 617347, '??????1', 3, 3, b'1', 391, 392, 709),
(197, 2, 2, 99.32, 8, 8, b'1', b'1', 52.0933, 5.11944, NULL, 'Utrecht', 316448, '??????', 3, 3, b'1', 393, 394, 710),
(198, 2, 2, 10.03, 8, 8, b'1', b'1', 40.809, -73.9484, NULL, 'Harlem', 215753, '????', 3, 3, b'1', 395, 396, 711),
(199, 2, 2, 465, 8, 8, b'1', b'1', 60.3894, 5.33, NULL, 'Bergen', 266100, '????', 3, 1, b'1', 397, 398, 712),
(200, 2, 2, 454.03, 8, 8, b'1', b'1', 59.9494, 10.7564, NULL, 'Oslo', 613285, '??', 3, 1, b'1', 399, 400, 713),
(201, 2, 2, 0, 8, 8, b'1', b'1', 0, 0, 'Error in temperature.Temperature absence. City:R?ros', 'R?ros', 0, 'и???', 3, 1, b'1', 401, 402, NULL),
(202, 2, 2, 71, 8, 8, b'1', b'1', 58.9633, 5.71889, NULL, 'Stavanger', 126469, '???????', 3, 1, b'1', 403, 404, 714),
(203, 2, 2, 2523.93, 8, 8, b'1', b'1', 69.6828, 18.9428, NULL, 'Tromso', 68839, '??????', 3, 1, b'1', 405, 406, 715),
(204, 2, 2, 342.3, 8, 8, b'1', b'1', 63.4297, 10.3933, 'Error in population. City:Trondheim', 'Trondheim', 0, '??????', 3, 1, b'1', 407, 408, 716),
(205, 2, 2, 517.24, 6, 6, b'1', b'1', 52.2323, 21.0084, NULL, 'Warsaw', 1777398, '?????', 2, 1, b'1', 409, 410, 717),
(206, 2, 2, 262, 6, 6, b'1', b'1', 54.3667, 18.6333, NULL, 'Gdansk', 455830, '?1???', 2, 1, b'1', 411, 412, 718),
(207, 2, 2, 327, 6, 6, b'1', b'1', 50.0614, 19.9383, NULL, 'Krakow', 756183, '????', 2, 1, b'1', 413, 414, 719),
(208, 2, 2, 115.72, 6, 6, b'1', b'1', 53.0333, 18.6167, NULL, 'Torun', 205934, '????', 2, 1, b'1', 415, 416, 720),
(209, 2, 2, 292.82, 6, 6, b'1', b'1', 51.1078, 17.0383, NULL, 'Wroclaw', 632996, '?????', 2, 1, b'1', 417, 418, 721),
(210, 2, 2, 30.34, 6, 6, b'1', b'1', 50.7206, 23.2586, NULL, 'Zamosc', 66613, '???????', 2, 1, b'1', 419, 420, 722),
(211, 2, 2, 84.8, 8, 8, b'1', b'1', 38.7138, -9.13939, NULL, 'Lisbon', 547631, '??????', 2, 1, b'1', 421, 422, 723),
(212, 2, 2, 0, 8, 8, b'1', b'1', 32.65, -16.9167, 'Error in area. City:Funchal', 'Funchal', 111892, '????', 2, 1, b'1', 423, 424, 724),
(213, 2, 2, 0, 8, 8, b'1', b'1', 0, 0, 'Error in temperature.Temperature absence. City:Sintra', 'Sintra', 0, '?????', 2, 1, b'1', 425, 426, NULL),
(214, 2, 2, 0, 8, 8, b'1', b'1', 0, 0, 'Error in temperature.Temperature absence. City:Faro', 'Faro', 0, '????', 2, 1, b'1', 427, 428, NULL),
(215, 2, 2, 0, 8, 8, b'1', b'1', 0, 0, 'Error in temperature.Temperature absence. City:Port', 'Port', 0, '?????', 2, 1, b'1', 429, 430, NULL),
(216, 2, 2, 0, 8, 8, b'1', b'1', 38.5708, -7.90556, 'Error in area. City:Evora', 'Evora', 41159, '????', 2, 1, b'1', 431, 432, 725),
(217, 5, 5, 20.75, 18, 18, b'1', b'1', 60.1, 19.9333, NULL, 'Mariehamn', 11286, '???????', 3, 1, b'1', 433, 434, 726),
(218, 6, 6, 2139.19, 25, 25, b'1', b'1', 0, 0, 'Error in temperature.Temperature absence. City:Porvoo', 'Porvoo', 48862, '????', 3, 1, b'1', 435, 436, NULL),
(219, 5, 5, 0, 20, 20, b'1', b'1', 0, 0, 'Error in temperature.Temperature absence. City:Rauma', 'Rauma', 0, '???', 3, 1, b'1', 437, 438, NULL),
(220, 7, 7, 8016.72, 25, 25, b'1', b'1', 66.5, 25.7333, NULL, 'Rovaniemi', 60707, '???????', 3, 1, b'1', 439, 440, 727),
(221, 5, 5, 689.59, 20, 20, b'1', b'1', 61.5, 23.7667, NULL, 'Tampere', 215315, '??????', 3, 1, b'1', 441, 442, 728),
(222, 5, 5, 306.37, 15, 15, b'1', b'1', 60.45, 22.2667, NULL, 'Turku', 178784, '???', 3, 1, b'1', 443, 444, 729),
(223, 5, 5, 715.49, 20, 20, b'1', b'1', 60.1708, 24.9375, NULL, 'Helsinki', 596233, '???????', 3, 1, b'1', 445, 446, 730),
(224, 5, 5, 11.66, 20, 20, b'1', b'1', 43.4817, -1.55611, NULL, 'Biarritz', 27398, '?????', 3, 1, b'1', 447, 448, 731),
(225, 8, 8, 19.62, 40, 40, b'1', b'1', 43.5514, 7.01278, NULL, 'Cannes', 72939, '???', 3, 1, b'1', 449, 450, 732),
(226, 10, 10, 0, 45, 45, b'1', b'1', 45.3975, 6.635, 'Error in population. City:Courchevel', 'Courchevel', 0, '???????', 3, 2, b'1', 451, 452, 733),
(227, 8, 8, 100, 40, 40, b'1', b'1', 45.5064, 6.67722, NULL, 'La Plagne', 10660, '?? ???', 3, 1, b'1', 453, 454, 734),
(228, 7, 7, 0, 20, 20, b'1', b'1', 43.365, 6.84972, 'Error in temperature.Temperature absence. City:French_Riviera', 'French Riviera', 83962, '???????? ???', 2, 2, b'1', 455, 456, NULL),
(229, 7, 7, 0, 25, 25, b'1', b'1', 45.5717, 6.80778, 'Error in population. City:Les_Arcs', 'Les Arcs', 0, '???-??', 3, 1, b'1', 457, 458, 735),
(230, 5, 5, 39.51, 15, 15, b'1', b'1', 50.6372, 3.06333, NULL, 'Lille', 226014, '???', 3, 1, b'1', 459, 460, 736),
(231, 5, 5, 47.95, 15, 15, b'1', b'1', 45.7597, 4.84222, NULL, 'Lyon', 483181, '??', 3, 1, b'1', 461, 462, 737),
(232, 6, 6, 240.62, 17, 17, b'1', b'1', 43.2964, 5.37, NULL, 'Marseille', 851420, '?????', 2, 1, b'1', 463, 464, 738),
(233, 6, 6, 14.05, 20, 20, b'1', b'1', 43.775, 7.5, NULL, 'Menton', 28833, '?????', 3, 1, b'1', 465, 466, 739),
(234, 5, 5, 71.92, 12, 12, b'1', b'1', 43.7033, 7.26639, NULL, 'Nice', 344875, '????', 3, 1, b'1', 467, 468, 740),
(235, 5, 5, 105.4, 20, 20, b'1', b'1', 48.8567, 2.35083, NULL, 'Paris', 2234105, '???', 2, 1, b'1', 469, 470, 741),
(236, 5, 5, 78.26, 17, 17, b'1', b'1', 48.5844, 7.74861, NULL, 'Strasbourg', 272975, '????????', 3, 1, b'1', 471, 472, 742),
(237, 6, 6, 118.3, 15, 15, b'1', b'1', 43.6044, 1.44389, NULL, 'Toulouse', 439553, '????', 3, 1, b'1', 473, 474, 743),
(238, 5, 5, 245.46, 16, 16, b'1', b'1', 45.9231, 6.86972, NULL, 'Chamonix', 15780, '????', 3, 1, b'1', 475, 476, 744),
(239, 5, 5, 21.35, 15, 15, b'1', b'1', 42.6403, 18.1083, NULL, 'Dubrovnik', 42641, '???????', 3, 1, b'1', 477, 478, 745),
(240, 7, 7, 641, 20, 20, b'1', b'1', 45.8167, 15.9833, NULL, 'Zagreb', 792875, '????', 3, 1, b'1', 479, 480, 746),
(241, 5, 5, 0, 18, 18, b'1', b'1', 0, 0, 'Error in temperature.Temperature absence. City:Pore?', 'Pore?', 0, '???', 3, 1, b'1', 481, 482, NULL),
(242, 6, 6, 51.65, 17, 17, b'1', b'1', 44.8667, 13.85, NULL, 'Pula', 62080, '??', 3, 1, b'1', 483, 484, 747),
(243, 5, 5, 0, 15, 15, b'1', b'1', 45.093, 14.1217, 'Error in temperature.Temperature absence. City:Rabac', 'Rabac', 0, '???', 3, 1, b'1', 485, 486, NULL),
(244, 6, 6, 88, 18, 18, b'1', b'1', 45.0833, 13.6333, NULL, 'Rovinj', 13562, '????', 3, 1, b'1', 487, 488, 748),
(245, 5, 5, 0, 14, 14, b'1', b'1', 0, 0, 'Error in temperature.Temperature absence. City:Split', 'Split', 0, '???', 3, 1, b'1', 489, 490, NULL),
(246, 5, 5, 0, 16, 16, b'1', b'1', 43.5169, 16.2514, 'Error in area. City:Trogir', 'Trogir', 13322, '????', 3, 1, b'1', 491, 492, 749),
(247, 5, 5, 87, 15, 15, b'1', b'1', 45.4333, 13.5167, NULL, 'Umag', 12901, '??', 3, 1, b'1', 493, 494, 750),
(248, 5, 5, 0, 14, 14, b'1', b'1', 0, 0, 'Error in temperature.Temperature absence. City:Be?i?i', 'Be?i?i', 0, '?????', 3, 1, b'1', 495, 496, NULL),
(249, 5, 5, 122, 15, 15, b'1', b'1', 42.2881, 18.8425, NULL, 'Budva', 10918, '???', 3, 1, b'1', 497, 498, 751),
(250, 5, 5, 335, 15, 15, b'1', b'1', 42.43, 18.77, NULL, 'Kotor', 5341, '???', 3, 1, b'1', 499, 500, 752),
(251, 6, 6, 0, 14, 14, b'1', b'1', 0, 0, 'Error in temperature.Temperature absence. City:Milocer', 'Milocer', 0, '?????', 3, 1, b'1', 501, 502, NULL),
(252, 6, 6, 0, 16, 16, b'1', b'1', 0, 0, 'Error in temperature.Temperature absence. City:Petrovac', 'Petrovac', 0, '??????', 3, 1, b'1', 503, 504, NULL),
(253, 5, 5, 1441, 14, 14, b'1', b'1', 42.4667, 19.2667, NULL, 'Podgorica', 150977, '????????', 3, 1, b'1', 505, 506, 753),
(254, 4, 4, 0, 13, 13, b'1', b'1', 42.255, 18.8961, 'Error in area. City:Sveti_Stefan', 'Sveti Stefan', 12400, '?????-????', 3, 1, b'1', 507, 508, 754),
(255, 4, 4, 255, 14, 14, b'1', b'1', 41.9167, 19.2, NULL, 'Ulcinj', 10707, '?????', 3, 1, b'1', 509, 510, 755),
(256, 5, 5, 0, 16, 16, b'1', b'1', 0, 0, 'Error in temperature.Temperature absence. City:Cetinje', 'Cetinje', 0, '????', 3, 1, b'1', 511, 512, NULL),
(257, 5, 5, 230.19, 15, 15, b'1', b'1', 49.2, 16.6167, NULL, 'Brno', 384277, '??', 3, 1, b'1', 513, 514, 756),
(258, 6, 6, 0, 18, 18, b'1', b'1', 50.2333, 12.8667, 'Error in area. City:Karlovy_Vary', 'Karlovy Vary', 53708, '??????? ????', 3, 1, b'1', 515, 516, 757),
(259, 5, 5, 0, 17, 17, b'1', b'1', 0, 0, 'Error in temperature.Temperature absence. City:Kutn?_Hora', 'Kutn? Hora', 0, '?????-???', 3, 1, b'1', 517, 518, NULL),
(260, 5, 5, 0, 15, 15, b'1', b'1', 49.7475, 13.3775, 'Error in area. City:Plze?', 'Plze?', 172932, '?????', 3, 1, b'1', 519, 520, 758),
(261, 4, 4, 496, 14, 14, b'1', b'1', 50.0833, 14.4167, NULL, 'Prague', 1262106, '????', 2, 1, b'1', 521, 522, 759),
(262, 5, 5, 0, 15, 15, b'1', b'1', 0, 0, 'Error in temperature.Temperature absence. City:Tel?', 'Tel?', 0, '?????', 3, 1, b'1', 523, 524, NULL),
(263, 5, 5, 0, 15, 15, b'1', b'1', 0, 0, 'Error in temperature.Temperature absence. City:?esk?_Krumlov', '?esk? Krumlov', 4005651, '?????-?????', 3, 1, b'1', 525, 526, NULL),
(264, 6, 6, 23.91, 20, 20, b'1', b'1', 47.5667, 7.6, NULL, 'Basel', 170635, '????', 3, 1, b'1', 527, 528, 760),
(265, 6, 6, 51.62, 18, 18, b'1', b'1', 46.95, 7.45, NULL, 'Bern', 133920, '???', 3, 1, b'1', 529, 530, 761),
(266, 7, 7, 15.93, 20, 20, b'1', b'1', 46.2, 6.15, NULL, 'Geneva', 191803, '????', 3, 1, b'1', 531, 532, 762),
(267, 6, 6, 4.3, 17, 17, b'1', b'1', 46.6833, 7.85, NULL, 'Interlaken', 13642, '????????', 3, 1, b'1', 533, 534, 763),
(268, 5, 5, 41.38, 18, 18, b'1', b'1', 46.5198, 6.6335, NULL, 'Lausanne', 127821, '?????', 3, 1, b'1', 535, 536, 764),
(269, 5, 5, 29.06, 17, 17, b'1', b'1', 47.05, 8.3, NULL, 'Lucerne', 77491, '?????', 3, 1, b'1', 537, 538, 765),
(270, 6, 6, 87.88, 20, 20, b'1', b'1', 47.3667, 8.55, NULL, 'Zurich', 376008, '???', 3, 1, b'1', 539, 540, 766),
(271, 5, 5, 12.44, 15, 15, b'1', b'1', 57.6333, 18.2833, NULL, 'Visby', 22593, '???', 3, 1, b'1', 541, 542, 767),
(272, 5, 5, 450, 16, 16, b'1', b'1', 57.7, 11.9667, NULL, 'Gothenburg', 520374, '??????', 3, 1, b'1', 543, 544, 768),
(273, 5, 5, 261, 16, 16, b'1', b'1', 64.0719, 11.2169, 'Error in temperature.Temperature absence. City:Malm?', 'Malm?', 1572, '????', 3, 1, b'1', 545, 546, NULL),
(274, 6, 6, 188, 17, 17, b'1', b'1', 59.3294, 18.0686, NULL, 'Stockholm', 864324, '????????', 3, 1, b'1', 547, 548, 769),
(275, 5, 5, 48.77, 16, 16, b'1', b'1', 59.85, 17.6333, NULL, 'Uppsala', 140454, '?????', 3, 1, b'1', 549, 550, 770),
(276, 5, 5, 84.54, 14, 14, b'1', b'1', 59.3758, 28.1961, NULL, 'Narva', 65886, '???', 3, 1, b'1', 551, 552, 771),
(277, 5, 5, 0, 15, 15, b'1', b'1', 0, 0, 'Error in temperature.Temperature absence. City:P?rnu', 'P?rnu', 0, '???', 3, 1, b'1', 553, 554, NULL),
(278, 6, 6, 159.2, 16, 16, b'1', b'1', 59.4372, 24.7453, NULL, 'Tallinn', 416772, '?????', 3, 1, b'1', 555, 556, 772),
(279, 5, 5, 38.86, 15, 15, b'1', b'1', 58.3833, 26.7167, NULL, 'Tartu', 103284, '?????', 3, 1, b'1', 557, 558, 773);

-- --------------------------------------------------------

--
-- Структура таблицы `City_Tag`
--

CREATE TABLE IF NOT EXISTS `City_Tag` (
  `City_id` int(11) NOT NULL,
  `tagList_id` int(11) NOT NULL,
  PRIMARY KEY (`City_id`,`tagList_id`),
  KEY `FKAF24C6C686B35DC` (`tagList_id`),
  KEY `FKAF24C6C6348D4B1A` (`City_id`)
) ENGINE=MEMORY  DEFAULT CHARSET=cp1251;

--
-- Дамп данных таблицы `City_Tag`
--

INSERT INTO `City_Tag` (`City_id`, `tagList_id`) VALUES
(1, 2),
(1, 3),
(1, 4),
(2, 2),
(2, 3),
(2, 4),
(3, 2),
(3, 3),
(3, 4),
(4, 2),
(4, 3),
(4, 4),
(4, 5),
(4, 7),
(5, 2),
(5, 3),
(5, 4),
(5, 5),
(5, 6),
(6, 1),
(6, 2),
(6, 3),
(6, 4),
(7, 2),
(7, 3),
(7, 4),
(7, 5),
(7, 6),
(8, 1),
(8, 2),
(8, 3),
(8, 4),
(9, 2),
(9, 3),
(9, 4),
(9, 6),
(9, 7),
(10, 2),
(10, 3),
(10, 4),
(11, 2),
(11, 3),
(11, 4),
(11, 5),
(11, 7),
(11, 8),
(12, 2),
(12, 3),
(12, 4),
(13, 2),
(13, 3),
(13, 4),
(14, 2),
(14, 3),
(14, 4),
(14, 5),
(14, 7),
(15, 2),
(15, 3),
(15, 4),
(16, 2),
(16, 3),
(16, 4),
(16, 6),
(16, 7),
(17, 2),
(17, 3),
(17, 4),
(18, 2),
(18, 3),
(18, 4),
(19, 2),
(19, 3),
(19, 4),
(19, 7),
(19, 8),
(20, 2),
(20, 3),
(20, 4),
(21, 2),
(21, 3),
(21, 4),
(21, 5),
(22, 2),
(22, 3),
(22, 4),
(22, 7),
(22, 9),
(23, 1),
(23, 2),
(23, 3),
(23, 4),
(24, 2),
(24, 3),
(24, 4),
(25, 2),
(25, 3),
(25, 4),
(26, 2),
(26, 3),
(26, 4),
(27, 2),
(27, 3),
(27, 4),
(28, 2),
(28, 3),
(28, 4),
(29, 2),
(29, 3),
(29, 4),
(30, 2),
(30, 3),
(30, 4),
(31, 2),
(31, 3),
(31, 4),
(32, 2),
(32, 3),
(32, 4),
(33, 2),
(33, 3),
(33, 4),
(34, 3),
(34, 4),
(35, 4),
(35, 5),
(35, 7),
(36, 4),
(36, 5),
(36, 7),
(36, 8),
(37, 4),
(37, 7),
(37, 8),
(38, 3),
(38, 4),
(39, 4),
(39, 5),
(39, 7),
(40, 4),
(40, 5),
(40, 7),
(40, 8),
(41, 3),
(41, 4),
(42, 4),
(42, 5),
(42, 7),
(43, 3),
(43, 4),
(44, 3),
(44, 4),
(44, 6),
(44, 7),
(44, 8),
(45, 3),
(45, 4),
(45, 6),
(45, 7),
(46, 3),
(46, 4),
(46, 6),
(46, 7),
(47, 3),
(47, 4),
(47, 6),
(47, 7),
(48, 4),
(48, 7),
(49, 4),
(49, 7),
(50, 4),
(50, 7),
(51, 3),
(51, 4),
(51, 7),
(51, 8),
(52, 3),
(52, 4),
(52, 7),
(52, 8),
(53, 3),
(53, 4),
(53, 7),
(53, 8),
(54, 3),
(54, 4),
(54, 7),
(54, 8),
(55, 3),
(55, 4),
(55, 6),
(55, 7),
(56, 3),
(56, 4),
(56, 7),
(56, 8),
(57, 4),
(57, 5),
(57, 7),
(57, 8),
(57, 9),
(58, 4),
(58, 6),
(58, 7),
(59, 4),
(59, 5),
(59, 7),
(59, 8),
(60, 4),
(60, 6),
(60, 7),
(61, 4),
(61, 7),
(61, 8),
(62, 4),
(62, 5),
(62, 7),
(62, 8),
(62, 9),
(63, 4),
(63, 7),
(63, 8),
(64, 2),
(64, 4),
(64, 7),
(64, 8),
(65, 3),
(65, 4),
(66, 2),
(66, 3),
(66, 4),
(66, 5),
(66, 7),
(67, 2),
(67, 3),
(67, 4),
(68, 2),
(68, 3),
(68, 4),
(69, 2),
(69, 3),
(69, 4),
(70, 2),
(70, 3),
(70, 4),
(71, 2),
(71, 3),
(71, 4),
(72, 2),
(72, 3),
(72, 4),
(73, 2),
(73, 3),
(73, 4),
(73, 7),
(73, 8),
(74, 2),
(74, 3),
(74, 4),
(75, 2),
(75, 3),
(75, 4),
(76, 2),
(76, 3),
(76, 4),
(77, 2),
(77, 3),
(77, 4),
(78, 2),
(78, 3),
(78, 4),
(79, 4),
(79, 7),
(79, 8),
(80, 3),
(80, 4),
(81, 4),
(81, 7),
(81, 8),
(82, 4),
(82, 5),
(82, 7),
(82, 8),
(83, 3),
(83, 4),
(84, 4),
(84, 5),
(84, 7),
(85, 3),
(85, 4),
(85, 7),
(85, 8),
(86, 3),
(86, 4),
(86, 7),
(86, 8),
(87, 3),
(87, 4),
(87, 7),
(87, 8),
(88, 3),
(88, 4),
(88, 7),
(88, 8),
(89, 3),
(89, 4),
(89, 6),
(89, 7),
(90, 3),
(90, 4),
(90, 7),
(90, 8),
(91, 3),
(91, 4),
(91, 7),
(91, 8),
(92, 3),
(92, 4),
(92, 7),
(92, 8),
(93, 3),
(93, 4),
(93, 6),
(93, 7),
(93, 8),
(94, 3),
(94, 4),
(94, 7),
(94, 8),
(94, 9),
(95, 3),
(95, 4),
(95, 7),
(95, 8),
(96, 4),
(96, 5),
(96, 7),
(96, 8),
(97, 4),
(97, 5),
(97, 7),
(97, 8),
(98, 4),
(98, 5),
(98, 7),
(98, 8),
(99, 4),
(99, 5),
(99, 7),
(99, 8),
(100, 4),
(100, 5),
(100, 7),
(100, 8),
(101, 4),
(101, 5),
(101, 7),
(102, 4),
(102, 5),
(102, 7),
(102, 8),
(103, 4),
(103, 5),
(103, 7),
(103, 8),
(104, 4),
(104, 5),
(104, 7),
(105, 4),
(105, 7),
(105, 8),
(106, 3),
(106, 4),
(106, 7),
(106, 8),
(107, 3),
(107, 4),
(107, 7),
(107, 8),
(108, 3),
(108, 4),
(108, 7),
(108, 8),
(109, 3),
(109, 4),
(109, 7),
(109, 8),
(110, 3),
(110, 4),
(110, 7),
(110, 8),
(111, 3),
(111, 4),
(111, 7),
(111, 8),
(112, 3),
(112, 4),
(113, 4),
(113, 7),
(113, 8),
(114, 4),
(114, 7),
(114, 8),
(115, 4),
(115, 7),
(115, 8),
(116, 4),
(116, 7),
(116, 8),
(117, 4),
(117, 7),
(117, 8),
(118, 3),
(118, 4),
(118, 6),
(118, 7),
(118, 8),
(119, 3),
(119, 4),
(119, 5),
(119, 7),
(119, 8),
(120, 3),
(120, 4),
(120, 7),
(120, 8),
(121, 3),
(121, 4),
(121, 5),
(121, 7),
(121, 8),
(122, 3),
(122, 4),
(122, 5),
(122, 7),
(122, 8),
(123, 3),
(123, 4),
(123, 5),
(123, 7),
(123, 8),
(124, 3),
(124, 4),
(124, 6),
(124, 7),
(124, 8),
(125, 2),
(125, 3),
(125, 4),
(125, 5),
(125, 7),
(125, 8),
(125, 9),
(126, 3),
(126, 4),
(126, 7),
(126, 8),
(127, 3),
(127, 4),
(127, 5),
(127, 7),
(127, 8),
(128, 3),
(128, 4),
(128, 7),
(128, 8),
(129, 3),
(129, 4),
(129, 5),
(129, 7),
(129, 8),
(130, 3),
(130, 4),
(130, 5),
(130, 7),
(130, 8),
(131, 3),
(131, 4),
(131, 5),
(131, 7),
(131, 8),
(132, 3),
(132, 4),
(132, 7),
(132, 8),
(133, 3),
(133, 4),
(133, 5),
(133, 7),
(133, 8),
(134, 4),
(134, 7),
(134, 8),
(135, 3),
(135, 4),
(135, 7),
(135, 8),
(136, 3),
(136, 4),
(136, 7),
(136, 8),
(137, 3),
(137, 4),
(137, 5),
(137, 7),
(137, 8),
(138, 3),
(138, 4),
(138, 5),
(138, 7),
(138, 8),
(139, 3),
(139, 4),
(139, 5),
(139, 7),
(139, 8),
(140, 3),
(140, 4),
(140, 5),
(140, 7),
(140, 8),
(141, 3),
(141, 4),
(141, 7),
(141, 8),
(142, 3),
(142, 4),
(142, 5),
(142, 7),
(142, 8),
(143, 3),
(143, 4),
(143, 5),
(143, 7),
(143, 8),
(144, 3),
(144, 4),
(144, 7),
(144, 8),
(145, 3),
(145, 4),
(145, 7),
(145, 8),
(146, 3),
(146, 4),
(146, 5),
(146, 7),
(146, 8),
(147, 3),
(147, 4),
(147, 7),
(147, 8),
(148, 3),
(148, 4),
(148, 7),
(148, 8),
(149, 3),
(149, 4),
(149, 5),
(149, 7),
(149, 8),
(150, 3),
(150, 4),
(150, 5),
(150, 7),
(150, 8),
(151, 3),
(151, 4),
(151, 5),
(151, 7),
(151, 8),
(152, 3),
(152, 4),
(152, 5),
(152, 7),
(152, 8),
(153, 3),
(153, 4),
(153, 5),
(153, 7),
(153, 8),
(154, 3),
(154, 4),
(154, 5),
(154, 7),
(154, 8),
(155, 3),
(155, 4),
(155, 5),
(155, 7),
(155, 8),
(156, 3),
(156, 4),
(156, 5),
(156, 7),
(156, 8),
(157, 3),
(157, 4),
(157, 7),
(157, 8),
(158, 3),
(158, 4),
(158, 7),
(158, 8),
(159, 3),
(159, 4),
(159, 5),
(159, 7),
(159, 8),
(160, 3),
(160, 4),
(160, 5),
(160, 7),
(160, 8),
(161, 3),
(161, 4),
(161, 5),
(161, 7),
(161, 8),
(162, 3),
(162, 4),
(162, 7),
(162, 8),
(163, 3),
(163, 4),
(163, 7),
(163, 8),
(164, 3),
(164, 4),
(164, 5),
(164, 7),
(164, 8),
(165, 3),
(165, 4),
(165, 5),
(165, 7),
(165, 8),
(166, 3),
(166, 4),
(166, 7),
(166, 8),
(167, 3),
(167, 4),
(167, 7),
(167, 8),
(168, 3),
(168, 4),
(168, 7),
(168, 8),
(169, 3),
(169, 4),
(169, 7),
(169, 8),
(170, 3),
(170, 4),
(170, 7),
(170, 8),
(171, 3),
(171, 4),
(171, 7),
(171, 8),
(172, 3),
(172, 4),
(172, 7),
(172, 8),
(173, 3),
(173, 4),
(173, 7),
(173, 8),
(174, 3),
(174, 4),
(174, 7),
(174, 8),
(175, 3),
(175, 4),
(175, 7),
(175, 8),
(176, 3),
(176, 4),
(176, 7),
(176, 8),
(177, 4),
(177, 7),
(177, 8),
(178, 4),
(178, 6),
(178, 7),
(178, 8),
(179, 3),
(179, 4),
(179, 5),
(179, 7),
(179, 8),
(180, 3),
(180, 4),
(180, 5),
(180, 7),
(180, 8),
(181, 3),
(181, 4),
(181, 5),
(181, 7),
(181, 8),
(182, 3),
(182, 4),
(182, 5),
(182, 7),
(182, 8),
(183, 3),
(183, 4),
(183, 5),
(183, 7),
(183, 8),
(184, 3),
(184, 4),
(184, 5),
(184, 7),
(184, 8),
(185, 3),
(185, 4),
(185, 5),
(185, 7),
(185, 8),
(186, 3),
(186, 4),
(186, 5),
(186, 7),
(186, 8),
(187, 4),
(187, 7),
(187, 8),
(188, 4),
(188, 7),
(188, 8),
(189, 4),
(189, 7),
(189, 8),
(190, 3),
(190, 4),
(190, 5),
(190, 7),
(190, 8),
(191, 3),
(191, 4),
(191, 5),
(191, 7),
(191, 8),
(192, 2),
(192, 3),
(192, 4),
(192, 7),
(192, 8),
(193, 2),
(193, 3),
(193, 4),
(193, 5),
(193, 7),
(193, 8),
(194, 2),
(194, 3),
(194, 4),
(194, 7),
(194, 8),
(195, 2),
(195, 3),
(195, 4),
(195, 7),
(195, 8),
(196, 2),
(196, 3),
(196, 4),
(196, 7),
(196, 8),
(197, 2),
(197, 3),
(197, 4),
(197, 7),
(197, 8),
(198, 2),
(198, 3),
(198, 4),
(198, 7),
(198, 8),
(199, 3),
(199, 4),
(199, 7),
(199, 8),
(200, 3),
(200, 4),
(200, 6),
(200, 7),
(200, 8),
(201, 3),
(201, 4),
(201, 7),
(201, 8),
(202, 3),
(202, 4),
(202, 7),
(202, 8),
(203, 3),
(203, 4),
(203, 7),
(203, 8),
(204, 3),
(204, 4),
(204, 7),
(204, 8),
(205, 4),
(205, 7),
(205, 8),
(206, 4),
(206, 7),
(206, 8),
(207, 4),
(207, 7),
(207, 8),
(208, 4),
(208, 7),
(208, 8),
(209, 4),
(209, 7),
(209, 8),
(210, 4),
(210, 7),
(210, 8),
(211, 4),
(211, 5),
(211, 7),
(211, 8),
(212, 4),
(212, 5),
(212, 7),
(212, 8),
(213, 4),
(213, 5),
(213, 7),
(213, 8),
(214, 4),
(214, 5),
(214, 7),
(214, 8),
(215, 4),
(215, 5),
(215, 7),
(215, 8),
(216, 4),
(216, 7),
(216, 8),
(217, 3),
(217, 4),
(217, 5),
(217, 7),
(217, 8),
(217, 9),
(218, 3),
(218, 4),
(218, 5),
(218, 6),
(218, 7),
(218, 8),
(218, 9),
(219, 3),
(219, 4),
(219, 5),
(219, 6),
(219, 7),
(219, 8),
(219, 9),
(220, 3),
(220, 4),
(220, 6),
(220, 7),
(220, 8),
(220, 9),
(221, 3),
(221, 4),
(221, 6),
(221, 7),
(221, 8),
(221, 9),
(222, 3),
(222, 4),
(222, 5),
(222, 6),
(222, 7),
(222, 8),
(222, 9),
(223, 3),
(223, 4),
(223, 5),
(223, 6),
(223, 7),
(223, 8),
(223, 9),
(224, 3),
(224, 4),
(224, 5),
(224, 7),
(224, 9),
(225, 3),
(225, 4),
(225, 5),
(225, 7),
(225, 8),
(225, 9),
(226, 2),
(226, 3),
(226, 4),
(226, 6),
(227, 3),
(227, 4),
(227, 6),
(228, 2),
(228, 4),
(228, 5),
(228, 7),
(228, 8),
(228, 9),
(229, 3),
(229, 4),
(229, 6),
(230, 3),
(230, 4),
(230, 7),
(230, 8),
(230, 9),
(231, 3),
(231, 4),
(231, 7),
(231, 8),
(231, 9),
(232, 4),
(232, 5),
(232, 7),
(232, 8),
(232, 9),
(233, 3),
(233, 4),
(233, 5),
(233, 7),
(233, 9),
(234, 3),
(234, 4),
(234, 5),
(234, 7),
(234, 8),
(234, 9),
(235, 4),
(235, 7),
(235, 8),
(235, 9),
(236, 3),
(236, 4),
(236, 7),
(236, 9),
(237, 3),
(237, 4),
(237, 7),
(237, 8),
(238, 3),
(238, 4),
(238, 6),
(239, 3),
(239, 4),
(239, 5),
(239, 7),
(239, 9),
(240, 3),
(240, 4),
(240, 5),
(240, 7),
(240, 8),
(241, 3),
(241, 4),
(241, 5),
(241, 7),
(241, 9),
(242, 3),
(242, 4),
(242, 5),
(242, 7),
(242, 9),
(243, 3),
(243, 4),
(243, 5),
(243, 9),
(244, 3),
(244, 4),
(244, 5),
(244, 7),
(244, 9),
(245, 3),
(245, 4),
(245, 5),
(245, 7),
(245, 9),
(246, 3),
(246, 4),
(246, 5),
(246, 7),
(246, 9),
(247, 3),
(247, 4),
(247, 5),
(247, 7),
(247, 9),
(248, 3),
(248, 4),
(248, 5),
(249, 3),
(249, 4),
(249, 5),
(249, 7),
(249, 9),
(250, 3),
(250, 4),
(250, 5),
(250, 7),
(250, 9),
(251, 3),
(251, 4),
(251, 5),
(251, 9),
(252, 3),
(252, 4),
(252, 5),
(252, 7),
(252, 9),
(253, 3),
(253, 4),
(253, 7),
(254, 3),
(254, 4),
(254, 5),
(255, 3),
(255, 4),
(255, 5),
(256, 3),
(256, 4),
(256, 7),
(257, 3),
(257, 4),
(257, 7),
(257, 8),
(257, 9),
(258, 3),
(258, 4),
(258, 6),
(258, 7),
(258, 8),
(259, 3),
(259, 4),
(260, 3),
(260, 4),
(260, 6),
(260, 8),
(261, 4),
(261, 7),
(261, 8),
(261, 9),
(262, 3),
(262, 4),
(263, 3),
(263, 4),
(263, 6),
(263, 7),
(264, 3),
(264, 4),
(264, 6),
(264, 7),
(265, 3),
(265, 4),
(265, 6),
(265, 7),
(265, 8),
(266, 3),
(266, 4),
(266, 7),
(266, 8),
(266, 9),
(267, 3),
(267, 4),
(267, 6),
(267, 7),
(267, 9),
(268, 3),
(268, 4),
(269, 3),
(269, 4),
(269, 6),
(269, 7),
(269, 9),
(270, 3),
(270, 4),
(270, 6),
(270, 7),
(270, 8),
(270, 9),
(271, 3),
(271, 4),
(271, 7),
(271, 9),
(272, 3),
(272, 4),
(272, 7),
(272, 8),
(272, 9),
(273, 3),
(273, 4),
(273, 5),
(273, 7),
(273, 8),
(273, 9),
(274, 3),
(274, 4),
(274, 5),
(274, 7),
(274, 8),
(274, 9),
(275, 3),
(275, 4),
(275, 7),
(275, 8),
(275, 9),
(276, 3),
(276, 4),
(276, 7),
(276, 8),
(276, 9),
(277, 3),
(277, 4),
(277, 5),
(277, 7),
(277, 8),
(277, 9),
(278, 3),
(278, 4),
(278, 5),
(278, 7),
(278, 8),
(278, 9),
(279, 3),
(279, 4),
(279, 7),
(279, 8),
(279, 9);

-- --------------------------------------------------------