CREATE DATABASE  IF NOT EXISTS `globerry` /*!40100 DEFAULT CHARACTER SET utf8 */;
USE `globerry`;
-- MySQL dump 10.13  Distrib 5.5.16, for Win32 (x86)
--
-- Host: localhost    Database: globerry
-- ------------------------------------------------------
-- Server version	5.5.27

/*!40101 SET @OLD_CHARACTER_SET_CLIENT=@@CHARACTER_SET_CLIENT */;
/*!40101 SET @OLD_CHARACTER_SET_RESULTS=@@CHARACTER_SET_RESULTS */;
/*!40101 SET @OLD_COLLATION_CONNECTION=@@COLLATION_CONNECTION */;
/*!40101 SET NAMES utf8 */;
/*!40103 SET @OLD_TIME_ZONE=@@TIME_ZONE */;
/*!40103 SET TIME_ZONE='+00:00' */;
/*!40014 SET @OLD_UNIQUE_CHECKS=@@UNIQUE_CHECKS, UNIQUE_CHECKS=0 */;
/*!40014 SET @OLD_FOREIGN_KEY_CHECKS=@@FOREIGN_KEY_CHECKS, FOREIGN_KEY_CHECKS=0 */;
/*!40101 SET @OLD_SQL_MODE=@@SQL_MODE, SQL_MODE='NO_AUTO_VALUE_ON_ZERO' */;
/*!40111 SET @OLD_SQL_NOTES=@@SQL_NOTES, SQL_NOTES=0 */;

--
-- Table structure for table `City_Tag`
--

DROP TABLE IF EXISTS `City_Tag`;
/*!40101 SET @saved_cs_client     = @@character_set_client */;
/*!40101 SET character_set_client = utf8 */;
CREATE TABLE `City_Tag` (
  `city_id` int(11) NOT NULL,
  `tagList_id` int(11) NOT NULL,
  PRIMARY KEY (`city_id`,`tagList_id`),
  KEY `FKAF24C6C686B35DC` (`tagList_id`),
  KEY `FKAF24C6C6348D4B1A` (`city_id`),
  CONSTRAINT `FKAF24C6C6348D4B1A` FOREIGN KEY (`city_id`) REFERENCES `City` (`id`),
  CONSTRAINT `FKAF24C6C686B35DC` FOREIGN KEY (`tagList_id`) REFERENCES `Tag` (`id`)
) ENGINE=Memory DEFAULT CHARSET=utf8;
/*!40101 SET character_set_client = @saved_cs_client */;

--
-- Dumping data for table `City_Tag`
--

LOCK TABLES `City_Tag` WRITE;
/*!40000 ALTER TABLE `City_Tag` DISABLE KEYS */;
INSERT INTO `City_Tag` VALUES (1,1),(2,1),(3,1),(4,1),(5,1),(6,1),(7,1),(8,1),(9,1),(10,1),(11,1),(12,1),(13,1),(14,1),(15,1),(16,1),(17,1),(18,1),(19,1),(20,1),(21,1),(22,1),(23,1),(24,1),(25,1),(26,1),(27,1),(28,1),(29,1),(30,1),(31,1),(32,1),(33,1),(34,1),(35,1),(36,1),(37,1),(38,1),(39,1),(40,1),(41,1),(42,1),(43,1),(44,1),(45,1),(46,1),(47,1),(48,1),(49,1),(50,1),(51,1),(52,1),(53,1),(54,1),(55,1),(56,1),(57,1),(58,1),(59,1),(60,1),(61,1),(62,1),(63,1),(64,1),(65,1),(66,1),(67,1),(68,1),(69,1),(70,1),(71,1),(72,1),(73,1),(74,1),(75,1),(76,1),(77,1),(78,1),(79,1),(80,1),(81,1),(82,1),(83,1),(84,1),(85,1),(86,1),(87,1),(88,1),(89,1),(90,1),(91,1),(92,1),(93,1),(94,1),(95,1),(96,1),(97,1),(98,1),(99,1),(100,1),(101,1),(102,1),(103,1),(104,1),(105,1),(106,1),(107,1),(108,1),(109,1),(110,1),(111,1),(112,1),(113,1),(114,1),(115,1),(116,1),(117,1),(118,1),(119,1),(120,1),(121,1),(122,1),(123,1),(124,1),(125,1),(126,1),(127,1),(128,1),(129,1),(130,1),(131,1),(132,1),(133,1),(134,1),(135,1),(136,1),(137,1),(138,1),(139,1),(140,1),(141,1),(142,1),(143,1),(144,1),(145,1),(146,1),(147,1),(148,1),(149,1),(150,1),(151,1),(152,1),(153,1),(154,1),(155,1),(156,1),(157,1),(158,1),(159,1),(160,1),(161,1),(162,1),(163,1),(164,1),(165,1),(166,1),(167,1),(168,1),(169,1),(170,1),(171,1),(172,1),(173,1),(174,1),(175,1),(176,1),(177,1),(178,1),(179,1),(180,1),(181,1),(182,1),(183,1),(184,1),(185,1),(186,1),(187,1),(188,1),(189,1),(190,1),(191,1),(192,1),(193,1),(194,1),(195,1),(196,1),(197,1),(198,1),(199,1),(200,1),(201,1),(202,1),(203,1),(204,1),(205,1),(206,1),(207,1),(208,1),(209,1),(210,1),(211,1),(212,1),(213,1),(214,1),(215,1),(216,1),(217,1),(218,1),(219,1),(220,1),(221,1),(222,1),(223,1),(224,1),(225,1),(226,1),(227,1),(228,1),(229,1),(230,1),(231,1),(232,1),(233,1),(234,1),(235,1),(236,1),(237,1),(238,1),(239,1),(240,1),(241,1),(242,1),(243,1),(244,1),(245,1),(246,1),(247,1),(248,1),(249,1),(250,1),(251,1),(252,1),(253,1),(254,1),(255,1),(256,1),(257,1),(258,1),(259,1),(260,1),(261,1),(262,1),(263,1),(264,1),(265,1),(266,1),(267,1),(268,1),(269,1),(270,1),(271,1),(272,1),(273,1),(274,1),(275,1),(276,1),(277,1),(278,1),(279,1),(280,1),(281,1),(282,1),(283,1),(284,1),(285,1),(286,1),(287,1),(288,1),(289,1),(290,1),(291,1),(292,1),(293,1),(294,1),(295,1),(296,1),(297,1),(298,1),(299,1),(300,1),(301,1),(302,1),(303,1),(304,1),(305,1),(306,1),(307,1),(308,1),(309,1),(310,1),(311,1),(312,1),(313,1),(314,1),(315,1),(316,1),(317,1),(318,1),(319,1),(320,1),(321,1),(322,1),(323,1),(324,1),(325,1),(326,1),(327,1),(328,1),(329,1),(330,1),(331,1),(332,1),(333,1),(334,1),(335,1),(336,1),(337,1),(338,1),(339,1),(340,1),(341,1),(342,1),(343,1),(344,1),(345,1),(346,1),(347,1),(348,1),(349,1),(350,1),(351,1),(352,1),(353,1),(354,1),(355,1),(356,1),(357,1),(358,1),(359,1),(360,1),(361,1),(362,1),(363,1),(364,1),(365,1),(366,1),(367,1),(368,1),(369,1),(370,1),(371,1),(372,1),(373,1),(374,1),(375,1),(376,1),(377,1),(378,1),(379,1),(380,1),(381,1),(382,1),(383,1),(384,1),(385,1),(386,1),(387,1),(388,1),(389,1),(390,1),(391,1),(392,1),(393,1),(394,1),(395,1),(396,1),(397,1),(398,1),(399,1),(400,1),(401,1),(402,1),(403,1),(404,1),(405,1),(406,1),(407,1),(408,1),(409,1),(410,1),(411,1),(1,2),(2,2),(3,2),(4,2),(5,2),(6,2),(7,2),(8,2),(9,2),(10,2),(11,2),(12,2),(13,2),(14,2),(15,2),(16,2),(17,2),(18,2),(19,2),(20,2),(21,2),(22,2),(23,2),(24,2),(25,2),(26,2),(27,2),(28,2),(29,2),(30,2),(31,2),(32,2),(33,2),(64,2),(66,2),(67,2),(68,2),(69,2),(70,2),(71,2),(72,2),(73,2),(74,2),(75,2),(76,2),(77,2),(78,2),(125,2),(192,2),(193,2),(194,2),(195,2),(196,2),(197,2),(198,2),(226,2),(228,2),(293,2),(294,2),(304,2),(305,2),(306,2),(307,2),(308,2),(309,2),(310,2),(311,2),(312,2),(313,2),(314,2),(315,2),(316,2),(317,2),(318,2),(319,2),(320,2),(321,2),(322,2),(323,2),(324,2),(325,2),(326,2),(327,2),(328,2),(329,2),(330,2),(331,2),(332,2),(333,2),(334,2),(335,2),(336,2),(337,2),(338,2),(339,2),(340,2),(341,2),(346,2),(348,2),(349,2),(351,2),(359,2),(362,2),(363,2),(364,2),(372,2),(373,2),(374,2),(375,2),(376,2),(377,2),(378,2),(385,2),(386,2),(387,2),(388,2),(389,2),(390,2),(391,2),(394,2),(395,2),(397,2),(398,2),(402,2),(404,2),(407,2),(408,2),(1,3),(2,3),(3,3),(4,3),(5,3),(6,3),(7,3),(8,3),(9,3),(10,3),(11,3),(12,3),(13,3),(14,3),(15,3),(16,3),(17,3),(18,3),(19,3),(20,3),(21,3),(22,3),(23,3),(24,3),(25,3),(26,3),(27,3),(28,3),(29,3),(30,3),(31,3),(32,3),(33,3),(44,3),(45,3),(46,3),(47,3),(51,3),(52,3),(53,3),(54,3),(55,3),(56,3),(65,3),(66,3),(67,3),(68,3),(69,3),(70,3),(71,3),(72,3),(73,3),(74,3),(75,3),(76,3),(77,3),(78,3),(85,3),(86,3),(87,3),(88,3),(89,3),(90,3),(91,3),(92,3),(93,3),(94,3),(95,3),(106,3),(107,3),(108,3),(109,3),(110,3),(111,3),(118,3),(119,3),(120,3),(121,3),(122,3),(123,3),(124,3),(125,3),(126,3),(127,3),(128,3),(129,3),(130,3),(131,3),(132,3),(133,3),(135,3),(136,3),(137,3),(138,3),(139,3),(140,3),(141,3),(142,3),(143,3),(144,3),(145,3),(146,3),(147,3),(148,3),(149,3),(150,3),(151,3),(152,3),(153,3),(154,3),(155,3),(156,3),(157,3),(158,3),(159,3),(160,3),(161,3),(162,3),(163,3),(164,3),(165,3),(166,3),(167,3),(168,3),(169,3),(170,3),(171,3),(172,3),(173,3),(174,3),(175,3),(176,3),(179,3),(180,3),(181,3),(182,3),(183,3),(184,3),(185,3),(186,3),(190,3),(191,3),(192,3),(193,3),(194,3),(195,3),(196,3),(197,3),(198,3),(199,3),(200,3),(201,3),(202,3),(203,3),(204,3),(217,3),(218,3),(219,3),(220,3),(221,3),(222,3),(223,3),(224,3),(225,3),(226,3),(227,3),(229,3),(230,3),(231,3),(233,3),(234,3),(236,3),(237,3),(238,3),(239,3),(240,3),(241,3),(242,3),(243,3),(244,3),(245,3),(246,3),(247,3),(248,3),(249,3),(250,3),(251,3),(252,3),(253,3),(254,3),(255,3),(256,3),(257,3),(258,3),(259,3),(260,3),(262,3),(263,3),(264,3),(265,3),(266,3),(267,3),(268,3),(269,3),(270,3),(271,3),(272,3),(273,3),(274,3),(275,3),(276,3),(277,3),(278,3),(279,3),(363,3),(364,3),(365,3),(366,3),(367,3),(368,3),(369,3),(370,3),(371,3),(372,3),(373,3),(374,3),(375,3),(376,3),(379,3),(380,3),(381,3),(382,3),(383,3),(384,3),(385,3),(386,3),(387,3),(388,3),(389,3),(390,3),(391,3),(392,3),(393,3),(394,3),(395,3),(396,3),(397,3),(398,3),(399,3),(400,3),(401,3),(402,3),(403,3),(404,3),(405,3),(406,3),(407,3),(408,3),(409,3),(410,3),(411,3),(1,4),(2,4),(3,4),(4,4),(5,4),(6,4),(7,4),(8,4),(9,4),(10,4),(11,4),(12,4),(13,4),(14,4),(15,4),(16,4),(17,4),(18,4),(19,4),(20,4),(21,4),(22,4),(23,4),(24,4),(25,4),(26,4),(27,4),(28,4),(29,4),(30,4),(31,4),(32,4),(33,4),(64,4),(66,4),(67,4),(68,4),(69,4),(70,4),(71,4),(72,4),(73,4),(74,4),(75,4),(76,4),(77,4),(78,4),(125,4),(192,4),(193,4),(194,4),(195,4),(196,4),(197,4),(198,4),(226,4),(228,4),(293,4),(294,4),(304,4),(305,4),(306,4),(307,4),(308,4),(309,4),(310,4),(311,4),(312,4),(313,4),(314,4),(315,4),(316,4),(317,4),(318,4),(319,4),(320,4),(321,4),(322,4),(323,4),(324,4),(325,4),(326,4),(327,4),(328,4),(329,4),(330,4),(331,4),(332,4),(333,4),(334,4),(335,4),(336,4),(337,4),(338,4),(339,4),(340,4),(341,4),(346,4),(348,4),(349,4),(351,4),(359,4),(362,4),(363,4),(364,4),(372,4),(373,4),(374,4),(375,4),(376,4),(377,4),(378,4),(385,4),(386,4),(387,4),(388,4),(389,4),(390,4),(391,4),(394,4),(395,4),(397,4),(398,4),(402,4),(404,4),(407,4),(408,4),(4,5),(5,5),(6,5),(7,5),(8,5),(11,5),(14,5),(23,5),(35,5),(36,5),(39,5),(40,5),(42,5),(57,5),(59,5),(62,5),(66,5),(82,5),(84,5),(96,5),(97,5),(98,5),(99,5),(100,5),(101,5),(102,5),(103,5),(104,5),(119,5),(121,5),(122,5),(123,5),(125,5),(127,5),(129,5),(130,5),(131,5),(133,5),(137,5),(138,5),(139,5),(140,5),(142,5),(143,5),(146,5),(149,5),(150,5),(151,5),(152,5),(153,5),(154,5),(155,5),(156,5),(159,5),(160,5),(161,5),(164,5),(165,5),(179,5),(180,5),(181,5),(182,5),(183,5),(184,5),(185,5),(186,5),(190,5),(191,5),(193,5),(211,5),(212,5),(213,5),(214,5),(215,5),(217,5),(218,5),(219,5),(222,5),(223,5),(224,5),(225,5),(228,5),(232,5),(233,5),(234,5),(239,5),(240,5),(241,5),(242,5),(243,5),(244,5),(245,5),(246,5),(247,5),(248,5),(249,5),(250,5),(251,5),(252,5),(254,5),(255,5),(273,5),(274,5),(277,5),(278,5),(280,5),(285,5),(286,5),(287,5),(295,5),(297,5),(298,5),(299,5),(301,5),(303,5),(304,5),(307,5),(308,5),(309,5),(310,5),(315,5),(322,5),(329,5),(333,5),(338,5),(339,5),(340,5),(341,5),(348,5),(360,5),(362,5),(363,5),(365,5),(371,5),(372,5),(373,5),(374,5),(375,5),(384,5),(385,5),(386,5),(388,5),(390,5),(393,5),(394,5),(396,5),(2,6),(3,6),(5,6),(7,6),(9,6),(10,6),(13,6),(15,6),(16,6),(17,6),(18,6),(24,6),(26,6),(29,6),(32,6),(33,6),(44,6),(45,6),(46,6),(47,6),(55,6),(58,6),(60,6),(89,6),(93,6),(118,6),(124,6),(178,6),(200,6),(218,6),(219,6),(220,6),(221,6),(222,6),(223,6),(226,6),(227,6),(229,6),(238,6),(258,6),(260,6),(263,6),(264,6),(265,6),(267,6),(269,6),(270,6),(284,6),(290,6),(292,6),(345,6),(349,6),(361,6),(364,6),(383,6),(389,6),(391,6),(399,6),(404,6),(405,6),(406,6),(407,6),(408,6),(409,6),(1,7),(4,7),(9,7),(11,7),(12,7),(14,7),(16,7),(19,7),(20,7),(22,7),(25,7),(27,7),(28,7),(30,7),(31,7),(34,7),(35,7),(36,7),(37,7),(38,7),(39,7),(40,7),(41,7),(42,7),(43,7),(44,7),(45,7),(46,7),(47,7),(48,7),(49,7),(50,7),(51,7),(52,7),(53,7),(54,7),(55,7),(56,7),(57,7),(58,7),(59,7),(60,7),(61,7),(62,7),(63,7),(64,7),(65,7),(66,7),(67,7),(68,7),(69,7),(70,7),(71,7),(72,7),(73,7),(74,7),(75,7),(76,7),(77,7),(78,7),(79,7),(80,7),(81,7),(82,7),(83,7),(84,7),(85,7),(86,7),(87,7),(88,7),(89,7),(90,7),(91,7),(92,7),(93,7),(94,7),(95,7),(96,7),(97,7),(98,7),(99,7),(100,7),(101,7),(102,7),(103,7),(104,7),(105,7),(106,7),(107,7),(108,7),(109,7),(110,7),(111,7),(112,7),(113,7),(114,7),(115,7),(116,7),(117,7),(118,7),(119,7),(120,7),(121,7),(122,7),(123,7),(124,7),(125,7),(126,7),(127,7),(128,7),(129,7),(130,7),(131,7),(132,7),(133,7),(134,7),(135,7),(136,7),(137,7),(138,7),(139,7),(140,7),(141,7),(142,7),(143,7),(144,7),(145,7),(146,7),(147,7),(148,7),(149,7),(150,7),(151,7),(152,7),(153,7),(154,7),(155,7),(156,7),(157,7),(158,7),(159,7),(160,7),(161,7),(162,7),(163,7),(164,7),(165,7),(166,7),(167,7),(168,7),(169,7),(170,7),(171,7),(172,7),(173,7),(174,7),(175,7),(176,7),(177,7),(178,7),(179,7),(180,7),(181,7),(182,7),(183,7),(184,7),(185,7),(186,7),(187,7),(188,7),(189,7),(190,7),(191,7),(192,7),(193,7),(194,7),(195,7),(196,7),(197,7),(198,7),(199,7),(200,7),(201,7),(202,7),(203,7),(204,7),(205,7),(206,7),(207,7),(208,7),(209,7),(210,7),(211,7),(212,7),(213,7),(214,7),(215,7),(216,7),(217,7),(218,7),(219,7),(220,7),(221,7),(222,7),(223,7),(224,7),(225,7),(228,7),(230,7),(231,7),(232,7),(233,7),(234,7),(235,7),(236,7),(237,7),(239,7),(240,7),(241,7),(242,7),(244,7),(245,7),(246,7),(247,7),(249,7),(250,7),(252,7),(253,7),(256,7),(257,7),(258,7),(259,7),(261,7),(262,7),(263,7),(264,7),(265,7),(266,7),(267,7),(268,7),(269,7),(270,7),(271,7),(272,7),(273,7),(274,7),(275,7),(276,7),(277,7),(278,7),(279,7),(281,7),(282,7),(283,7),(288,7),(289,7),(291,7),(296,7),(300,7),(302,7),(305,7),(306,7),(310,7),(311,7),(312,7),(319,7),(320,7),(321,7),(322,7),(325,7),(326,7),(327,7),(329,7),(330,7),(331,7),(333,7),(335,7),(336,7),(337,7),(342,7),(343,7),(344,7),(346,7),(347,7),(348,7),(349,7),(350,7),(351,7),(352,7),(353,7),(354,7),(355,7),(356,7),(357,7),(358,7),(359,7),(360,7),(361,7),(362,7),(363,7),(364,7),(365,7),(366,7),(367,7),(368,7),(369,7),(370,7),(371,7),(372,7),(373,7),(374,7),(375,7),(376,7),(377,7),(378,7),(379,7),(380,7),(381,7),(382,7),(383,7),(385,7),(386,7),(387,7),(388,7),(389,7),(390,7),(392,7),(393,7),(395,7),(397,7),(398,7),(400,7),(401,7),(402,7),(403,7),(404,7),(405,7),(406,7),(407,7),(408,7),(409,7),(410,7),(411,7),(11,8),(19,8),(36,8),(37,8),(40,8),(44,8),(51,8),(52,8),(53,8),(54,8),(56,8),(57,8),(59,8),(61,8),(62,8),(63,8),(64,8),(73,8),(79,8),(81,8),(82,8),(85,8),(86,8),(87,8),(88,8),(90,8),(91,8),(92,8),(93,8),(94,8),(95,8),(96,8),(97,8),(98,8),(99,8),(100,8),(102,8),(103,8),(105,8),(106,8),(107,8),(108,8),(109,8),(110,8),(111,8),(113,8),(114,8),(115,8),(116,8),(117,8),(118,8),(119,8),(120,8),(121,8),(122,8),(123,8),(124,8),(125,8),(126,8),(127,8),(128,8),(129,8),(130,8),(131,8),(132,8),(133,8),(134,8),(135,8),(136,8),(137,8),(138,8),(139,8),(140,8),(141,8),(142,8),(143,8),(144,8),(145,8),(146,8),(147,8),(148,8),(149,8),(150,8),(151,8),(152,8),(153,8),(154,8),(155,8),(156,8),(157,8),(158,8),(159,8),(160,8),(161,8),(162,8),(163,8),(164,8),(165,8),(166,8),(167,8),(168,8),(169,8),(170,8),(171,8),(172,8),(173,8),(174,8),(175,8),(176,8),(177,8),(178,8),(179,8),(180,8),(181,8),(182,8),(183,8),(184,8),(185,8),(186,8),(187,8),(188,8),(189,8),(190,8),(191,8),(192,8),(193,8),(194,8),(195,8),(196,8),(197,8),(198,8),(199,8),(200,8),(201,8),(202,8),(203,8),(204,8),(205,8),(206,8),(207,8),(208,8),(209,8),(210,8),(211,8),(212,8),(213,8),(214,8),(215,8),(216,8),(217,8),(218,8),(219,8),(220,8),(221,8),(222,8),(223,8),(225,8),(228,8),(230,8),(231,8),(232,8),(234,8),(235,8),(237,8),(240,8),(257,8),(258,8),(260,8),(261,8),(265,8),(266,8),(270,8),(272,8),(273,8),(274,8),(275,8),(276,8),(277,8),(278,8),(279,8),(288,8),(289,8),(293,8),(294,8),(296,8),(310,8),(314,8),(315,8),(317,8),(318,8),(319,8),(320,8),(324,8),(329,8),(330,8),(331,8),(333,8),(336,8),(343,8),(346,8),(347,8),(349,8),(351,8),(378,8),(385,8),(386,8),(388,8),(390,8),(391,8),(402,8),(408,8),(410,8),(21,9),(22,9),(57,9),(62,9),(94,9),(125,9),(217,9),(218,9),(219,9),(220,9),(221,9),(222,9),(223,9),(224,9),(225,9),(228,9),(230,9),(231,9),(232,9),(233,9),(234,9),(235,9),(236,9),(239,9),(241,9),(242,9),(243,9),(244,9),(245,9),(246,9),(247,9),(249,9),(250,9),(251,9),(252,9),(257,9),(261,9),(266,9),(267,9),(269,9),(270,9),(271,9),(272,9),(273,9),(274,9),(275,9),(276,9),(277,9),(278,9),(279,9),(280,9),(295,9),(297,9),(298,9),(299,9),(303,9),(304,9),(310,9),(313,9),(314,9),(316,9),(323,9),(325,9),(328,9),(329,9),(332,9),(333,9),(334,9),(336,9),(342,9),(346,9),(347,9),(350,9),(352,9),(355,9),(359,9),(362,9),(365,9),(366,9),(367,9),(368,9),(369,9),(370,9),(371,9),(372,9),(373,9),(374,9),(375,9),(377,9),(378,9),(379,9),(386,9),(388,9),(389,9),(394,9),(400,9),(401,9),(402,9),(403,9),(404,9),(405,9),(407,9),(410,9);
/*!40000 ALTER TABLE `City_Tag` ENABLE KEYS */;
UNLOCK TABLES;

--
-- Table structure for table `City`
--

DROP TABLE IF EXISTS `City`;
/*!40101 SET @saved_cs_client     = @@character_set_client */;
/*!40101 SET character_set_client = utf8 */;
CREATE TABLE `City` (
  `id` int(11) NOT NULL AUTO_INCREMENT,
  `alco_value_left` int(11) DEFAULT NULL,
  `alco_value_right` int(11) DEFAULT NULL,
  `area` float DEFAULT NULL,
  `food_value_left` int(11) DEFAULT NULL,
  `food_value_right` int(11) DEFAULT NULL,
  `isRussian` bit(1) DEFAULT NULL,
  `isValid` bit(1) DEFAULT NULL,
  `latitude` float DEFAULT NULL,
  `longitude` float DEFAULT NULL,
  `message` varchar(255) DEFAULT NULL,
  `name` varchar(255) DEFAULT NULL,
  `population` int(11) DEFAULT NULL,
  `ru_name` varchar(255) DEFAULT NULL,
  `security` int(11) DEFAULT NULL,
  `sex` int(11) DEFAULT NULL,
  `visa` bit(1) DEFAULT NULL,
  `livingCost_id` bigint(20) DEFAULT NULL,
  `mood_id` bigint(20) DEFAULT NULL,
  `temperature_id` bigint(20) DEFAULT NULL,
  PRIMARY KEY (`id`),
  KEY `idx` (`security`,`sex`,`food_value_left`,`food_value_right`,`alco_value_left`,`alco_value_right`,`visa`),
  KEY `FK200D8B4F7D4F9A` (`mood_id`),
  KEY `FK200D8B3A1B7F5A` (`livingCost_id`),
  KEY `FK200D8BDEB7CFFA` (`temperature_id`),
  CONSTRAINT `FK200D8BDEB7CFFA` FOREIGN KEY (`temperature_id`) REFERENCES `DependingMonthProperty` (`id`),
  CONSTRAINT `FK200D8B3A1B7F5A` FOREIGN KEY (`livingCost_id`) REFERENCES `DependingMonthProperty` (`id`),
  CONSTRAINT `FK200D8B4F7D4F9A` FOREIGN KEY (`mood_id`) REFERENCES `DependingMonthProperty` (`id`)
) ENGINE=Memory AUTO_INCREMENT=412 DEFAULT CHARSET=utf8;
/*!40101 SET character_set_client = @saved_cs_client */;

--
-- Dumping data for table `City`
--

LOCK TABLES `City` WRITE;
/*!40000 ALTER TABLE `City` DISABLE KEYS */;
INSERT INTO `City` VALUES (1,11,30,42.91,17,30,'','',47.85,16.5167,NULL,'Eisenstadt',13165,'Айзенштадт ',3,3,'',1,2,823),(2,10,30,58.38,18,30,'\0','',47.3985,11.9439,NULL,'Alpbach',2600,'Альпбах ',3,2,'',3,4,824),(3,13,30,82.03,18,30,'\0','',47.61,13.7828,NULL,'Bad Aussee',4884,'Бад Аусзее',3,2,'',5,6,825),(4,13,30,31.84,18,30,'','',47.1694,16.0092,NULL,'Bad Waltersdorf',2185,'Бад Вальтерсдорф ',3,2,'',7,8,826),(5,13,30,170.6,18,30,'','',47.1,13.0167,NULL,'Bad Gastein',4362,'Бад Гаштайн',3,2,'',9,10,827),(6,13,30,162.8,18,30,'\0','',47.7203,13.6333,NULL,'Bad Ischl',13910,'Бад Ишль',3,2,'',11,12,828),(7,13,30,103.73,18,30,'','',47.1667,13.2,NULL,'Bad Hofgastein',6750,'Бад Хофгаштайн',3,3,'',13,14,829),(8,11,30,3400,17,30,'','\0',0,0,'Error in temperature.Temperature absence. City:Baden','Baden',15082,'Баден ',3,2,'',15,16,NULL),(9,13,30,29.51,18,30,'','',47.505,9.74917,NULL,'Bregenz',28012,'Брегенц',3,3,'',17,18,830),(10,13,30,0,18,30,'\0','\0',0,0,'Error in temperature.Temperature absence. City:Weissensee','Weissensee',0,'Вайсензее',3,2,'',19,20,NULL),(11,13,30,414.65,17,30,'','',48.2089,16.3725,NULL,'Vienna',1983836,'Вена ',3,3,'',21,22,831),(12,11,30,127.56,17,30,'','',47.0667,15.4333,NULL,'Graz',265318,'Грац ',3,3,'',23,24,832),(13,13,30,125.46,18,30,'','',47.3903,12.6369,NULL,'Saalbach-Hinterglemm',2874,'Зальбах-Хинтерглем',3,2,'',25,26,833),(14,10,30,65.678,17,30,'','',47.8,13.0333,NULL,'Salzburg',148521,'Зальцбург ',3,3,'',27,28,834),(15,13,30,466.9,18,30,'','',46.9667,11,NULL,'Solden',4252,'Зельден ',3,3,'',29,30,835),(16,15,30,104.91,19,30,'','',47.2667,11.3833,NULL,'Innsbruck',121329,'Инсбрук ',3,3,'',31,32,836),(17,14,30,100.41,18,30,'','',47.2725,12.7594,NULL,'Kaprun',2968,'Капрун ',3,3,'',33,34,837),(18,13,30,58.02,18,30,'','',47.4464,12.3919,NULL,'Kitzbühel',8134,'Китцбюэль ',3,3,'',35,36,838),(19,13,30,120.11,18,30,'','',46.6167,14.3,NULL,'Klagenfurt',94796,'Клагенфурт',3,3,'',37,38,839),(20,11,30,42.1,17,30,'\0','',48.055,14.1308,NULL,'Kremsmünster',6462,'Кремсмюнстер',3,2,'',39,40,840),(21,11,30,169.21,17,30,'\0','',47.2183,12.1733,NULL,'Krimml',842,'Криммль',3,2,'',41,42,841),(22,11,30,39.37,17,30,'','',47.5833,12.1667,NULL,'Kufstein',17550,'Куфштайн',3,3,'',43,44,842),(23,11,30,0,17,30,'\0','\0',0,0,'Error in temperature.Temperature absence. City:Lassnitzhöhe','Lassnitzhöhe',0,'Ласницхёе',3,2,'',45,46,NULL),(24,13,30,0,18,30,'','\0',0,0,'Error in temperature.Temperature absence. City:Lech','Lech',0,'Лех',3,2,'',47,48,NULL),(25,12,30,96.048,17,30,'','',48.3031,14.2906,NULL,'Linz',191107,'Линц',3,3,'',49,50,843),(26,13,30,178.78,18,30,'\0','',47.1667,11.8667,NULL,'Mayrhofen',3821,'Майрхофен',3,3,'',51,52,844),(27,11,30,25.71,17,30,'\0','',48.2269,15.3439,NULL,'Melk',5257,'Мельк',3,2,'',53,54,845),(28,10,30,0,17,30,'\0','\0',47.8167,13.3833,'Error in population. City:Mondsee','Mondsee',0,'Мондзее',3,2,'',55,56,846),(29,13,30,0,18,30,'\0','\0',46.8667,11.0167,'Error in area. City:Obergurgl','Obergurgl',11500,'Обергургль',3,2,'',57,58,847),(30,11,30,108.48,17,30,'','',48.2,15.6167,NULL,'St. Pölten',52048,'Санкт-Пельтен',3,3,'',59,60,848),(31,11,30,26.98,17,30,'\0','',47.6831,13.0969,NULL,'Hallein',20022,'Халляйн',3,2,'',61,62,849),(32,13,30,2.4,18,30,'\0','',47.2331,11.8819,NULL,'Zell am Ziller',1743,'Цель ам Циллер',3,2,'',63,64,850),(33,13,30,55.17,18,30,'','',47.3167,12.8,NULL,'Zell am See',9683,'Цель-ам-Зе ',3,3,'',65,66,851),(34,3,30,6.3,8,30,'','',40.7,19.95,NULL,'Berat',125830,'Берат',2,1,'\0',67,68,852),(35,2,30,0,8,30,'','\0',0,0,'Error in temperature.Temperature absence. City:Vlyora','Vlyora',0,'Влёра',2,1,'\0',69,70,NULL),(36,2,30,0,8,30,'','\0',41.3167,19.45,'Error in area. City:Durres','Durres',115550,'Дуррес',2,1,'\0',71,72,853),(37,2,30,0,8,30,'','\0',40.6167,20.7667,'Error in area. City:Korce','Korce',79697,'Корча',2,1,'\0',73,74,854),(38,2,30,0,7,30,'','\0',40.9333,19.7,'Error in area. City:Lushnja','Lushnja',54813,'Люшня',2,1,'\0',75,76,855),(39,2,30,0,7,30,'','\0',39.8667,20,'Error in area. City:Saranda','Saranda',30000,'Саранда',2,1,'\0',77,78,856),(40,2,30,41.8,8,30,'','',41.33,19.82,NULL,'Tirana',421286,'Тирана',2,1,'\0',79,80,857),(41,2,30,0,8,30,'','\0',0,0,'Error in temperature.Temperature absence. City:Fieri','Fieri',0,'Фиери',2,1,'\0',81,82,NULL),(42,2,30,3562,9,30,'','',42.0667,19.5,NULL,'Shkoder',95907,'Шкодер',2,1,'\0',83,84,858),(43,2,30,1290,7,30,'','',41.1,20.0667,NULL,'Elbasan',79810,'Эльбасан',2,1,'\0',85,86,859),(44,5,30,30,35,30,'','',42.5,1.5,NULL,'Andorra la Vella',22256,'Андорра-ла-Велья',3,1,'',87,88,860),(45,5,30,110,35,30,'','',42.5667,1.6,'Error in temperature.Temperature absence. City:Canillo','Canillo',4663,'Канильо',3,1,'',89,90,NULL),(46,5,30,90,30,30,'','',42.555,1.53306,'Error in temperature.Temperature absence. City:Ordino','Ordino',3309,'Ордино',3,1,'',91,92,NULL),(47,5,30,84,20,30,'','',42.5361,1.58278,'Error in temperature.Temperature absence. City:Encamp','Encamp',13225,'Энкамп',3,1,'',93,94,NULL),(48,7,30,121,15,30,'','',52.4453,30.9842,NULL,'Gomel',481197,'Гомель',2,1,'\0',95,96,861),(49,7,30,307.895,15,30,'','',53.9,27.5667,NULL,'Minsk',1836808,'Минск',2,1,'\0',97,98,862),(50,7,30,0,15,30,'','\0',53.9,30.3333,'Error in area. City:Mogilev','Mogilev',360918,'Могилёв',2,1,'\0',99,100,863),(51,2,30,204.51,9,30,'\0','',51.2167,4.4,NULL,'Antwerpen',493517,'Антверпен',3,1,'',101,102,864),(52,2,30,138.4,9,30,'\0','',51.2167,3.23333,NULL,'Brugge',116885,'Брюгге',3,1,'',103,104,865),(53,2,30,0,9,30,'\0','\0',0,0,'Error in temperature.Temperature absence. City:Brusseles','Brusseles',0,'Брюссель',3,1,'',105,106,NULL),(54,2,30,0,9,30,'\0','\0',0,0,'Error in temperature.Temperature absence. City:Gent','Gent',0,'Гент',3,1,'',107,108,NULL),(55,2,30,0,9,30,'\0','\0',0,0,'Error in temperature.Temperature absence. City:Durbay','Durbay',0,'Дурбай',3,1,'',109,110,NULL),(56,2,30,69.39,9,30,'\0','',50.6333,5.56667,NULL,'Liege',194715,'Льеж',3,1,'',111,112,866),(57,2,30,0,7,30,'','\0',43.3692,28.0811,'Error in population. City:Albena','Albena',0,'Албена',2,1,'',113,114,867),(58,2,30,0,7,30,'','\0',42.2644,23.6069,'Error in area. City:Borovets','Borovets',10000,'Боровец',2,1,'',115,116,868),(59,2,30,238,6,30,'','',43.2167,27.9167,NULL,'Varna',334870,'Варна',2,1,'',117,118,869),(60,2,30,0,7,30,'','\0',41.65,24.6833,'Error in temperature.Temperature absence. City:Pamporovo','Pamporovo',0,'Пампорово',2,1,'',119,120,NULL),(61,2,30,101.98,7,30,'','',42.15,24.75,NULL,'Plovdiv',338153,'Пловдив',2,1,'',121,122,870),(62,2,30,0,6,30,'','\0',0,0,'Error in temperature.Temperature absence. City:Sunny-Beach','Sunny-Beach',0,'Солнечный берег',2,1,'',123,124,NULL),(63,2,30,0,7,30,'','\0',0,0,'Error in temperature.Temperature absence. City:Sophia','Sophia',0,'София',2,1,'',125,126,NULL),(64,4,30,141.5,13,30,'','',43.8667,18.4167,NULL,'Sarajevo',411161,'Сараево',2,2,'\0',127,128,871),(65,6,30,0,25,30,'\0','\0',0,0,'Error in temperature.Temperature absence. City:Vatican','Vatican',0,'Ватикан',3,1,'',129,130,NULL),(66,5,30,0,17,30,'','\0',0,0,'Error in temperature.Temperature absence. City:Bath','Bath',0,'Бат',3,2,'',131,132,NULL),(67,4,30,115,16,30,'','',54.5969,-5.93,NULL,'Belfast',267500,'Белфаст',3,2,'',133,134,872),(68,6,30,110,18,30,'','',51.45,-2.58333,NULL,'Bristol',428200,'Бристоль',3,2,'',135,136,873),(69,6,30,175.5,18,30,'','',55.8581,-4.25889,NULL,'Glasgow ',598830,'Глазго',3,2,'',137,138,874),(70,5,30,271.94,17,30,'','',53.9583,-1.08028,NULL,'York',198000,'Йорк',3,2,'',139,140,875),(71,6,30,140.3,19,30,'','',51.4833,-3.18333,NULL,'Cardiff',346100,'Кардифф',3,2,'',141,142,876),(72,6,30,551.72,19,30,'\0','',53.7997,-1.54917,NULL,'Leeds',751500,'Лидс',3,2,'',143,144,877),(73,6,30,1570,20,30,'','',51.5072,-0.1275,NULL,'London',8174100,'Лондон',3,2,'',145,146,878),(74,6,30,115.65,16,30,'','',53.4667,-2.23333,NULL,'Manchester',503000,'Манчестер',3,2,'',147,148,879),(75,6,30,45.59,16,30,'','',51.7519,-1.25778,NULL,'Oxford',151900,'Оксофорд',3,2,'',149,150,880),(76,5,30,0,16,30,'\0','\0',0,0,'Error in temperature.Temperature absence. City:Saint-Pierre-Port','Saint-Pierre-Port',0,'Сент-Питер-Порт',3,2,'',151,152,NULL),(77,5,30,0,16,30,'\0','\0',0,0,'Error in temperature.Temperature absence. City:Saint_Helie','Saint Helie',0,'Сент-Хелиер',3,2,'',153,154,NULL),(78,6,30,259,16,30,'','',55.9531,-3.18889,NULL,'Edinburgh ',495360,'Эдинбург',3,2,'',155,156,881),(79,2,30,525.16,8,30,'','',47.4719,19.0503,NULL,'Budapest',1737000,'Будапешт',2,1,'',157,158,882),(80,2,30,0,7,30,'','\0',0,0,'Error in temperature.Temperature absence. City:Vesprem','Vesprem',0,'Веспрем',2,1,'',159,160,NULL),(81,2,30,461.25,8,30,'','',47.53,21.6392,NULL,'Debrecen',208016,'Дебрецен',2,1,'',161,162,883),(82,2,30,0,7,30,'','\0',0,0,'Error in temperature.Temperature absence. City:Miscolc','Miscolc',0,'Мишкольц',2,1,'',163,164,NULL),(83,2,30,0,7,30,'','\0',0,0,'Error in temperature.Temperature absence. City:Pecs','Pecs',0,'Печ',2,1,'',165,166,NULL),(84,2,30,92.2,7,30,'','',47.8989,20.3747,NULL,'Eger',56530,'Эгер',2,1,'',167,168,884),(85,2,30,891.85,9,30,'','',52.5006,13.3989,NULL,'Berlin',5964002,'Берлин',3,1,'',169,170,885),(86,3,30,326.73,8,30,'','',53.0758,8.8075,NULL,'Bremen',11627,'Бремен',3,1,'',171,172,886),(87,2,30,755,8,30,'','',53.5653,10.0014,NULL,'Hamburg',1802041,'Гамбург',3,1,'',173,174,887),(88,2,30,204.01,8,30,'','',52.3667,9.71667,NULL,'Hannover',525875,'Ганновер',3,1,'',175,176,888),(89,3,30,205.66,8,30,'','',47.5,11.0833,NULL,'Garmisch-Partenkirchen',26178,'Гармиш-Партенкирхен',3,1,'',177,178,889),(90,3,30,328.8,9,30,'','',51.0333,13.7333,NULL,'Dresden',529781,'Дрезден',3,1,'',179,180,890),(91,3,30,217,8,30,'','',51.2333,6.78333,NULL,'Dusseldorf',592393,'Дюссельдорф',3,1,'',181,182,891),(92,2,30,405.15,8,30,'','',50.95,6.96667,NULL,'Koeln',1017155,'Кёльн',3,1,'',183,184,892),(93,2,30,310.43,9,30,'','',48.1333,11.5667,NULL,'Munchen',1378176,'Мюнхен',3,1,'',185,186,893),(94,2,30,248.31,8,30,'','',50.1117,8.68583,NULL,'Frankfurt on Main',679664,'Франкфурт-на-Майне',3,1,'',187,188,894),(95,2,30,207.36,8,30,'','',48.7786,9.17944,NULL,'Stuttgart',606588,'Штутгарт',3,1,'',189,190,895),(96,3,30,412,7,30,'','',37.9667,23.7167,NULL,'Athens',3074160,'Афины',1,1,'',191,192,896),(97,4,30,20,7,30,'','',35.3333,25.1333,NULL,'Heraklion',173450,'Ираклион',2,1,'',193,194,897),(98,4,30,613.6,7,30,'','',39.6667,19.75,NULL,'Corfu',109537,'Корфу',2,1,'',195,196,898),(99,4,30,287.2,7,30,'','',36.85,27.2333,'Error in temperature.Temperature absence. City:Kos','Kos',30947,'Кос',2,1,'',197,198,NULL),(100,4,30,105.2,8,30,'','',37.45,25.35,NULL,'Mykonos',9320,'Миконос',2,1,'',199,200,899),(101,3,30,0,7,30,'','\0',0,0,'Error in temperature.Temperature absence. City:Poliyiros','Poliyiros',0,'Полийирос',2,1,'',201,202,NULL),(102,3,30,1407.9,7,30,'','',36.1667,28,NULL,'Rhodes',117007,'Родос',2,1,'',203,204,900),(103,4,30,111.703,7,30,'','',40.65,22.9,NULL,'Thessaloniki',790824,'Салоники',2,1,'',205,206,901),(104,3,30,90.69,7,30,'','',36.4167,25.4333,'Error in temperature.Temperature absence. City:Santorini','Santorini',13670,'Санторини',2,1,'',207,208,NULL),(105,3,30,400,7,30,'','',32.9022,13.1858,NULL,'Tripoli',2220000,'Триполи',2,1,'',209,210,902),(106,3,30,88.25,10,30,'\0','',55.6761,12.5683,NULL,'Copenhagen',551900,'Копенгаген',3,1,'',211,212,903),(107,3,30,139,12,30,'\0','',57.05,9.91667,NULL,'Aalborg',126556,'Ольборг',3,1,'',213,214,904),(108,3,30,15,11,30,'\0','',55.396,10.3885,NULL,'Odense',168798,'Оденсе',3,1,'',215,216,905),(109,4,30,91,10,30,'\0','',56.15,10.2167,NULL,'Aarhus',252107,'Орхус',3,1,'',217,218,906),(110,3,30,0,11,30,'\0','\0',56.1667,9.56667,'Error in area. City:Silkeborg','Silkeborg',42807,'Силькеборг',3,1,'',219,220,907),(111,3,30,0,11,30,'\0','\0',55.9333,12.3167,'Error in area. City:Hillerod','Hillerod',30570,'Хиллерёд',3,1,'',221,222,908),(112,2,30,0,6,30,'\0','\0',53.2719,-9.04889,'Error in area. City:Galway','Galway',75529,'Гэлвей',2,1,'',223,224,909),(113,2,30,114.99,7,30,'\0','',53.3478,-6.25972,NULL,'Dublin',527612,'Дублин',2,1,'',225,226,910),(114,3,30,0,6,30,'\0','\0',51.88,-9.58389,'Error in temperature.Temperature absence. City:Kenmare','Kenmare',2175,'Кенмар',2,1,'',227,228,NULL),(115,3,30,3.74,6,30,'\0','',52.6478,-7.25611,NULL,'Kilkenny',24423,'Килкенни',2,1,'',229,230,911),(116,2,30,0,7,30,'\0','\0',0,0,'Error in temperature.Temperature absence. City:Cork','Cork',0,'Корк',2,1,'',231,232,NULL),(117,2,30,51.3,7,30,'\0','',52.6653,-8.62389,NULL,'Limerick',57106,'Лимерик',2,1,'',233,234,912),(118,3,30,125,7,30,'\0','',65.6833,-18.1,NULL,'Akureyri',17754,'Акурейри',3,1,'',235,236,913),(119,3,30,274.5,8,30,'\0','',64.1333,-21.9333,NULL,'Reykjavik',119108,'Рейкьявик',3,1,'',237,238,914),(120,3,30,0,8,30,'\0','\0',60.0181,5.28,'Error in population. City:Husavik','Husavik',0,'Хусавик',3,1,'',239,240,915),(121,3,30,101.9,8,30,'\0','',41.3833,2.18333,NULL,'Barcelona',1621537,'Барселона',3,1,'',241,242,916),(122,3,30,40.65,8,30,'\0','',43.2569,-2.92361,NULL,'Bilbao',353187,'Бильбао',3,1,'',243,244,917),(123,2,30,134.65,7,30,'\0','',39.4667,-0.383333,NULL,'Valencia',809267,'Валенсия',3,1,'',245,246,918),(124,3,30,88,8,30,'\0','',37.1781,-3.60083,NULL,'Granada',237929,'Гранада',3,1,'',247,248,919),(125,3,30,571.6,8,30,'\0','',38.9833,1.43333,NULL,'Ibiza',49516,'Ибица',3,2,'',249,250,920),(126,3,30,0,7,30,'\0','\0',0,0,'Error in temperature.Temperature absence. City:Cordova','Cordova',0,'Кордова',3,1,'',251,252,NULL),(127,3,30,48.71,7,30,'\0','',41.7,2.83333,NULL,'Lloret de Mar',37734,'Льорет-де-Мар',3,1,'',253,254,921),(128,2,30,605.77,7,30,'\0','',40.3833,-3.71667,NULL,'Madrid',3265038,'Мадрид',3,1,'',255,256,922),(129,3,30,208.63,8,30,'\0','',39.5667,2.65,NULL,'Palma de Mallorca',401270,'Пальма-де-Майорка',3,1,'',257,258,923),(130,3,30,0,9,30,'\0','\0',0,0,'Error in temperature.Temperature absence. City:San_Sebastian','San Sebastian',0,'Сан-Себастьян',3,1,'',259,260,NULL),(131,3,30,150.56,7,30,'\0','',28.4667,-16.25,NULL,'Santa Cruz de Tenerife',222417,'Санта-Крус-де-Тенерифе',3,1,'',261,262,924),(132,3,30,140,8,30,'\0','',37.3772,-5.98694,NULL,'Sevilla',703021,'Севилья',3,1,'',263,264,925),(133,2,30,39.14,8,30,'\0','',41.9844,2.82111,NULL,'Girona',96722,'Херона',3,1,'',265,266,926),(134,3,30,140.7,8,30,'\0','',44.5075,11.3514,NULL,'Bologna',382460,'Болонья',2,1,'',267,268,927),(135,3,30,414.57,8,30,'\0','',45.4375,12.3358,NULL,'Venice',270660,'Венеция',3,1,'',269,270,928),(136,3,30,206.63,8,30,'\0','',45.4333,10.9833,NULL,'Verona',265410,'Верона',3,1,'',271,272,929),(137,3,30,243.6,9,30,'\0','',44.4111,8.93278,NULL,'Genoa',608154,'Генуя',3,1,'',273,274,930),(138,2,30,46.3,9,30,'\0','',40.7314,13.8958,NULL,'Ischia',18253,'Искья',3,1,'',275,276,931),(139,2,30,85.45,8,30,'\0','',39.2464,9.0575,NULL,'Cagliari',156560,'Кальяри',3,1,'',277,278,932),(140,3,30,10.4,7,30,'\0','',40.55,14.2333,NULL,'capri',12200,'Капри',3,1,'',279,280,933),(141,2,30,181.76,7,30,'\0','',45.4642,9.19028,NULL,'Milan',1342337,'Милан ',3,1,'',281,282,934),(142,3,30,117.27,8,30,'\0','',40.845,14.2583,NULL,'Naples',959574,'Неаполь',3,1,'',283,284,935),(143,2,30,158.9,7,30,'\0','',38.1167,13.3667,NULL,'Palermo',654121,'Палермо',3,1,'',285,286,936),(144,2,30,185,8,30,'\0','',43.7167,10.4,NULL,'Pisa',88332,'Пиза',3,1,'',287,288,937),(145,2,30,1285.31,8,30,'\0','',41.9,12.5,NULL,'Rome',2777979,'Рим',3,1,'',289,290,938),(146,3,30,134,8,30,'\0','',44.05,12.5667,NULL,'Rimini',142579,'Римини',3,1,'',291,292,939),(147,3,30,0,8,30,'\0','\0',0,0,'Error in temperature.Temperature absence. City:sienna','sienna',0,'Сиена',3,1,'',293,294,NULL),(148,3,30,102.41,8,30,'\0','',43.7833,11.25,NULL,'Florence',370702,'Флоренция ',3,1,'',295,296,940),(149,2,30,0,7,30,'\0','\0',34.9833,34,'Error in temperature.Temperature absence. City:Ayia_Napa','Ayia Napa',2693,'Айа-Напа',3,1,'',297,298,NULL),(150,2,30,0,7,30,'\0','\0',35.3403,33.3192,'Error in area. City:Kyrenia','Kyrenia',62504,'Кирения',3,1,'',299,300,941),(151,2,30,0,7,30,'\0','\0',34.9167,33.6333,'Error in area. City:Larnaca','Larnaca',143367,'Ларнака',3,1,'',301,302,942),(152,2,30,0,7,30,'\0','\0',34.6667,33.0333,'Error in area. City:Limassol','Limassol',235056,'Лимассол',3,1,'',303,304,943),(153,2,30,0,7,30,'\0','\0',35.1667,33.3667,'Error in area. City:Nicosia','Nicosia',310355,'Никосия',3,1,'',305,306,944),(154,2,30,0,7,30,'\0','\0',0,0,'Error in temperature.Temperature absence. City:Pathos','Pathos',0,'Пафос',3,1,'',307,308,NULL),(155,2,30,0,7,30,'\0','\0',35.0333,33.9833,'Error in area. City:Protaras','Protaras',20230,'Протарас',3,1,'',309,310,945),(156,2,30,0,7,30,'\0','\0',35.1167,33.95,'Error in area. City:Famagusta','Famagusta',42526,'Фамагуста',3,1,'',311,312,946),(157,2,30,72.48,6,30,'','',55.875,26.5356,NULL,'Daugavpils',101057,'Даугавпилс',3,1,'',313,314,947),(158,3,30,60,7,30,'','',56.6483,23.7139,NULL,'Jelgava',63534,'Елгава',3,1,'',315,316,948),(159,2,30,60.4,7,30,'','',56.5117,21.0139,NULL,'Liepaja',82386,'Лиепая',3,1,'',317,318,949),(160,2,30,304,6,30,'','',56.9489,24.1064,NULL,'Riga',650468,'Рига',3,1,'',319,320,950),(161,2,30,100,6,30,'','\0',56.9667,23.75,'Error in population. City:Jurmala','Jurmala',0,'Юрмала',3,1,'',321,322,951),(162,2,30,401,6,30,'','',54.6833,25.2833,NULL,'Vilnius',838852,'Вильнюс',3,1,'',323,324,952),(163,2,30,157,6,30,'','',54.9,23.9333,NULL,'Kaunas',321200,'Каунас',3,1,'',325,326,953),(164,2,30,110,6,30,'','',55.7,21.1333,NULL,'Klaipeda',161300,'Клайпеда',3,1,'',327,328,954),(165,2,30,79,6,30,'','',55.9167,21.0667,NULL,'Palanga',17600,'Паланга',3,1,'',329,330,955),(166,3,30,19.6,8,30,'\0','',47.0667,9.5,NULL,'Balzers',4513,'Бальцерс',3,1,'',331,332,956),(167,2,30,17.3,8,30,'\0','',47.1411,9.52111,NULL,'Vaduz',5342,'Вадуц',3,1,'',333,334,957),(168,3,30,7.5,9,30,'\0','',47.2167,9.53333,NULL,'Mauren',3836,'Маурен',3,1,'',335,336,958),(169,3,30,29.8,8,30,'\0','',47.1167,9.53333,NULL,'Triesenberg',2538,'Тризенберг',3,1,'',337,338,959),(170,2,30,0,8,30,'\0','\0',0,0,'Error in temperature.Temperature absence. City:Shang','Shang',0,'Шан',3,1,'',339,340,NULL),(171,2,30,0,8,30,'\0','\0',0,0,'Error in temperature.Temperature absence. City:Eshen','Eshen',0,'Эшен',3,1,'',341,342,NULL),(172,3,30,0,8,30,'\0','\0',0,0,'Error in temperature.Temperature absence. City:Betemburg','Betemburg',0,'Бетембург',3,1,'',343,344,NULL),(173,2,30,2586.4,9,30,'\0','',49.6,6.11667,NULL,'Luxembourg',509074,'Люксембург',3,1,'',345,346,960),(174,3,30,20.49,8,30,'\0','',49.8117,6.42167,NULL,'Echternach',4877,'Эхтернах',3,1,'',347,348,961),(175,3,30,13.66,9,30,'\0','',49.5,6.28333,NULL,'Mondorf-les-Bains',4447,'Мондорф-ле-Бен',3,1,'',349,350,962),(176,3,30,16.48,9,30,'\0','',49.6667,6.45,NULL,'Grevenmacher',4225,'Гревенмахер',3,1,'',351,352,963),(177,2,30,571.46,6,30,'\0','',42,21.4333,NULL,'Skopje',506926,'Скопье',2,1,'',353,354,964),(178,2,30,0,6,30,'\0','\0',0,0,'Error in temperature.Temperature absence. City:Mavrovo','Mavrovo',0,'Маврово',2,1,'',355,356,NULL),(179,2,30,0,7,30,'\0','\0',0,0,'Error in temperature.Temperature absence. City:Bagiba','Bagiba',0,'Багиба',3,1,'',357,358,NULL),(180,2,30,0,7,30,'\0','\0',0,0,'Error in temperature.Temperature absence. City:Brkirkara','Brkirkara',0,'Бркиркара',3,1,'',359,360,NULL),(181,2,30,0.8,7,30,'\0','',35.8978,14.5125,NULL,'Valletta',6966,'Валлетта',3,1,'',361,362,965),(182,3,30,0,7,30,'\0','\0',0,0,'Error in temperature.Temperature absence. City:Victoria','Victoria',0,'Виктория',3,1,'',363,364,NULL),(183,2,30,0,7,30,'\0','\0',-40.6667,172.833,'Error in temperature.Temperature absence. City:Golden_Bay','Golden Bay',0,'Голден Бэй',3,1,'',365,366,NULL),(184,3,30,22.6,7,30,'\0','',35.9564,14.3664,NULL,'Mellieha',7221,'Мелиха',3,1,'',367,368,966),(185,2,30,1.6,7,30,'\0','',35.9186,14.49,NULL,'Saint Julian\'s',7752,'Сент Джулианс',3,1,'',369,370,967),(186,2,30,1.3,7,30,'\0','',35.9122,14.5042,NULL,'Sliema',15242,'Слима',3,1,'',371,372,968),(187,2,30,0,6,30,'','\0',0,0,'Error in temperature.Temperature absence. City:Balti','Balti',0,'Бельцы',2,1,'',373,374,NULL),(188,2,30,571,6,30,'','',47,28.9167,NULL,'Kishinev',723500,'Кишинёв',2,1,'',375,376,969),(189,2,30,0,6,30,'','\0',46.85,29.6333,'Error in area. City:Tiraspol','Tiraspol',159163,'Тирасполь',1,1,'',377,378,970),(190,2,30,0,7,30,'\0','\0',43.7375,7.41528,'Error in population. City:Monaco-Ville','Monaco-Ville',0,'Монако-Виль',3,1,'',379,380,971),(191,2,30,0,7,30,'\0','\0',43.7397,7.42722,'Error in area. City:Monte-Carlo','Monte-Carlo',15200,'Монте-Карло',3,1,'',381,382,972),(192,2,30,219,8,30,'\0','',52.3731,4.89222,NULL,'Amsterdam',820654,'Амстердам',3,3,'',383,384,973),(193,2,30,98.2,8,30,'\0','',52.0833,4.31667,NULL,'Hague',501725,'Гаага',3,3,'',385,386,974),(194,2,30,24.08,8,30,'\0','',52.015,4.35667,NULL,'Delft',96168,'Дельфт',3,3,'',387,388,975),(195,2,30,60.06,8,30,'\0','',50.8512,5.69074,NULL,'Maastricht',121164,'Маастрихт',3,3,'',389,390,976),(196,2,30,319,8,30,'\0','',51.9308,4.47917,NULL,'Rotterdam',617347,'Роттердам',3,3,'',391,392,977),(197,2,30,99.32,8,30,'\0','',52.0933,5.11944,NULL,'Utrecht',316448,'Утрехт',3,3,'',393,394,978),(198,2,30,10.03,8,30,'\0','',40.809,-73.9484,NULL,'Harlem',215753,'Харлем',3,3,'',395,396,979),(199,2,30,465,8,30,'\0','',60.3894,5.33,NULL,'Bergen',266500,'Берген',3,1,'',397,398,980),(200,2,30,454.03,8,30,'\0','',59.9494,10.7564,NULL,'Oslo',613285,'Осло',3,1,'',399,400,981),(201,2,30,1956.46,8,30,'\0','',62.5742,11.3831,NULL,'Røros',5576,'Рёрус',3,1,'',401,402,982),(202,2,30,71,8,30,'\0','',58.9633,5.71889,NULL,'Stavanger',126469,'Ставангер',3,1,'',403,404,983),(203,2,30,2523.93,8,30,'\0','',69.6828,18.9428,NULL,'Tromso',68839,'Тромсё',3,1,'',405,406,984),(204,2,30,342.3,8,30,'\0','\0',63.4297,10.3933,'Error in population. City:Trondheim','Trondheim',0,'Тронхейм',3,1,'',407,408,985),(205,2,30,517.24,6,30,'','',52.2323,21.0084,NULL,'Warsaw',2666278,'Варшава',2,1,'',409,410,986),(206,2,30,262,6,30,'','',54.3667,18.6333,NULL,'Gdansk',1080700,'Гданьск',2,1,'',411,412,987),(207,2,30,327,6,30,'','',50.0614,19.9383,NULL,'Krakow',759137,'Краков',2,1,'',413,414,988),(208,2,30,115.72,6,30,'','',53.0333,18.6167,NULL,'Torun',205934,'Торунь',2,1,'',415,416,989),(209,2,30,292.92,6,30,'','\0',51.1078,17.0383,'Error in population. City:Wroclaw','Wroclaw',0,'Вроцлав',2,1,'',417,418,990),(210,2,30,30.34,6,30,'','',50.7206,23.2586,NULL,'Zamosc',66613,'Замосць',2,1,'',419,420,991),(211,2,30,84.8,8,30,'\0','',38.7138,-9.13939,NULL,'Lisbon',547631,'Лиссабон',2,1,'',421,422,992),(212,2,30,0,8,30,'\0','\0',32.65,-16.9167,'Error in area. City:Funchal','Funchal',111892,'Фуншал',2,1,'',423,424,993),(213,2,30,0,8,30,'\0','\0',0,0,'Error in temperature.Temperature absence. City:Sintra','Sintra',0,'Синтра',2,1,'',425,426,NULL),(214,2,30,0,8,30,'\0','\0',0,0,'Error in temperature.Temperature absence. City:Faro','Faro',0,'Фару',2,1,'',427,428,NULL),(215,2,30,0,8,30,'\0','\0',0,0,'Error in temperature.Temperature absence. City:Port','Port',0,'Порту',2,1,'',429,430,NULL),(216,2,30,0,8,30,'\0','\0',38.5708,-7.90556,'Error in area. City:Evora','Evora',41159,'Эвора',2,1,'',431,432,994),(217,5,30,20.75,18,30,'\0','',60.1,19.9333,NULL,'Mariehamn',11286,'Мариехамн',3,1,'',433,434,995),(218,6,30,2139.19,25,30,'','\0',0,0,'Error in temperature.Temperature absence. City:Porvoo','Porvoo',48862,'Порвоо',3,1,'',435,436,NULL),(219,5,30,0,20,30,'','\0',0,0,'Error in temperature.Temperature absence. City:Rauma','Rauma',0,'Раума',3,1,'',437,438,NULL),(220,7,30,8016.72,25,30,'','',66.5,25.7333,NULL,'Rovaniemi',60707,'Рованиеми',3,1,'',439,440,996),(221,5,30,689.59,20,30,'','',61.5,23.7667,NULL,'Tampere',215315,'Тампере',3,1,'',441,442,997),(222,5,30,306.37,15,30,'','',60.45,22.2667,NULL,'Turku',178784,'Турку',3,1,'',443,444,998),(223,5,30,715.49,20,30,'','',60.1708,24.9375,NULL,'Helsinki',596233,'Хельсинки',3,1,'',445,446,999),(224,5,30,11.66,20,30,'','',43.4817,-1.55611,NULL,'Biarritz',27398,'Биарриц',3,1,'',447,448,1000),(225,8,30,19.62,40,30,'','',43.5514,7.01278,NULL,'Cannes',72939,'Канны',3,1,'',449,450,1001),(226,10,30,0,45,30,'','\0',45.3975,6.635,'Error in population. City:Courchevel','Courchevel',0,'Куршевель',3,2,'',451,452,1002),(227,8,30,100,40,30,'\0','',45.5064,6.67722,NULL,'La Plagne',10660,'Ла Плань',3,1,'',453,454,1003),(228,7,30,0,20,30,'','\0',43.365,6.84972,'Error in temperature.Temperature absence. City:French_Riviera','French Riviera',83962,'Лазурный берег',2,2,'',455,456,NULL),(229,7,30,0,25,30,'\0','\0',45.5717,6.80778,'Error in population. City:Les_Arcs','Les Arcs',0,'Лез-Арк',3,1,'',457,458,1004),(230,5,30,39.51,15,30,'','',50.6372,3.06333,NULL,'Lille',226014,'Лилль',3,1,'',459,460,1005),(231,5,30,47.95,15,30,'','',45.7597,4.84222,NULL,'Lyon',720890,'Лион',3,1,'',461,462,1006),(232,6,30,240.62,17,30,'','',43.2964,5.37,NULL,'Marseille',1828983,'Марсель',2,1,'',463,464,1007),(233,6,30,14.05,20,30,'','',43.775,7.5,NULL,'Menton',28833,'Ментона',3,1,'',465,466,1008),(234,5,30,71.92,12,30,'','',43.7033,7.26639,NULL,'Nice',344875,'Ницца',3,1,'',467,468,1009),(235,5,30,105.4,20,30,'','',48.8567,2.35083,NULL,'Paris',2234105,'Париж',2,1,'',469,470,1010),(236,5,30,78.26,17,30,'','',48.5844,7.74861,NULL,'Strasbourg',272975,'Страсбург',3,1,'',471,472,1011),(237,6,30,118.3,15,30,'','',43.6044,1.44389,NULL,'Toulouse',440204,'Тулуза',3,1,'',473,474,1012),(238,5,30,245.46,16,30,'','',45.9231,6.86972,NULL,'Chamonix',15780,'Шамони',3,1,'',475,476,1013),(239,5,30,21.35,15,30,'','',42.6403,18.1083,NULL,'Dubrovnik',42641,'Дубровник',3,1,'\0',477,478,1014),(240,7,30,641,20,30,'','',45.8167,15.9833,NULL,'Zagreb',792875,'Загреб',3,1,'\0',479,480,1015),(241,5,30,139,18,30,'','',45.2167,13.5833,NULL,'Poreč',17460,'Пореч',3,1,'\0',481,482,1016),(242,6,30,51.65,17,30,'','',44.8667,13.85,NULL,'Pula',57191,'Пула',3,1,'\0',483,484,1017),(243,5,30,0,15,30,'','\0',45.093,14.1217,'Error in temperature.Temperature absence. City:Rabac','Rabac',0,'Рабац',3,1,'\0',485,486,NULL),(244,6,30,88,0,30,'','',45.0833,13.6333,NULL,'Rovinj',13562,'Ровинь',3,1,'\0',487,488,1018),(245,5,30,0,14,30,'','\0',0,0,'Error in temperature.Temperature absence. City:Split','Split',0,'Сплит',3,1,'\0',489,490,NULL),(246,5,30,0,16,30,'','\0',43.5169,16.2514,'Error in area. City:Trogir','Trogir',13260,'Трогир',3,1,'\0',491,492,1019),(247,5,30,87,15,30,'','',45.4333,13.5167,NULL,'Umag',12901,'Умаг',3,1,'\0',493,494,1020),(248,5,30,0,14,30,'','\0',42.2839,18.8692,'Error in area. City:Bečići','Bečići',771,'Бечичи',3,1,'\0',495,496,1021),(249,5,30,122,15,30,'','',42.2881,18.8425,NULL,'Budva',10918,'Будва',3,1,'\0',497,498,1022),(250,5,30,335,15,30,'','',42.43,18.77,NULL,'Kotor',5341,'Котор',3,1,'\0',499,500,1023),(251,6,30,0,14,30,'','\0',0,0,'Error in temperature.Temperature absence. City:Milocer','Milocer',0,'Милочер',3,1,'\0',501,502,NULL),(252,6,30,0,16,30,'','\0',0,0,'Error in temperature.Temperature absence. City:Petrovac','Petrovac',0,'Петровац',3,1,'\0',503,504,NULL),(253,5,30,1441,14,30,'','',42.4667,19.2667,NULL,'Podgorica',150977,'Подгорица',3,1,'\0',505,506,1024),(254,4,30,0,13,30,'','\0',42.255,18.8961,'Error in area. City:Sveti_Stefan','Sveti Stefan',12400,'Свети-Стефан',3,1,'\0',507,508,1025),(255,4,30,255,14,30,'','',41.9167,19.2,NULL,'Ulcinj',10707,'Ульцинь',3,1,'\0',509,510,1026),(256,5,30,910,16,30,'','',42.3833,18.9167,NULL,'Cetinje',15137,'Цетине',3,1,'\0',511,512,1027),(257,5,30,230.19,15,30,'','',49.2,16.6167,NULL,'Brno',384277,'Брно',3,1,'',513,514,1028),(258,6,30,0,18,30,'','\0',50.2333,12.8667,'Error in area. City:Karlovy_Vary','Karlovy Vary',53708,'Карловы Вары',3,1,'',515,516,1029),(259,5,30,0,17,30,'','\0',49.95,15.2667,'Error in area. City:Kutná_Hora','Kutná Hora',21142,'Кутна-Гора',3,1,'',517,518,1030),(260,5,30,0,15,30,'','\0',49.7475,13.3775,'Error in area. City:Plzeň','Plzeň',172932,'Пльзень',3,1,'',519,520,1031),(261,4,30,496,14,30,'','',50.0833,14.4167,NULL,'Prague',1262106,'Прага ',2,1,'',521,522,1032),(262,5,30,0,15,30,'','\0',49.1844,15.4697,'Error in population. City:Telč','Telč',0,'Тельч',3,1,'',523,524,1033),(263,5,30,0,15,30,'','\0',48.8109,14.3152,'Error in area. City:Český_Krumlov','Český Krumlov',14056,'Чески-Крумлов',3,1,'',525,526,1034),(264,6,30,23.91,20,30,'','',47.5667,7.6,NULL,'Basel',170635,'Базель',3,1,'',527,528,1035),(265,6,30,51.62,18,30,'','',46.95,7.45,NULL,'Bern',133920,'Берн',3,1,'',529,530,1036),(266,7,30,15.93,20,30,'','',46.2,6.15,NULL,'Geneva',191803,'Женева',3,1,'',531,532,1037),(267,6,30,4.3,17,30,'','',46.6833,7.85,NULL,'Interlaken',13642,'Интерлакен',3,1,'',533,534,1038),(268,5,30,41.38,18,30,'','',46.5198,6.6335,NULL,'Lausanne',127821,'Лозанна',3,1,'',535,536,1039),(269,5,30,29.06,17,30,'','',47.05,8.3,NULL,'Lucerne',77491,'Люцерн',3,1,'',537,538,1040),(270,6,30,87.88,20,30,'','',47.3667,8.55,NULL,'Zurich',376008,'Цюрих',3,1,'',539,540,1041),(271,5,30,12.44,15,30,'','',57.6333,18.2833,NULL,'Visby',22593,'Висбю',3,1,'',541,542,1042),(272,5,30,450,16,30,'','',57.7,11.9667,NULL,'Gothenburg',520374,'Гётеборг',3,1,'',543,544,1043),(273,5,30,158.39,16,30,'','',55.5833,13.0333,NULL,'Malmö',303873,'Мальмё',3,1,'',545,546,1044),(274,6,30,188,17,30,'','',59.3294,18.0686,NULL,'Stockholm',864324,'Стокгольм',3,1,'',547,548,1045),(275,5,30,48.77,16,30,'','',59.85,17.6333,NULL,'Uppsala',152655,'Уппсала',3,1,'',549,550,1046),(276,5,30,84.54,14,30,'','',59.3758,28.1961,NULL,'Narva',65886,'Нарва',3,1,'',551,552,1047),(277,5,30,32.22,15,30,'','',58.3833,24.5,NULL,'Pärnu',44568,'Пярну',3,1,'',553,554,1048),(278,6,30,159.2,16,30,'','',59.4372,24.7453,NULL,'Tallinn',417150,'Таллинн',3,1,'',555,556,1049),(279,5,30,38.86,15,30,'','',58.3833,26.7167,NULL,'Tartu',103284,'Тарту',3,1,'',557,558,1050),(280,10,30,2130,13,30,'','',40.3953,49.8822,NULL,'Baku',2064900,'Баку',2,1,'\0',559,560,1051),(281,10,30,0,13,30,'','\0',0,0,'Error in temperature.Temperature absence. City:Ganja','Ganja',0,'Гянджа',2,1,'\0',561,562,NULL),(282,10,30,0,13,30,'','\0',39.8153,46.7519,'Error in area. City:Stepanakert','Stepanakert',53000,'Степанакерт',2,1,'\0',563,564,1052),(283,10,30,0,13,30,'','\0',0,0,'Error in temperature.Temperature absence. City:Sheki','Sheki',0,'Шеки',2,1,'\0',565,566,NULL),(284,10,30,0,13,30,'','\0',40.79,48.1519,'Error in temperature.Temperature absence. City:Ismayilli','Ismayilli',14435,'Исмаиллы',2,1,'\0',567,568,NULL),(285,10,30,0,13,30,'','\0',41.7622,48.6978,'Error in temperature.Temperature absence. City:Nabran','Nabran',1313,'Набрань',2,1,'\0',569,570,NULL),(286,10,30,0,13,30,'','\0',0,0,'Error in temperature.Temperature absence. City:Naphthalene','Naphthalene',0,'Нафталан',2,1,'\0',571,572,NULL),(287,10,30,0,13,30,'','\0',41.6281,48.6828,'Error in temperature.Temperature absence. City:Khudat','Khudat',14442,'Худат',2,1,'\0',573,574,NULL),(288,10,30,25,13,30,'','',40.8128,44.4883,NULL,'Vanadzor',104800,'Ванадзор',2,1,'\0',575,576,1053),(289,10,30,45,13,30,'','',40.7894,43.8475,NULL,'Gyumri',146400,'Гюмри',2,1,'\0',577,578,1054),(290,10,30,0,13,30,'','\0',40.7408,44.8631,'Error in area. City:Dilijan','Dilijan',15600,'Дилижан',2,1,'\0',579,580,1055),(291,10,30,227,13,30,'','',40.1833,44.5167,NULL,'Yerevan',1121900,'Ереван',2,1,'\0',581,582,1056),(292,10,30,0,13,30,'','\0',40.5314,44.7249,'Error in area. City:Tsakhkadzor','Tsakhkadzor',1600,'Цахкадзор',2,1,'\0',583,584,1057),(293,8,30,0,10,30,'\0','\0',34.4342,70.4478,'Error in area. City:Jalalabad','Jalalabad',205423,'Джелалабад',1,3,'',585,586,1058),(294,8,30,275,10,30,'\0','',34.5333,69.1667,NULL,'Kabul',3071400,'Кабул',1,3,'',587,588,1059),(295,14,30,360,15,30,'\0','',23.7,90.375,NULL,'Dacca',7000940,'Дакка',2,1,'',589,590,1060),(296,14,30,168,15,30,'\0','',22.3667,91.8,NULL,'Chittagong',2579107,'Читтагонг',2,1,'',591,592,1061),(297,14,30,0,15,30,'\0','\0',26.2167,50.5833,'Error in area. City:Manama','Manama',157474,'Манама',1,1,'\0',593,594,1062),(298,14,30,0,15,30,'\0','\0',26.25,50.6167,'Error in area. City:Muharraq','Muharraq',1300648286,'Мухаррак',1,1,'\0',595,596,1063),(299,14,30,0,15,30,'\0','\0',26.15,50.6167,'Error in population. City:Sitra','Sitra',0,'Ситра',1,1,'\0',597,598,1064),(300,12,30,100.36,25,30,'\0','',4.89028,114.942,NULL,'Bandar Seri Begawan',140000,'Бандар-Сери-Бегаван',1,1,'',599,600,1065),(301,12,30,0,25,30,'\0','\0',0,0,'Error in temperature.Temperature absence. City:Tutong','Tutong',0,'Тутонг',1,1,'',601,602,NULL),(302,15,30,0,30,30,'\0','\0',27.4667,89.6417,'Error in area. City:Thimphu','Thimphu',79185,'Тхимпху',1,1,'',603,604,1066),(303,15,30,0,30,30,'\0','\0',0,0,'Error in temperature.Temperature absence. City:Paro','Paro',0,'Паро',1,1,'',605,606,NULL),(304,18,30,0,18,30,'\0','\0',-8.56667,125.567,'Error in area. City:Dili','Dili',193563,'Дили',2,3,'\0',607,608,1067),(305,18,30,3344.7,18,30,'\0','',21.0333,105.85,NULL,'Hanoi',6500000,'Ханой',2,3,'\0',609,610,1068),(306,18,30,2095,18,30,'\0','',10.7694,106.682,NULL,'Ho Chi Minh City',7396446,'Хошимин',2,3,'\0',611,612,1069),(307,18,30,251,18,30,'\0','',12.25,109.183,NULL,'Nha Trang',392279,'Нячанг',2,3,'\0',613,614,1070),(308,18,30,0,18,30,'\0','\0',10.9333,108.1,'Error in temperature.Temperature absence. City:Phan_Thiet','Phan Thiet',400000,'Фантьет',2,3,'\0',615,616,NULL),(309,18,30,0,18,30,'\0','\0',0,0,'Error in temperature.Temperature absence. City:Dalat','Dalat',0,'Далат',2,3,'\0',617,618,NULL),(310,7,30,2381740,25,30,'\0','',28,2,'Error in temperature.Temperature absence. City:Algeria','Algeria',2381741,'Алжир',1,2,'',619,620,NULL),(311,7,30,0,25,30,'\0','\0',0,0,'Error in temperature.Temperature absence. City:Batna','Batna',0,'Батна',1,2,'',621,622,NULL),(312,7,30,0,25,30,'\0','\0',0,0,'Error in temperature.Temperature absence. City:Constantine','Constantine',0,'Константина',1,2,'',623,624,NULL),(313,7,30,2121,25,30,'\0','',35.6969,-0.633056,NULL,'Oran',759645,'Оран',1,2,'',625,626,1071),(314,7,30,0,25,30,'\0','\0',6.36667,2.43333,'Error in area. City:Cotonou','Cotonou',761137,'Котону',1,3,'',627,628,1072),(315,5,30,113,30,30,'\0','',-8.83833,13.2344,NULL,'Luanda',5172900,'Луанда',1,3,'\0',629,630,1073),(316,5,30,110,30,30,'\0','',6.49722,2.605,NULL,'Porto-Novo',223552,'Порто-Ново',1,3,'\0',631,632,1074),(317,7,30,169,20,30,'\0','',-24.6581,25.9122,NULL,'Gaborone',231626,'Габороне',1,3,'\0',633,634,1075),(318,6,30,0,20,30,'\0','\0',11.1833,-4.28333,'Error in area. City:Bobo-Dioulasso','Bobo-Dioulasso',435543,'Бобо-Диуласо',1,3,'',635,636,1076),(319,6,30,219.3,20,30,'\0','',12.3572,-1.53528,NULL,'Ouagadougou',1475223,'Уагадугу',1,3,'',637,638,1077),(320,5,30,0,20,30,'\0','\0',0,0,'Error in temperature.Temperature absence. City:Buzhumbra','Buzhumbra',0,'Бужумбра',1,3,'\0',639,640,NULL),(321,5,30,0,20,30,'\0','\0',-3.43333,29.9,'Error in area. City:Gitega','Gitega',46900,'Гитега',1,3,'\0',641,642,1078),(322,3,30,929,15,30,'\0','',0.39,9.45,NULL,'Libreville',578156,'Либревиль',1,3,'\0',643,644,1079),(323,3,30,93,15,30,'\0','',13.4531,-16.5775,NULL,'Banjul',34828,'Банжул',1,3,'\0',645,646,1080),(324,8,30,0,34,30,'\0','\0',13.4333,-16.6667,'Error in area. City:Serekunda','Serekunda',335733,'Серекунда',1,3,'\0',647,648,1081),(325,4,30,173,15,30,'\0','',5.55,-0.2,NULL,'Accra',2291352,'Аккра',1,3,'',649,650,1082),(326,4,30,254,15,30,'\0','',6.66667,-1.61667,NULL,'Kumasi',1989062,'Кумаси',1,3,'',651,652,1083),(327,5,30,0,30,30,'\0','\0',0,0,'Error in temperature.Temperature absence. City:Tamale','Tamale',120000,'Тамале',1,3,'',653,654,NULL),(328,5,30,0,30,30,'\0','\0',9.51667,-13.7,'Error in area. City:Conakry','Conakry',1931184,'Конакри',1,3,'\0',655,656,1084),(329,5,30,77,30,30,'\0','',11.85,-15.5667,NULL,'Bissau',407424,'Бисау',1,3,'\0',657,658,1085),(330,1,30,9965,12,30,'\0','',-4.325,15.3222,NULL,'Kinshasa',9046000,'Киншаса',1,3,'\0',659,660,1086),(331,1,30,747,12,30,'\0','',-11.6667,27.4667,NULL,'Lubumbashi',1139064,'Лубумбаши',1,3,'\0',661,662,1087),(332,3,30,23200,30,30,'\0','',11.6,43.1667,NULL,'Djibouti',23200,'Джибути',1,3,'\0',663,664,1088),(333,4,30,2679,23,30,'','',31.2,29.9167,NULL,'Alexandria',4110015,'Александрия',1,3,'\0',665,666,1089),(334,4,30,0,23,30,'','\0',24.0889,32.8997,'Error in area. City:Aswan','Aswan',275000,'Асуан',1,3,'\0',667,668,1090),(335,4,30,0,23,30,'','\0',30.0167,31.2167,'Error in area. City:Giza','Giza',2681863,'Гиза',1,3,'\0',669,670,1091),(336,4,30,453,23,30,'','',30.0581,31.2289,NULL,'Cairo',17290000,'Каир',1,3,'\0',671,672,1092),(337,4,30,416,23,30,'','',25.6833,32.65,NULL,'Luxor',487896,'Луксор',1,3,'\0',673,674,1093),(338,4,30,0,23,30,'','\0',26.7333,33.9333,'Error in temperature.Temperature absence. City:Safaga','Safaga',0,'Сафага',1,3,'\0',675,676,NULL),(339,4,30,0,23,30,'','\0',27.2578,33.8117,'Error in area. City:Hurghada','Hurghada',248000,'Хургада',1,3,'\0',677,678,1094),(340,4,30,0,23,30,'','\0',27.9122,34.3297,'Error in area. City:Sharm_el-Sheikh','Sharm el-Sheikh',35000,'Шарм-эль-Шейх',1,3,'\0',679,680,1095),(341,4,30,0,23,30,'','\0',27.385,33.6792,'Error in population. City:El_Gouna','El Gouna',0,'Эль Гуна',1,3,'\0',681,682,1096),(342,9,30,19.7,25,30,'\0','',38.9729,-76.5012,NULL,'Annapolis',38394,'Аннаполис',5,1,'',683,684,1097),(343,10,30,343,30,30,'\0','',33.755,-84.39,NULL,'Atlanta',420003,'Атланта ',5,1,'',685,686,1098),(344,8,30,204.8,20,30,'\0','',30.4581,-91.1403,NULL,'Baton Rouge, LA',229553,'Батон-Руж',5,1,'',687,688,1099),(345,8,30,0,20,30,'\0','\0',0,0,'Error in temperature.Temperature absence. City:Bismarck','Bismarck',0,'Бисмарк',5,1,'',689,690,NULL),(346,10,30,232.14,35,30,'\0','',42.3581,-71.0636,NULL,'Boston',617594,'Бостон',5,3,'',691,692,1100),(347,7,30,26.9,20,30,'\0','',40.2697,-76.8756,NULL,'Harrisburg',49528,'Гаррисберг',5,1,'',693,694,1101),(348,10,30,177.2,30,30,'\0','',21.3089,-157.826,NULL,'Honolulu',953207,'Гонолулу',4,3,'',695,696,1102),(349,10,30,401.3,30,30,'\0','',39.7392,-104.985,NULL,'Denver',619968,'Денвер',5,3,'',697,698,1103),(350,8,30,8430.4,20,30,'\0','',58.4444,-134.23,NULL,'Juneau',31275,'Джуно',5,1,'',699,700,1104),(351,8,30,963.5,25,30,'\0','',39.7667,-86.15,NULL,'Indianapolis',1218919,'Индианаполис',5,2,'',701,702,1105),(352,8,30,43.003,25,30,'\0','',38.9333,-119.984,NULL,'South Lake Tahoe',21403,'Юг Лэйк Тахо',5,1,'',703,704,1106),(353,8,30,0,25,30,'\0','\0',0,0,'Error in temperature.Temperature absence. City:Columbus','Columbus',0,'Колумбус',5,1,'',705,706,NULL),(354,8,30,338.19,25,30,'\0','',41.25,-96,NULL,'Omaha',877110,'Омаха',5,1,'',707,708,1107),(355,8,30,302.5,25,30,'\0','',34.7361,-92.3311,NULL,'Little Rock',193524,'Литл-Рок',5,1,'',709,710,1108),(356,8,30,1367,25,30,'\0','',36.1667,-86.7833,NULL,'Nashville',626681,'Нашвилл',5,1,'',711,712,1109),(357,8,30,1608.8,25,30,'\0','',35.4823,-97.5352,NULL,'Oklahoma City',861505,'Оклахома-Сити ',5,1,'',713,714,1110),(358,8,30,651.38,25,30,'\0','',30.25,-97.75,NULL,'Austin',820611,'Остин',5,1,'',715,716,1111),(359,8,30,0,30,30,'\0','\0',0,0,'Error in temperature.Temperature absence. City:Providence','Providence',0,'Провиденс',5,2,'',717,718,NULL),(360,8,30,259.273,25,30,'','',38.5556,-121.469,NULL,'Sacramento',472178,'Сакраменто',5,1,'',719,720,1112),(361,8,30,285.9,25,30,'\0','',40.75,-111.883,NULL,'Salt Lake City',2328299,'Солт-Лейк-Сити',5,1,'',721,722,1113),(362,8,30,268,25,30,'\0','',30.455,-84.2533,NULL,'Tallahassee',240223,'Таллахасси',5,2,'',723,724,1114),(363,8,30,0,30,30,'\0','\0',0,0,'Error in temperature.Temperature absence. City:Phoenix','Phoenix',0,'Финикс ',3,2,'',725,726,NULL),(364,8,30,0,25,30,'\0','\0',0,0,'Error in temperature.Temperature absence. City:Helena','Helena',0,'Хелена',3,3,'',727,728,NULL),(365,8,30,0,25,30,'\0','\0',0,0,'Error in temperature.Temperature absence. City:Charleston','Charleston',0,'Чарлстон',3,1,'',729,730,NULL),(366,8,30,136.2,30,30,'\0','',43.6667,-70.2667,NULL,'Portland (Maine)',66194,'Портленд (Мэн)',3,1,'',731,732,1115),(367,8,30,213.4,25,30,'\0','',41.4822,-81.6697,NULL,'Cleveland',2250871,'Кливленд',3,1,'',733,734,1116),(368,8,30,238.4,25,30,'\0','',39.2833,-76.6167,NULL,'Baltimore',619493,'Балтимор',3,1,'',735,736,1117),(369,10,30,0,30,30,'\0','\0',0,0,'Error in temperature.Temperature absence. City:Washington','Washington',0,'Вашингтон',3,1,'',737,738,NULL),(370,8,30,5371,25,30,'\0','',52.6667,1,NULL,'Norfolk',862400,'Норфолк',3,1,'',739,740,1118),(371,8,30,2292.15,25,30,'\0','',30.3167,-81.6667,NULL,'Jacksonville',913125,'Джексонвилл',3,1,'',741,742,1119),(372,10,30,287,30,30,'\0','',28.4158,-81.2989,NULL,'Orlando',238300,'Орландо',3,2,'',743,744,1120),(373,15,30,143.1,35,30,'\0','',25.7878,-80.2242,NULL,'Miami',408568,'Майами ',3,3,'',745,746,1121),(374,15,30,0,40,30,'\0','\0',0,0,'Error in temperature.Temperature absence. City:Palm_Beach','Palm Beach',0,'Палм-Бич',3,3,'',747,748,NULL),(375,15,30,13.65,40,30,'\0','',24.5592,-81.7842,NULL,'Key West',20000,'Ки-Вест',3,3,'',749,750,1122),(376,10,30,763.4,30,30,'\0','',35.1175,-89.9711,NULL,'Memphis',1316100,'Мемфис',3,2,'',751,752,1123),(377,10,30,370,30,30,'\0','',42.3314,-83.0458,NULL,'Detroit',713777,'Детройт',2,2,'',753,754,1124),(378,10,30,606.1,40,30,'\0','',41.8819,-87.6278,NULL,'Chicago',2707120,'Чикаго',2,2,'',755,756,1125),(379,8,30,251.7,30,30,'\0','',43.0522,-87.9558,NULL,'Milwaukee',594833,'Милуоки',3,1,'',757,758,1126),(380,8,30,151.3,30,30,'\0','',44.9833,-93.2667,NULL,'Minneapolis, MN',2849567,'Миннеаполис',3,1,'',759,760,1127),(381,8,30,0,30,30,'\0','\0',0,0,'Error in temperature.Temperature absence. City:Kansas_City','Kansas City',0,'Канзас-Сити',3,1,'',761,762,NULL),(382,8,30,999.3,30,30,'\0','',32.7828,-96.8039,NULL,'Dallas',1197816,'Даллас',3,1,'',763,764,1128),(383,8,30,482.1,30,30,'\0','',38.8633,-104.792,NULL,'Colorado Springs, CO',645613,'Колорадо-Спрингс',3,1,'',765,766,1129),(384,8,30,588,30,30,'\0','',32.2217,-110.926,NULL,'Tucson',525796,'Тусон',3,1,'',767,768,1130),(385,10,30,352,40,30,'\0','',36.175,-115.136,NULL,'Las Vegas',583756,'Лас Вегас',3,3,'',769,770,1131),(386,10,30,1301.97,45,30,'','',34.05,-118.25,NULL,'Los Angeles, CA',3792621,'Лос Анджелес ',3,3,'',771,772,1132),(387,8,30,469.5,35,30,'\0','',35.1108,-106.61,NULL,'Albuquerque',552804,'Альбукерке',3,2,'',773,774,1133),(388,10,30,0,45,30,'\0','\0',0,0,'Error in temperature.Temperature absence. City:Saf_Francisco','Saf Francisco',0,'Саф-Франциско',3,3,'',775,776,NULL),(389,10,30,369.2,45,30,'\0','',47.6097,-122.333,NULL,'Seattle',2712205,'Сиэтл ',3,2,'',777,778,1134),(390,15,30,21.797,50,30,'\0','',34.0219,-118.481,NULL,'Santa Monica',89736,'Санта Моника',3,3,'',779,780,1135),(391,15,30,0,60,30,'\0','\0',0,0,'Error in temperature.Temperature absence. City:Aspen','Aspen',80000,'Аспен ',3,3,'',781,782,NULL),(392,8,30,0,35,30,'\0','\0',0,0,'Error in temperature.Temperature absence. City:Portland','Portland',0,'Портленд',3,1,'',783,784,NULL),(393,8,30,0,30,30,'\0','\0',0,0,'Error in temperature.Temperature absence. City:San_Jose','San Jose',0,'Сан-Хосе',3,1,'',785,786,NULL),(394,8,30,1439,30,30,'\0','',59.95,30.3,NULL,'St. Petersburg',4879566,'Сент-Питерсберг ',3,3,'',787,788,1136),(395,10,30,369,35,30,'\0','',39.9533,-75.17,NULL,'Philadelphia',5325000,'Филадельфия',3,2,'',789,790,1137),(396,8,30,964.506,30,30,'\0','',32.715,-117.162,NULL,'San Diego',1301617,'Сан-Диего',3,1,'',791,792,1138),(397,8,30,44.125,30,30,'\0','',39.3772,-74.4511,NULL,'Atlantic City',39558,'Атлантик Сити',3,2,'',793,794,1139),(398,8,30,1067.3,30,30,'\0','',29.4167,-98.5,NULL,'San Antonio',1327407,'Сан-Антонио',3,2,'',795,796,1140),(399,8,30,5079,35,30,'\0','',61.2181,-149.893,NULL,'Anchorage',26312,'Анкоридж',3,1,'',797,798,1141),(400,8,30,0,30,30,'\0','\0',0,0,'Error in temperature.Temperature absence. City:Seward','Seward',0,'Сьюард ',3,1,'',799,800,NULL),(401,8,30,12461.8,35,30,'\0','',57.0516,-135.339,NULL,'Sitka',8952,'Ситка',3,1,'',801,802,1142),(402,10,30,2800,45,30,'','',43,-75,NULL,'New York',54556,'Нью-Йорк',3,3,'',803,804,1143),(403,8,30,0,25,30,'\0','\0',0,0,'Error in temperature.Temperature absence. City:Lunenburg','Lunenburg',0,'Луненберг',3,1,'',805,806,NULL),(404,8,30,114.97,25,30,'\0','',49.25,-123.1,NULL,'Vancouver',603502,'Ванкувер',3,2,'',807,808,1144),(405,8,30,0,20,30,'\0','\0',0,0,'Error in temperature.Temperature absence. City:Victoria','Victoria',0,'Виктория',3,1,'',809,810,NULL),(406,8,30,825.29,20,30,'\0','',51.05,-114.067,NULL,'Calgary',1095404,'Калгари',3,1,'',811,812,1145),(407,8,30,135326,25,30,'\0','',53.75,-71.9833,'Error in temperature.Temperature absence. City:Quebec','Quebec',1542056,'Квебек',3,2,'',813,814,NULL),(408,10,30,431.5,30,30,'\0','',45.5167,-73.65,NULL,'Montreal',1649519,'Монреаль',3,3,'',815,816,1146),(409,8,30,2778.13,25,30,'\0','',45.4208,-75.69,NULL,'Ottawa',883391,'Оттава',3,1,'',817,818,1147),(410,8,30,630,30,30,'\0','',43.7166,-79.3407,NULL,'Toronto',2615060,'Торонто',3,1,'',819,820,1148),(411,8,30,0,25,30,'\0','\0',43.08,-79.0711,'Error in area. City:Niagara_Falls','Niagara Falls',64750,'Ниагара Фолс',3,1,'',821,822,1149);
/*!40000 ALTER TABLE `City` ENABLE KEYS */;
UNLOCK TABLES;

--
-- Table structure for table `Tag`
--

DROP TABLE IF EXISTS `Tag`;
/*!40101 SET @saved_cs_client     = @@character_set_client */;
/*!40101 SET character_set_client = utf8 */;
CREATE TABLE `Tag` (
  `id` int(11) NOT NULL AUTO_INCREMENT,
  `img` varchar(255) DEFAULT NULL,
  `name` varchar(255) DEFAULT NULL,
  `tagsType` int(11) DEFAULT NULL,
  PRIMARY KEY (`id`),
  UNIQUE KEY `name` (`name`)
) ENGINE=Memory AUTO_INCREMENT=10 DEFAULT CHARSET=utf8;
/*!40101 SET character_set_client = @saved_cs_client */;

--
-- Dumping data for table `Tag`
--

LOCK TABLES `Tag` WRITE;
/*!40000 ALTER TABLE `Tag` DISABLE KEYS */;
INSERT INTO `Tag` VALUES (1,'','alone',0),(2,'','with friends',0),(3,'','with family',0),(4,'','double',0),(5,'','sunbathe',1),(6,'','ski',1),(7,'','looking',1),(8,'','shopping',1),(9,'','cruise',1);
/*!40000 ALTER TABLE `Tag` ENABLE KEYS */;
UNLOCK TABLES;

--
-- Table structure for table `DependingMonthProperty`
--

DROP TABLE IF EXISTS `DependingMonthProperty`;
/*!40101 SET @saved_cs_client     = @@character_set_client */;
/*!40101 SET character_set_client = utf8 */;
CREATE TABLE `DependingMonthProperty` (
  `PROPERTY_TYPE` varchar(31) NOT NULL,
  `id` bigint(20) NOT NULL AUTO_INCREMENT,
  `APRIL_value_left` int(11) DEFAULT NULL,
  `APRIL_value_right` int(11) DEFAULT NULL,
  `AUGUST_value_left` int(11) DEFAULT NULL,
  `AUGUST_value_right` int(11) DEFAULT NULL,
  `DECEMBER_value_left` int(11) DEFAULT NULL,
  `DECEMBER_value_right` int(11) DEFAULT NULL,
  `FEBRUARY_value_left` int(11) DEFAULT NULL,
  `FEBRUARY_value_right` int(11) DEFAULT NULL,
  `JANUARY_value_left` int(11) DEFAULT NULL,
  `JANUARY_value_right` int(11) DEFAULT NULL,
  `JULY_value_left` int(11) DEFAULT NULL,
  `JULY_value_right` int(11) DEFAULT NULL,
  `JUNE_value_left` int(11) DEFAULT NULL,
  `JUNE_value_right` int(11) DEFAULT NULL,
  `MARCH_value_left` int(11) DEFAULT NULL,
  `MARCH_value_right` int(11) DEFAULT NULL,
  `MAY_value_left` int(11) DEFAULT NULL,
  `MAY_value_right` int(11) DEFAULT NULL,
  `NOVEMBER_value_left` int(11) DEFAULT NULL,
  `NOVEMBER_value_right` int(11) DEFAULT NULL,
  `OCTOBER_value_left` int(11) DEFAULT NULL,
  `OCTOBER_value_right` int(11) DEFAULT NULL,
  `SEPTEMBER_value_left` int(11) DEFAULT NULL,
  `SEPTEMBER_value_right` int(11) DEFAULT NULL,
  PRIMARY KEY (`id`),
  KEY `DECEMBERidx` (`DECEMBER_value_left`,`DECEMBER_value_right`),
  KEY `JUNEidx` (`JUNE_value_left`,`JUNE_value_right`),
  KEY `SEPTEMBERidx` (`SEPTEMBER_value_left`,`SEPTEMBER_value_right`),
  KEY `NOVEMBERidx` (`NOVEMBER_value_left`,`NOVEMBER_value_right`),
  KEY `MAYidx` (`MAY_value_left`,`MAY_value_right`),
  KEY `MARCHidx` (`MARCH_value_left`,`MARCH_value_right`),
  KEY `OCTOBERidx` (`OCTOBER_value_left`,`OCTOBER_value_right`),
  KEY `JANUARYidx` (`JANUARY_value_left`,`JANUARY_value_right`),
  KEY `FEBRUARYidx` (`FEBRUARY_value_left`,`FEBRUARY_value_right`),
  KEY `AUGUSTidx` (`AUGUST_value_left`,`AUGUST_value_right`),
  KEY `JULYidx` (`JULY_value_left`,`JULY_value_right`),
  KEY `APRILidx` (`APRIL_value_left`,`APRIL_value_right`)
) ENGINE=Memory AUTO_INCREMENT=1150 DEFAULT CHARSET=utf8;
/*!40101 SET character_set_client = @saved_cs_client */;

--
-- Dumping data for table `DependingMonthProperty`
--

LOCK TABLES `DependingMonthProperty` WRITE;
/*!40000 ALTER TABLE `DependingMonthProperty` DISABLE KEYS */;
INSERT INTO `DependingMonthProperty` VALUES ('LivingCost',1,50,160,63,120,50,160,50,160,50,160,63,220,52,160,63,160,63,170,50,160,52,160,63,120),('Mood',2,3,3,3,3,3,3,3,3,3,3,3,3,3,3,3,3,3,3,3,3,3,3,3,3),('LivingCost',3,63,150,70,190,50,235,80,120,70,100,40,130,40,180,60,150,43,180,50,200,40,200,50,200),('Mood',4,3,3,3,3,3,3,3,3,3,3,3,3,2,2,3,3,1,1,1,1,2,2,2,2),('LivingCost',5,46,95,46,95,50,95,48,95,50,99,46,95,46,95,46,95,46,95,48,95,46,95,46,95),('Mood',6,3,3,2,2,3,3,3,3,3,3,2,2,2,2,3,3,3,3,2,2,2,2,2,2),('LivingCost',7,40,165,40,165,40,165,40,165,40,165,40,165,40,165,40,165,40,165,40,165,40,165,40,165),('Mood',8,2,2,3,3,2,2,2,2,2,2,3,3,3,3,2,2,2,2,2,2,2,2,3,3),('LivingCost',9,40,130,40,160,50,120,90,210,90,210,40,160,40,130,60,120,50,120,50,120,50,120,40,120),('Mood',10,3,3,3,3,3,3,3,3,3,3,3,3,3,3,3,3,3,3,3,3,3,3,3,3),('LivingCost',11,46,150,46,150,45,150,46,150,45,150,59,183,46,163,46,150,66,142,45,150,46,150,46,150),('Mood',12,2,2,3,3,2,2,2,2,2,2,3,3,3,3,2,2,3,3,2,2,3,3,3,3),('LivingCost',13,46,213,46,213,48,250,46,213,46,213,46,213,46,213,46,213,46,213,46,213,46,213,46,213),('Mood',14,3,3,3,3,3,3,3,3,3,3,3,3,3,3,3,3,3,3,3,3,3,3,3,3),('LivingCost',15,76,164,59,153,59,158,66,249,66,249,59,153,59,164,66,249,63,156,59,158,59,158,59,158),('Mood',16,0,0,3,3,3,3,3,3,3,3,3,3,3,3,3,3,3,3,3,3,3,3,3,3),('LivingCost',17,55,200,55,200,55,200,55,200,55,200,55,200,55,200,55,200,55,200,55,200,55,200,55,200),('Mood',18,3,3,3,3,3,3,3,3,3,3,3,3,3,3,3,3,3,3,3,3,3,3,3,3),('LivingCost',19,63,111,58,110,63,113,43,111,63,86,65,110,55,110,63,111,42,110,64,111,63,111,62,111),('Mood',20,2,2,3,3,2,2,2,2,2,2,3,3,3,3,2,2,3,3,2,2,2,2,3,3),('LivingCost',21,55,500,555,561,46,561,46,519,46,519,55,300,55,300,50,519,55,300,50,481,50,561,50,561),('Mood',22,2,2,3,3,3,3,2,2,2,2,3,3,3,3,2,2,3,3,2,2,3,3,3,3),('LivingCost',23,62,197,45,151,50,155,40,200,40,200,45,177,50,151,62,200,45,134,50,164,50,164,45,160),('Mood',24,3,3,3,3,3,3,3,3,3,3,3,3,3,3,3,3,3,3,3,3,3,3,3,3),('LivingCost',25,164,350,52,350,123,360,170,400,196,400,52,350,48,323,164,400,127,308,105,171,79,300,48,217),('Mood',26,2,2,1,1,3,3,3,3,3,3,1,1,1,1,3,3,2,2,3,3,2,2,1,1),('LivingCost',27,64,300,30,250,25,250,25,275,25,275,30,250,50,278,30,275,30,300,30,250,30,250,30,250),('Mood',28,3,3,3,3,3,3,3,3,3,3,3,3,3,3,3,3,3,3,3,3,3,3,3,3),('LivingCost',29,40,177,40,215,66,263,80,232,80,186,40,215,40,220,60,250,40,158,43,270,43,255,40,240),('Mood',30,2,2,2,2,3,3,3,3,3,3,2,2,1,1,3,3,1,1,1,1,1,1,2,2),('LivingCost',31,47,178,47,178,55,234,55,173,55,173,47,178,47,178,55,173,47,178,55,234,47,178,47,178),('Mood',32,3,3,3,3,3,3,3,3,3,3,3,3,3,3,3,3,3,3,3,3,2,2,3,3),('LivingCost',33,62,200,32,200,71,200,74,134,74,134,32,200,32,200,76,200,46,200,71,200,71,200,74,200),('Mood',34,2,2,2,2,3,3,3,3,3,3,2,2,2,2,3,3,1,1,1,1,1,1,1,1),('LivingCost',35,91,250,55,200,91,250,91,250,91,250,55,200,45,200,91,250,70,250,65,200,45,200,45,200),('Mood',36,2,2,2,2,3,3,3,3,3,3,2,2,2,2,3,3,1,1,1,1,1,1,1,1),('LivingCost',37,62,155,62,147,62,161,62,143,62,143,59,161,62,151,62,150,62,161,62,136,62,161,59,161),('Mood',38,3,3,3,3,3,3,3,3,3,3,3,3,3,3,3,3,3,3,3,3,3,3,3,3),('LivingCost',39,87,119,51,145,51,126,81,119,81,119,50,130,50,126,83,123,50,119,49,150,49,150,49,130),('Mood',40,2,2,3,3,2,2,2,2,2,2,3,3,3,3,2,2,2,2,2,2,2,2,3,3),('LivingCost',41,65,90,50,100,79,85,65,90,65,90,50,100,49,93,65,90,46,93,79,93,44,93,50,100),('Mood',42,2,2,3,3,2,2,2,2,2,2,3,3,3,3,2,2,2,2,2,2,2,2,3,3),('LivingCost',43,49,118,43,152,43,112,49,118,49,118,43,131,42,112,49,118,43,112,43,112,43,112,43,112),('Mood',44,2,2,3,3,2,2,2,2,2,2,3,3,3,3,2,2,3,3,2,2,3,3,3,3),('LivingCost',45,58,181,46,140,51,156,58,108,58,107,52,152,46,152,63,107,50,205,51,180,51,156,47,163),('Mood',46,2,2,2,2,2,2,2,2,2,2,2,2,2,2,2,2,2,2,2,2,2,2,2,2),('LivingCost',47,41,200,41,160,100,540,100,540,100,540,41,160,41,160,100,540,41,200,41,160,41,160,41,160),('Mood',48,2,2,2,2,3,3,3,3,3,3,2,2,2,2,3,3,2,2,2,2,2,2,2,2),('LivingCost',49,55,192,36,122,36,192,36,192,36,192,36,156,36,165,56,192,45,168,36,160,36,192,36,192),('Mood',50,3,3,3,3,3,3,3,3,3,3,3,3,3,3,3,3,3,3,3,3,2,2,3,3),('LivingCost',51,46,218,34,200,149,317,117,310,117,300,34,200,34,200,117,310,60,145,34,200,34,200,34,200),('Mood',52,2,2,2,2,3,3,3,3,3,3,2,2,2,2,3,3,2,2,2,2,2,2,2,2),('LivingCost',53,41,90,43,104,40,102,41,90,41,90,43,103,43,103,41,90,50,104,43,102,43,103,50,118),('Mood',54,3,3,3,3,3,3,3,3,3,3,3,3,3,3,3,3,3,3,3,3,3,3,3,3),('LivingCost',55,55,250,50,150,50,170,55,200,55,170,50,150,50,160,55,200,65,200,50,170,46,150,50,160),('Mood',56,2,2,3,3,2,2,2,2,2,2,3,3,3,3,2,2,2,2,2,2,3,3,3,3),('LivingCost',57,40,150,38,150,40,150,40,150,40,150,38,150,50,90,40,150,50,90,38,150,38,150,38,150),('Mood',58,3,3,2,2,3,3,3,3,3,3,2,2,2,2,3,3,2,2,3,3,2,2,2,2),('LivingCost',59,61,150,42,130,42,169,61,150,83,160,63,150,63,150,61,150,52,150,42,130,63,169,42,150),('Mood',60,3,3,3,3,3,3,3,3,3,3,3,3,3,3,3,3,3,3,3,3,3,3,3,3),('LivingCost',61,55,150,46,171,46,131,55,160,50,160,46,135,46,131,55,160,46,122,46,131,46,131,46,131),('Mood',62,2,2,3,3,2,2,2,2,2,2,3,3,3,3,2,2,2,2,2,2,2,2,3,3),('LivingCost',63,50,200,45,200,60,200,55,200,61,200,45,200,46,200,55,200,42,200,60,200,50,200,42,200),('Mood',64,3,3,2,2,3,3,3,3,3,3,2,2,2,2,3,3,3,3,2,2,2,2,2,2),('LivingCost',65,70,190,65,200,64,200,81,200,83,200,66,200,44,200,82,200,60,200,62,200,60,200,73,200),('Mood',66,3,3,3,3,3,3,3,3,3,3,3,3,3,3,3,3,3,3,3,3,3,3,3,3),('LivingCost',67,35,56,36,56,36,56,32,46,32,46,36,56,35,56,32,46,35,56,36,56,36,56,36,56),('Mood',68,1,1,2,2,1,1,1,1,1,1,2,2,2,2,1,1,2,2,1,1,2,2,2,2),('LivingCost',69,40,55,40,60,40,60,40,55,40,55,40,60,42,60,40,55,42,56,40,60,40,60,40,60),('Mood',70,1,1,2,2,1,1,1,1,1,1,2,2,2,2,1,1,2,2,1,1,2,2,2,2),('LivingCost',71,34,58,35,60,34,58,34,58,34,58,35,60,35,60,34,58,35,60,34,58,34,58,35,60),('Mood',72,2,2,2,2,2,2,2,2,2,2,2,2,2,2,2,2,2,2,2,2,2,2,2,2),('LivingCost',73,33,53,34,54,33,53,33,53,33,53,34,54,33,54,33,53,33,53,33,53,33,54,34,54),('Mood',74,1,1,2,2,1,1,1,1,1,1,2,2,2,2,1,1,1,1,1,1,1,1,2,2),('LivingCost',75,33,53,34,54,33,53,33,53,33,53,34,54,33,53,33,53,33,53,33,53,34,54,34,54),('Mood',76,1,1,2,2,1,1,1,1,1,1,2,2,2,2,1,1,1,1,1,1,1,1,2,2),('LivingCost',77,40,68,40,70,40,68,40,68,40,68,40,70,40,70,40,68,40,68,40,68,40,68,40,70),('Mood',78,1,1,2,2,1,1,1,1,1,1,2,2,2,2,1,1,2,2,1,1,2,2,2,2),('LivingCost',79,33,80,33,90,33,80,33,80,33,80,33,90,33,90,33,80,33,90,33,80,33,80,33,90),('Mood',80,2,2,3,3,2,2,2,2,2,2,3,3,3,3,2,2,3,3,2,2,2,2,3,3),('LivingCost',81,33,70,33,80,33,70,33,70,33,70,33,80,33,80,33,70,33,80,33,70,33,70,33,80),('Mood',82,1,1,2,2,1,1,1,1,1,1,2,2,2,2,1,1,1,1,1,1,2,2,2,2),('LivingCost',83,40,70,40,80,40,70,40,70,40,70,40,80,40,80,40,70,40,70,40,70,40,70,40,80),('Mood',84,1,1,2,2,1,1,1,1,1,1,2,2,2,2,1,1,1,1,1,1,1,1,1,1),('LivingCost',85,33,70,33,80,33,70,33,70,33,70,33,80,33,70,33,70,33,70,33,70,33,70,33,80),('Mood',86,1,1,2,2,1,1,1,1,1,1,2,2,2,2,1,1,1,1,1,1,1,1,2,2),('LivingCost',87,303,1113,62,210,70,303,303,1113,303,1113,38,159,37,159,303,1113,37,135,49,210,37,174,37,174),('Mood',88,2,2,2,2,3,3,3,3,3,3,2,2,2,2,3,3,2,2,3,3,2,2,2,2),('LivingCost',89,113,176,113,176,113,176,113,176,113,176,101,176,88,124,113,176,88,124,113,176,88,113,88,113),('Mood',90,1,1,1,1,2,2,2,2,2,2,1,1,1,1,2,2,1,1,2,2,1,1,1,1),('LivingCost',91,66,87,66,87,66,87,66,87,66,87,66,87,66,87,66,87,66,87,66,87,66,87,66,87),('Mood',92,1,1,1,1,2,2,2,2,2,2,1,1,1,1,2,2,1,1,2,2,1,1,1,1),('LivingCost',93,50,83,68,129,50,77,50,83,50,83,77,118,50,83,50,83,68,83,50,77,50,77,50,77),('Mood',94,1,1,1,1,2,2,2,2,2,2,1,1,1,1,2,2,1,1,2,2,1,1,1,1),('LivingCost',95,22,240,22,240,22,240,22,240,22,240,22,240,22,240,22,240,22,240,22,240,22,240,22,240),('Mood',96,3,3,2,2,3,3,3,3,3,3,2,2,2,2,3,3,2,2,3,3,3,3,2,2),('LivingCost',97,10,325,10,215,10,215,10,289,10,325,50,215,14,260,10,353,10,200,10,215,10,694,10,260),('Mood',98,3,3,3,3,3,3,3,3,3,3,3,3,3,3,3,3,3,3,3,3,3,3,3,3),('LivingCost',99,97,150,97,150,97,150,97,150,97,150,97,150,97,150,97,150,97,150,97,150,97,150,97,150),('Mood',100,3,3,2,2,3,3,3,3,3,3,2,2,2,2,3,3,2,2,3,3,3,3,2,2),('LivingCost',101,85,136,90,140,85,136,85,136,85,136,90,140,90,140,85,136,85,136,85,136,85,136,90,140),('Mood',102,2,2,2,2,2,2,2,2,2,2,2,2,2,2,2,2,2,2,2,2,2,2,2,2),('LivingCost',103,85,136,90,140,85,136,85,136,85,136,90,140,90,140,85,136,85,136,85,136,85,136,90,140),('Mood',104,2,2,2,2,2,2,2,2,2,2,2,2,2,2,2,2,2,2,2,2,2,2,2,2),('LivingCost',105,85,136,90,140,85,136,85,136,85,136,90,140,90,140,85,136,85,136,85,136,85,136,90,140),('Mood',106,3,3,3,3,3,3,3,3,3,3,3,3,3,3,3,3,3,3,3,3,3,3,3,3),('LivingCost',107,85,136,90,140,85,136,85,136,85,136,90,140,90,140,85,136,85,136,85,136,85,136,90,140),('Mood',108,2,2,2,2,2,2,2,2,2,2,2,2,2,2,2,2,2,2,2,2,2,2,2,2),('LivingCost',109,51,85,53,90,51,85,51,85,51,85,53,90,53,90,51,85,51,85,51,85,51,85,53,90),('Mood',110,1,1,2,2,1,1,1,1,1,1,2,2,2,2,1,1,1,1,1,1,1,1,2,2),('LivingCost',111,68,136,70,140,68,136,68,136,68,136,70,140,70,140,68,136,68,136,68,136,68,136,70,140),('Mood',112,2,2,2,2,2,2,2,2,2,2,2,2,2,2,2,2,2,2,2,2,2,2,2,2),('LivingCost',113,23,85,30,90,23,85,23,85,23,85,30,90,30,90,23,85,30,90,23,85,23,85,30,90),('Mood',114,2,2,3,3,2,2,2,2,2,2,3,3,3,3,2,2,3,3,2,2,2,2,3,3),('LivingCost',115,30,90,23,85,30,90,30,90,30,90,23,85,23,85,30,90,30,90,30,90,23,85,23,85),('Mood',116,2,2,1,1,2,2,2,2,2,2,1,1,1,1,2,2,2,2,2,2,1,1,1,1),('LivingCost',117,34,102,36,106,34,102,34,102,34,102,36,106,36,106,34,102,34,102,34,102,34,102,36,106),('Mood',118,2,2,3,3,2,2,2,2,2,2,3,3,3,3,2,2,2,2,2,2,2,2,3,3),('LivingCost',119,30,90,23,85,30,90,30,90,30,90,23,85,23,85,30,90,30,90,30,90,23,85,23,85),('Mood',120,2,2,1,1,2,2,2,2,2,2,1,1,1,1,2,2,2,2,2,2,2,2,1,1),('LivingCost',121,34,85,36,90,34,85,34,85,34,85,36,90,36,90,34,85,34,85,34,85,36,90,36,90),('Mood',122,1,1,2,2,1,1,1,1,1,1,2,2,2,2,1,1,1,1,1,1,2,2,2,2),('LivingCost',123,27,85,30,90,27,85,27,85,27,85,30,90,30,90,27,85,30,90,27,85,30,90,30,90),('Mood',124,1,1,3,3,1,1,1,1,1,1,3,3,3,3,1,1,3,3,1,1,3,3,3,3),('LivingCost',125,51,102,55,106,51,102,51,102,51,102,55,106,55,106,51,102,51,102,51,102,55,106,55,106),('Mood',126,2,2,3,3,2,2,2,2,2,2,3,3,3,3,2,2,3,3,2,2,3,3,3,3),('LivingCost',127,15,132,15,129,15,142,15,128,15,148,15,157,15,142,15,132,15,156,15,142,15,142,15,142),('Mood',128,1,1,2,2,1,1,1,1,1,1,2,2,2,2,1,1,2,2,1,1,1,1,2,2),('LivingCost',129,24,200,24,200,24,200,24,200,24,200,24,200,24,200,24,200,24,200,24,200,24,200,24,200),('Mood',130,1,1,2,2,2,2,2,2,2,2,2,2,2,2,1,1,2,2,1,1,1,1,2,2),('LivingCost',131,65,240,31,250,40,250,65,240,89,211,31,250,31,250,65,240,31,250,31,250,31,250,31,250),('Mood',132,3,3,2,2,3,3,3,3,3,3,2,2,2,2,3,3,2,2,3,3,2,2,2,2),('LivingCost',133,55,160,47,160,47,160,40,160,40,160,47,160,47,160,40,160,47,150,55,160,48,160,48,160),('Mood',134,2,2,3,3,2,2,2,2,2,2,3,3,3,3,2,2,3,3,2,2,2,2,3,3),('LivingCost',135,40,200,40,200,40,200,40,200,40,200,40,200,40,200,40,200,40,200,40,200,40,200,40,200),('Mood',136,3,3,3,3,3,3,3,3,3,3,3,3,3,3,3,3,3,3,3,3,3,3,3,3),('LivingCost',137,40,200,35,200,30,200,35,200,35,200,35,200,35,200,40,200,35,200,33,200,35,200,35,200),('Mood',138,3,3,3,3,3,3,3,3,3,3,3,3,3,3,3,3,3,3,3,3,3,3,3,3),('LivingCost',139,33,200,35,200,35,200,33,200,35,200,35,200,35,200,34,200,33,200,35,200,35,200,35,200),('Mood',140,3,3,3,3,3,3,3,3,3,3,3,3,3,3,3,3,3,3,3,3,3,3,3,3),('LivingCost',141,45,200,45,200,45,200,46,200,46,200,46,200,45,200,45,200,45,200,43,200,43,200,45,200),('Mood',142,3,3,3,3,3,3,3,3,3,3,3,3,3,3,3,3,3,3,3,3,3,3,3,3),('LivingCost',143,44,200,45,200,45,200,44,200,44,200,45,200,45,200,44,200,45,200,44,200,44,200,44,200),('Mood',144,2,2,3,3,2,2,2,2,3,3,3,3,3,3,2,2,2,2,2,2,2,2,3,3),('LivingCost',145,50,250,55,250,50,250,50,250,55,250,55,250,55,250,50,250,55,250,50,250,50,250,55,250),('Mood',146,3,3,3,3,3,3,3,3,3,3,3,3,3,3,3,3,3,3,3,3,3,3,3,3),('LivingCost',147,45,190,45,190,45,190,45,190,45,190,45,190,45,190,45,190,45,190,45,190,45,190,45,190),('Mood',148,3,3,3,3,3,3,3,3,3,3,3,3,3,3,3,3,3,3,3,3,3,3,3,3),('LivingCost',149,62,200,62,100,62,200,62,200,62,200,62,200,62,200,62,200,62,210,62,200,62,200,62,200),('Mood',150,2,2,3,3,3,3,3,3,3,3,3,3,3,3,2,2,3,3,2,2,2,2,3,3),('LivingCost',151,56,200,56,200,56,200,56,200,68,200,56,200,56,200,56,200,56,200,56,200,56,200,56,200),('Mood',152,2,2,3,3,2,2,2,2,2,2,3,3,3,3,2,2,2,2,2,2,2,2,2,2),('LivingCost',153,60,150,65,150,52,150,56,150,56,150,70,150,72,150,56,150,72,150,52,150,45,150,50,150),('Mood',154,2,2,3,3,2,2,2,2,2,2,3,3,3,3,2,2,3,3,2,2,2,2,3,3),('LivingCost',155,35,190,35,190,35,190,35,190,35,190,35,190,35,190,35,190,35,190,35,190,35,190,35,190),('Mood',156,3,3,3,3,3,3,3,3,3,3,3,3,3,3,3,3,3,3,3,3,3,3,3,3),('LivingCost',157,68,100,70,105,68,100,68,100,68,100,70,105,70,105,68,100,68,100,68,100,68,100,70,105),('Mood',158,2,2,3,3,2,2,2,2,2,2,3,3,3,3,2,2,2,2,2,2,2,2,3,3),('LivingCost',159,51,85,55,90,51,85,51,85,51,85,55,90,55,90,51,85,51,85,51,85,51,85,55,90),('Mood',160,1,1,2,2,1,1,1,1,1,1,2,2,2,2,1,1,1,1,1,1,1,1,2,2),('LivingCost',161,41,85,45,90,41,85,41,85,41,85,45,90,45,90,41,85,41,85,41,85,41,85,45,90),('Mood',162,1,1,3,3,1,1,1,1,1,1,2,2,2,2,1,1,1,1,1,1,1,1,2,2),('LivingCost',163,34,75,40,80,34,75,34,75,34,75,40,80,40,80,34,75,34,75,34,75,34,75,40,80),('Mood',164,1,1,2,2,1,1,1,1,1,1,2,2,2,2,1,1,1,1,1,1,1,1,2,2),('LivingCost',165,51,85,55,90,51,85,51,85,51,85,55,90,55,90,51,85,51,85,51,85,51,85,55,90),('Mood',166,1,1,2,2,1,1,1,1,1,1,2,2,2,2,1,1,1,1,1,1,1,1,1,1),('LivingCost',167,40,85,44,90,40,85,40,85,40,85,44,90,44,90,40,85,40,85,40,85,40,85,44,90),('Mood',168,1,1,2,2,1,1,1,1,1,1,2,2,2,2,1,1,1,1,1,1,1,1,2,2),('LivingCost',169,85,110,90,115,85,110,85,110,85,110,90,115,90,115,85,110,85,110,85,110,85,110,90,115),('Mood',170,2,2,3,3,2,2,2,2,2,2,3,3,3,3,2,2,3,3,2,2,2,2,3,3),('LivingCost',171,85,105,90,110,85,105,85,105,85,105,90,110,90,110,85,105,85,105,85,105,85,105,90,110),('Mood',172,1,1,2,2,1,1,1,1,1,1,2,2,2,2,1,1,1,1,1,1,1,1,2,2),('LivingCost',173,68,102,70,105,68,102,68,102,68,102,70,105,70,105,68,102,68,102,68,102,68,102,70,105),('Mood',174,2,2,3,3,2,2,2,2,2,2,3,3,3,3,2,2,2,2,2,2,2,2,3,3),('LivingCost',175,85,105,90,110,85,105,85,105,85,105,90,110,90,110,85,105,85,105,85,105,85,105,90,110),('Mood',176,2,2,3,3,2,2,2,2,2,2,3,3,3,3,2,2,2,2,2,2,2,2,3,3),('LivingCost',177,78,120,75,110,78,120,78,120,78,120,75,110,75,110,78,120,75,110,78,120,78,120,75,110),('Mood',178,2,2,1,1,2,2,2,2,2,2,1,1,1,1,2,2,1,1,2,2,2,2,1,1),('LivingCost',179,85,105,90,110,78,120,85,105,85,105,90,110,90,110,85,105,85,105,78,120,78,120,90,110),('Mood',180,2,2,2,2,2,2,2,2,2,2,2,2,2,2,2,2,2,2,2,2,2,2,2,2),('LivingCost',181,75,100,80,110,75,100,75,100,75,100,80,110,80,110,75,100,75,100,75,100,75,100,80,110),('Mood',182,2,2,3,3,2,2,2,2,2,2,3,3,3,3,2,2,2,2,2,2,2,2,3,3),('LivingCost',183,75,100,90,110,75,100,75,100,75,100,90,110,90,110,75,100,75,100,75,100,75,100,90,110),('Mood',184,2,2,2,2,2,2,2,2,2,2,2,2,2,2,2,2,2,2,2,2,2,2,2,2),('LivingCost',185,85,102,85,102,85,102,85,102,85,102,85,102,85,102,85,102,85,102,85,102,85,102,85,102),('Mood',186,3,3,3,3,3,3,3,3,3,3,3,3,3,3,3,3,3,3,3,3,3,3,3,3),('LivingCost',187,75,110,80,110,75,110,75,110,75,110,80,110,80,110,75,110,75,110,75,110,80,110,80,110),('Mood',188,2,2,2,2,2,2,2,2,2,2,2,2,2,2,2,2,2,2,2,2,2,2,2,2),('LivingCost',189,85,105,90,110,78,120,85,105,85,105,90,110,90,110,85,105,85,105,78,120,78,120,90,110),('Mood',190,2,2,2,2,2,2,2,2,2,2,2,2,2,2,2,2,2,2,2,2,2,2,2,2),('LivingCost',191,58,102,60,105,58,102,58,102,58,102,60,105,60,105,58,102,58,102,58,102,58,102,60,105),('Mood',192,1,1,3,3,1,1,1,1,1,1,3,3,3,3,1,1,2,2,1,1,2,2,3,3),('LivingCost',193,60,102,65,105,60,102,60,102,60,102,65,105,65,105,60,102,60,102,60,102,60,102,65,105),('Mood',194,1,1,3,3,1,1,1,1,1,1,3,3,3,3,1,1,2,2,1,1,2,2,3,3),('LivingCost',195,64,98,68,102,64,98,64,98,64,98,68,102,68,102,64,98,64,98,64,98,64,98,68,102),('Mood',196,1,1,3,3,1,1,1,1,1,1,3,3,3,3,1,1,2,2,1,1,2,2,3,3),('LivingCost',197,61,90,65,95,61,90,61,90,61,90,65,95,65,95,61,90,61,90,61,90,61,90,65,95),('Mood',198,1,1,2,2,1,1,1,1,1,1,2,2,2,2,1,1,2,2,1,1,2,2,2,2),('LivingCost',199,64,98,68,102,64,98,64,98,64,98,68,102,68,102,64,98,64,98,64,98,64,98,68,102),('Mood',200,1,1,2,2,1,1,1,1,1,1,2,2,2,2,1,1,2,2,1,1,2,2,2,2),('LivingCost',201,60,102,65,105,60,102,60,102,60,102,65,105,65,105,60,102,60,102,60,102,60,102,65,105),('Mood',202,1,1,2,2,1,1,1,1,1,1,2,2,2,2,1,1,2,2,1,1,2,2,2,2),('LivingCost',203,64,98,68,102,64,98,64,98,64,98,68,102,68,102,64,98,64,98,64,98,64,98,68,102),('Mood',204,1,1,2,2,1,1,1,1,1,1,2,2,2,2,1,1,2,2,1,1,2,2,2,2),('LivingCost',205,58,102,60,105,58,102,58,102,58,102,60,105,60,105,58,102,58,102,58,102,58,102,60,105),('Mood',206,1,1,2,2,1,1,1,1,1,1,2,2,2,2,1,1,2,2,1,1,2,2,2,2),('LivingCost',207,62,87,66,93,62,87,62,87,62,87,66,93,66,93,62,87,62,87,62,87,62,87,66,93),('Mood',208,2,2,3,3,2,2,2,2,2,2,3,3,3,3,2,2,2,2,2,2,2,2,3,3),('LivingCost',209,64,98,68,102,64,98,64,98,64,98,68,102,68,102,64,98,64,98,64,98,64,98,68,102),('Mood',210,1,1,2,2,1,1,1,1,1,1,2,2,2,2,1,1,1,1,1,1,1,1,2,2),('LivingCost',211,120,153,120,153,120,153,120,153,120,153,120,153,120,153,120,153,120,153,120,153,120,153,120,153),('Mood',212,2,2,2,2,2,2,2,2,2,2,2,2,2,2,2,2,2,2,2,2,2,2,2,2),('LivingCost',213,85,120,85,120,85,120,85,120,85,120,85,120,85,120,85,120,85,120,85,120,85,120,85,120),('Mood',214,2,2,2,2,2,2,2,2,2,2,2,2,2,2,2,2,2,2,2,2,2,2,2,2),('LivingCost',215,68,120,68,120,68,120,68,120,68,120,68,120,68,120,68,120,68,120,68,120,68,120,68,120),('Mood',216,2,2,3,3,2,2,2,2,2,2,3,3,3,3,2,2,3,3,2,2,2,2,3,3),('LivingCost',217,85,120,85,120,85,120,85,120,85,120,85,120,85,120,85,120,85,120,85,120,85,120,85,120),('Mood',218,2,2,2,2,2,2,2,2,2,2,2,2,2,2,2,2,2,2,2,2,2,2,3,3),('LivingCost',219,85,120,85,120,85,120,85,120,85,120,85,120,85,120,85,120,85,120,85,120,85,120,85,120),('Mood',220,2,2,2,2,2,2,2,2,2,2,2,2,2,2,2,2,2,2,2,2,2,2,2,2),('LivingCost',221,68,120,68,120,68,120,68,120,68,120,68,120,68,120,68,120,68,120,68,120,68,120,68,120),('Mood',222,2,2,2,2,2,2,2,2,2,2,2,2,2,2,2,2,2,2,2,2,2,2,2,2),('LivingCost',223,68,102,68,102,68,102,68,102,68,102,68,102,68,102,68,102,68,102,68,102,68,102,68,102),('Mood',224,1,1,1,1,1,1,1,1,1,1,1,1,1,1,1,1,1,1,1,1,1,1,1,1),('LivingCost',225,64,98,64,98,64,98,64,98,64,98,64,98,64,98,64,98,64,98,64,98,64,98,64,98),('Mood',226,1,1,2,2,1,1,1,1,1,1,2,2,2,2,1,1,1,1,1,1,1,1,2,2),('LivingCost',227,68,91,68,91,68,91,68,91,68,91,68,91,68,91,68,91,68,91,68,91,68,91,68,91),('Mood',228,1,1,2,2,1,1,1,1,1,1,2,2,2,2,1,1,1,1,1,1,1,1,2,2),('LivingCost',229,57,91,57,91,57,91,57,91,57,91,57,91,57,91,57,91,57,91,57,91,57,91,57,91),('Mood',230,1,1,2,2,1,1,1,1,1,1,2,2,2,2,1,1,1,1,1,1,1,1,2,2),('LivingCost',231,78,102,78,102,78,102,78,102,78,102,78,102,78,102,78,102,78,102,78,102,78,102,78,102),('Mood',232,1,1,2,2,1,1,1,1,1,1,2,2,2,2,1,1,1,1,1,1,1,1,2,2),('LivingCost',233,60,90,60,90,60,90,60,90,60,90,60,90,60,90,60,90,60,90,60,90,60,90,60,90),('Mood',234,1,1,2,2,1,1,1,1,1,1,2,2,2,2,1,1,1,1,1,1,1,1,2,2),('LivingCost',235,85,102,75,90,85,102,85,102,85,102,75,90,75,90,85,102,85,102,85,102,85,102,75,90),('Mood',236,2,2,1,1,2,2,2,2,2,2,1,1,1,1,2,2,1,1,2,2,2,2,2,2),('LivingCost',237,85,120,85,120,85,120,85,120,85,120,85,120,85,120,85,120,85,120,85,120,85,120,85,120),('Mood',238,3,3,3,3,3,3,3,3,3,3,3,3,3,3,3,3,3,3,3,3,3,3,3,3),('LivingCost',239,80,102,80,102,80,102,80,102,80,102,80,102,80,102,80,102,80,102,80,102,80,102,80,102),('Mood',240,1,1,2,2,1,1,1,1,1,1,2,2,2,2,1,1,1,1,1,1,1,1,1,1),('LivingCost',241,90,110,95,120,90,110,90,110,90,110,95,120,95,120,90,110,95,120,90,110,90,110,95,120),('Mood',242,3,3,3,3,3,3,3,3,3,3,3,3,3,3,3,3,3,3,3,3,3,3,3,3),('LivingCost',243,70,102,77,110,70,102,70,102,70,102,77,110,77,110,70,102,77,110,70,102,70,102,77,110),('Mood',244,2,2,2,2,2,2,2,2,2,2,2,2,2,2,2,2,2,2,2,2,2,2,2,2),('LivingCost',245,65,102,70,105,65,102,65,102,65,102,70,105,70,105,65,102,70,105,65,102,65,102,70,105),('Mood',246,3,3,3,3,3,3,3,3,3,3,3,3,3,3,3,3,3,3,3,3,3,3,3,3),('LivingCost',247,77,111,77,111,77,111,77,111,77,111,77,111,77,111,77,111,77,111,77,111,77,111,77,111),('Mood',248,3,3,3,3,3,3,3,3,3,3,3,3,3,3,3,3,3,3,3,3,3,3,3,3),('LivingCost',249,57,101,57,101,57,101,57,101,57,101,57,101,57,101,57,101,57,101,57,101,57,101,57,101),('Mood',250,3,3,3,3,3,3,3,3,3,3,3,3,3,3,3,3,3,3,3,3,3,3,3,3),('LivingCost',251,77,101,80,105,77,101,77,101,77,101,80,105,80,105,77,101,80,105,77,101,77,101,80,105),('Mood',252,2,2,2,2,2,2,2,2,2,2,2,2,2,2,2,2,2,2,2,2,2,2,2,2),('LivingCost',253,43,101,43,101,43,101,43,101,43,101,43,101,43,101,43,101,43,101,43,101,43,101,43,101),('Mood',254,3,3,3,3,3,3,3,3,3,3,3,3,3,3,3,3,3,3,3,3,3,3,3,3),('LivingCost',255,67,105,70,110,67,105,67,105,67,105,70,110,70,110,67,105,70,110,67,105,67,105,70,110),('Mood',256,3,3,3,3,3,3,3,3,3,3,3,3,3,3,3,3,3,3,3,3,3,3,3,3),('LivingCost',257,60,101,70,110,60,101,60,101,60,101,70,110,70,110,60,101,70,110,60,101,60,101,70,110),('Mood',258,3,3,3,3,3,3,3,3,3,3,3,3,3,3,3,3,3,3,3,3,3,3,3,3),('LivingCost',259,74,101,74,101,74,101,74,101,74,101,74,101,74,101,74,101,74,101,74,101,74,101,74,101),('Mood',260,2,2,2,2,2,2,2,2,2,2,2,2,2,2,2,2,2,2,2,2,2,2,2,2),('LivingCost',261,78,119,80,120,78,119,78,119,78,119,80,120,80,120,78,119,80,120,78,119,78,119,80,120),('Mood',262,2,2,2,2,2,2,2,2,2,2,2,2,2,2,2,2,2,2,2,2,2,2,2,2),('LivingCost',263,84,101,84,101,84,101,84,101,84,101,84,101,84,101,84,101,84,101,84,101,84,101,84,101),('Mood',264,2,2,2,2,2,2,2,2,2,2,2,2,2,2,2,2,2,2,2,2,2,2,2,2),('LivingCost',265,84,110,84,110,84,110,84,110,84,110,84,110,84,110,84,110,84,110,84,110,84,110,84,110),('Mood',266,2,2,2,2,2,2,2,2,2,2,2,2,2,2,2,2,2,2,2,2,2,2,2,2),('LivingCost',267,64,102,64,102,64,102,64,102,64,102,64,102,64,102,64,102,64,102,64,102,64,102,64,102),('Mood',268,2,2,2,2,2,2,2,2,2,2,2,2,2,2,2,2,2,2,2,2,2,2,2,2),('LivingCost',269,100,168,100,168,100,168,100,168,100,168,100,168,100,168,100,168,100,168,100,168,100,168,100,168),('Mood',270,3,3,3,3,3,3,3,3,3,3,3,3,3,3,3,3,3,3,3,3,3,3,3,3),('LivingCost',271,81,110,81,110,81,110,81,110,81,110,81,110,81,110,81,110,81,110,81,110,81,110,81,110),('Mood',272,2,2,2,2,2,2,2,2,2,2,2,2,2,2,2,2,2,2,2,2,2,2,2,2),('LivingCost',273,77,101,77,101,77,101,77,101,77,101,77,101,77,101,77,101,77,101,77,101,77,101,77,101),('Mood',274,2,2,2,2,2,2,2,2,2,2,2,2,2,2,2,2,2,2,2,2,2,2,2,2),('LivingCost',275,67,101,67,101,67,101,67,101,67,101,67,101,67,101,67,101,67,101,67,101,67,101,67,101),('Mood',276,2,2,2,2,2,2,2,2,2,2,2,2,2,2,2,2,2,2,2,2,2,2,2,2),('LivingCost',277,70,118,70,118,70,118,70,118,70,118,70,118,70,118,70,118,70,118,70,118,70,118,70,118),('Mood',278,2,2,2,2,2,2,2,2,2,2,2,2,2,2,2,2,2,2,2,2,2,2,2,2),('LivingCost',279,84,115,84,115,84,115,84,115,84,115,84,115,84,115,84,115,84,115,84,115,84,115,84,115),('Mood',280,2,2,3,3,2,2,2,2,2,2,3,3,3,3,2,2,3,3,2,2,2,2,3,3),('LivingCost',281,90,130,90,130,90,130,90,130,90,130,90,130,90,130,90,130,90,130,90,130,90,130,90,130),('Mood',282,3,3,3,3,3,3,3,3,3,3,3,3,3,3,3,3,3,3,3,3,3,3,3,3),('LivingCost',283,85,120,85,120,85,120,85,120,85,120,85,120,85,120,85,120,85,120,85,120,85,120,85,120),('Mood',284,3,3,3,3,3,3,3,3,3,3,3,3,3,3,3,3,3,3,3,3,3,3,3,3),('LivingCost',285,71,100,71,100,71,100,71,100,71,100,71,100,71,100,71,100,71,100,71,100,71,100,71,100),('Mood',286,3,3,3,3,3,3,3,3,3,3,3,3,3,3,3,3,3,3,3,3,3,3,3,3),('LivingCost',287,71,105,71,105,71,105,71,105,71,105,71,105,71,105,71,105,71,105,71,105,71,105,71,105),('Mood',288,2,2,2,2,2,2,2,2,2,2,2,2,2,2,2,2,2,2,2,2,2,2,2,2),('LivingCost',289,80,110,80,110,80,110,80,110,80,110,80,110,80,110,80,110,80,110,80,110,80,110,80,110),('Mood',290,3,3,3,3,3,3,3,3,3,3,3,3,3,3,3,3,3,3,3,3,3,3,3,3),('LivingCost',291,51,100,51,100,51,100,51,100,51,100,51,100,51,100,51,100,51,100,51,100,51,100,51,100),('Mood',292,2,2,2,2,2,2,2,2,2,2,2,2,2,2,2,2,2,2,2,2,2,2,2,2),('LivingCost',293,85,120,85,120,85,120,85,120,85,120,85,120,85,120,85,120,85,120,85,120,85,120,85,120),('Mood',294,2,2,2,2,2,2,2,2,2,2,2,2,2,2,2,2,2,2,2,2,2,2,2,2),('LivingCost',295,70,105,70,105,70,105,70,105,70,105,70,105,70,105,70,105,70,105,70,105,70,105,70,105),('Mood',296,3,3,3,3,3,3,3,3,3,3,3,3,3,3,3,3,3,3,3,3,3,3,3,3),('LivingCost',297,46,80,46,80,46,80,46,80,46,80,46,80,46,80,46,80,46,80,46,80,46,80,46,80),('Mood',298,3,3,3,3,3,3,3,3,3,3,3,3,3,3,3,3,3,3,3,3,3,3,3,3),('LivingCost',299,50,90,50,90,50,90,50,90,50,90,50,90,50,90,50,90,50,90,50,90,50,90,50,90),('Mood',300,2,2,2,2,2,2,2,2,2,2,2,2,2,2,2,2,2,2,2,2,2,2,2,2),('LivingCost',301,48,95,48,95,48,95,48,95,48,95,48,95,48,95,48,95,48,95,48,95,48,95,48,95),('Mood',302,3,3,3,3,3,3,3,3,3,3,3,3,3,3,3,3,3,3,3,3,3,3,3,3),('LivingCost',303,47,90,47,90,47,90,47,90,47,90,47,90,47,90,47,90,47,90,47,90,47,90,47,90),('Mood',304,3,3,3,3,3,3,3,3,3,3,3,3,3,3,3,3,3,3,3,3,3,3,3,3),('LivingCost',305,50,100,50,100,50,100,50,100,50,100,50,100,50,100,50,100,50,100,50,100,50,100,50,100),('Mood',306,3,3,3,3,3,3,3,3,3,3,3,3,3,3,3,3,3,3,3,3,3,3,3,3),('LivingCost',307,46,105,46,105,46,105,46,105,46,105,46,105,46,105,46,105,46,105,46,105,46,105,46,105),('Mood',308,2,2,2,2,2,2,2,2,2,2,2,2,2,2,2,2,2,2,2,2,2,2,2,2),('LivingCost',309,50,96,50,96,50,96,50,96,50,96,50,96,50,96,50,96,50,96,50,96,50,96,50,96),('Mood',310,2,2,2,2,2,2,2,2,2,2,2,2,2,2,2,2,2,2,2,2,2,2,2,2),('LivingCost',311,45,97,45,97,45,97,45,97,45,97,45,97,45,97,45,97,45,97,45,97,45,97,45,97),('Mood',312,2,2,2,2,2,2,2,2,2,2,2,2,2,2,2,2,2,2,2,2,2,2,2,2),('LivingCost',313,28,70,28,70,28,70,28,70,28,70,28,70,28,70,28,70,28,70,28,70,28,70,28,70),('Mood',314,3,3,3,3,3,3,3,3,3,3,3,3,3,3,3,3,3,3,3,3,3,3,3,3),('LivingCost',315,30,80,30,80,30,80,30,80,30,80,30,80,30,80,30,80,30,80,30,80,30,80,30,80),('Mood',316,2,2,2,2,2,2,2,2,2,2,2,2,2,2,2,2,2,2,2,2,2,2,2,2),('LivingCost',317,25,75,25,75,25,75,25,75,25,75,25,75,25,75,25,75,25,75,25,75,25,75,25,75),('Mood',318,2,2,3,3,2,2,2,2,2,2,3,3,3,3,2,2,2,2,2,2,2,2,2,2),('LivingCost',319,30,80,30,80,30,80,30,80,30,80,30,80,30,80,30,80,30,80,30,80,30,80,30,80),('Mood',320,3,3,3,3,3,3,3,3,3,3,3,3,3,3,3,3,3,3,3,3,3,3,3,3),('LivingCost',321,30,100,30,100,30,100,30,100,30,100,30,100,30,100,30,100,30,100,30,100,30,100,30,100),('Mood',322,3,3,3,3,3,3,3,3,3,3,3,3,3,3,3,3,3,3,3,3,3,3,3,3),('LivingCost',323,54,100,54,100,54,100,54,100,54,100,54,100,54,100,54,100,54,100,54,100,54,100,54,100),('Mood',324,3,3,3,3,3,3,3,3,3,3,3,3,3,3,3,3,3,3,3,3,3,3,3,3),('LivingCost',325,48,100,48,100,48,100,48,100,48,100,48,100,48,100,48,100,48,100,48,100,48,100,48,100),('Mood',326,2,2,2,2,2,2,2,2,2,2,2,2,2,2,2,2,2,2,2,2,2,2,2,2),('LivingCost',327,50,90,50,90,50,90,50,90,50,90,50,90,50,90,50,90,50,90,50,90,50,90,50,90),('Mood',328,2,2,2,2,2,2,2,2,2,2,2,2,2,2,2,2,2,2,2,2,2,2,2,2),('LivingCost',329,45,100,45,100,45,100,45,100,45,100,45,100,45,100,45,100,45,100,45,100,45,100,45,100),('Mood',330,2,2,2,2,2,2,2,2,2,2,2,2,2,2,2,2,2,2,2,2,2,2,2,2),('LivingCost',331,75,110,75,110,75,110,75,110,75,110,75,110,75,110,75,110,75,110,75,110,75,110,75,110),('Mood',332,2,2,2,2,2,2,2,2,2,2,2,2,2,2,2,2,2,2,2,2,2,2,2,2),('LivingCost',333,70,100,70,100,70,100,70,100,70,100,70,100,70,100,70,100,70,100,70,100,70,100,70,100),('Mood',334,2,2,2,2,2,2,2,2,2,2,2,2,2,2,2,2,2,2,2,2,2,2,2,2),('LivingCost',335,70,110,70,110,70,110,70,110,70,110,70,110,70,110,70,110,70,110,70,110,70,110,70,110),('Mood',336,2,2,2,2,2,2,2,2,2,2,2,2,2,2,2,2,2,2,2,2,2,2,2,2),('LivingCost',337,65,110,65,110,65,110,65,110,65,110,65,110,65,110,65,110,65,110,65,110,65,110,65,110),('Mood',338,2,2,2,2,2,2,2,2,2,2,2,2,2,2,2,2,2,2,2,2,2,2,2,2),('LivingCost',339,72,108,72,108,72,108,72,108,72,108,72,108,72,108,72,108,72,108,72,108,72,108,72,108),('Mood',340,2,2,2,2,2,2,2,2,2,2,2,2,2,2,2,2,2,2,2,2,2,2,2,2),('LivingCost',341,68,110,68,110,68,110,68,110,68,110,68,110,68,110,68,110,68,110,68,110,68,110,68,110),('Mood',342,2,2,2,2,2,2,2,2,2,2,2,2,2,2,2,2,2,2,2,2,2,2,2,2),('LivingCost',343,78,110,78,110,78,110,78,110,78,110,78,110,78,110,78,110,78,110,78,110,78,110,78,110),('Mood',344,2,2,2,2,2,2,2,2,2,2,2,2,2,2,2,2,2,2,2,2,2,2,2,2),('LivingCost',345,75,115,75,115,75,115,75,115,75,115,75,115,75,115,75,115,75,115,75,115,75,115,75,115),('Mood',346,3,3,3,3,3,3,3,3,3,3,3,3,3,3,3,3,3,3,3,3,3,3,3,3),('LivingCost',347,78,110,78,110,78,110,78,110,78,110,78,110,78,110,78,110,78,110,78,110,78,110,78,110),('Mood',348,2,2,2,2,2,2,2,2,2,2,2,2,2,2,2,2,2,2,2,2,2,2,2,2),('LivingCost',349,78,110,78,110,78,110,78,110,78,110,78,110,78,110,78,110,78,110,78,110,78,110,78,110),('Mood',350,2,2,2,2,2,2,2,2,2,2,2,2,2,2,2,2,2,2,2,2,2,2,2,2),('LivingCost',351,75,115,75,115,75,115,75,115,75,115,75,115,75,115,75,115,75,115,75,115,75,115,75,115),('Mood',352,2,2,2,2,2,2,2,2,2,2,2,2,2,2,2,2,2,2,2,2,2,2,2,2),('LivingCost',353,38,80,38,80,38,80,38,80,38,80,38,80,38,80,38,80,38,80,38,80,38,80,38,80),('Mood',354,2,2,2,2,2,2,2,2,2,2,2,2,2,2,2,2,2,2,2,2,2,2,2,2),('LivingCost',355,40,90,40,90,40,90,40,90,40,90,40,90,40,90,40,90,40,90,40,90,40,90,40,90),('Mood',356,2,2,2,2,2,2,2,2,2,2,2,2,2,2,2,2,2,2,2,2,2,2,2,2),('LivingCost',357,50,90,50,90,50,90,50,90,50,90,50,90,50,90,50,90,50,90,50,90,50,90,50,90),('Mood',358,2,2,2,2,2,2,2,2,2,2,2,2,2,2,2,2,2,2,2,2,2,2,2,2),('LivingCost',359,50,100,50,100,50,100,50,100,50,100,50,100,50,100,50,100,50,100,50,100,50,100,50,100),('Mood',360,2,2,2,2,2,2,2,2,2,2,2,2,2,2,2,2,2,2,2,2,2,2,2,2),('LivingCost',361,54,105,54,105,54,105,54,105,54,105,54,105,54,105,54,105,54,105,54,105,54,105,54,105),('Mood',362,2,2,2,2,2,2,2,2,2,2,2,2,2,2,2,2,2,2,2,2,2,2,2,2),('LivingCost',363,48,104,48,104,48,104,48,104,48,104,48,104,48,104,48,104,48,104,48,104,48,104,48,104),('Mood',364,2,2,2,2,2,2,2,2,2,2,2,2,2,2,2,2,2,2,2,2,2,2,2,2),('LivingCost',365,50,90,50,90,50,90,50,90,50,90,50,90,50,90,50,90,50,90,50,90,50,90,50,90),('Mood',366,2,2,2,2,2,2,2,2,2,2,2,2,2,2,2,2,2,2,2,2,2,2,2,2),('LivingCost',367,47,114,47,114,47,114,47,114,47,114,47,114,47,114,47,114,47,114,47,114,47,114,47,114),('Mood',368,2,2,2,2,2,2,2,2,2,2,2,2,2,2,2,2,2,2,2,2,2,2,2,2),('LivingCost',369,48,104,48,104,48,104,48,104,48,104,48,104,48,104,48,104,48,104,48,104,48,104,48,104),('Mood',370,2,2,2,2,2,2,2,2,2,2,2,2,2,2,2,2,2,2,2,2,2,2,2,2),('LivingCost',371,52,106,52,106,52,106,52,106,52,106,52,106,52,106,52,106,52,106,52,106,52,106,52,106),('Mood',372,2,2,2,2,2,2,2,2,2,2,2,2,2,2,2,2,2,2,2,2,2,2,2,2),('LivingCost',373,40,80,40,80,40,80,40,80,40,80,40,80,40,80,40,80,40,80,40,80,40,80,40,80),('Mood',374,2,2,3,3,2,2,2,2,2,2,3,3,3,3,2,2,2,2,2,2,2,2,3,3),('LivingCost',375,40,90,40,90,40,90,40,90,40,90,40,90,40,90,40,90,40,90,40,90,40,90,40,90),('Mood',376,3,3,3,3,3,3,3,3,3,3,3,3,3,3,3,3,3,3,3,3,3,3,3,3),('LivingCost',377,40,92,40,92,40,92,40,92,40,92,40,92,40,92,40,92,40,92,40,92,40,92,40,92),('Mood',378,2,2,2,2,2,2,2,2,2,2,2,2,2,2,2,2,2,2,2,2,2,2,2,2),('LivingCost',379,91,150,91,150,91,150,91,150,91,150,91,150,91,150,91,150,91,150,91,150,91,150,91,150),('Mood',380,3,3,3,3,3,3,3,3,3,3,3,3,3,3,3,3,3,3,3,3,3,3,3,3),('LivingCost',381,91,150,91,150,91,150,91,150,91,150,91,150,91,150,91,150,91,150,91,150,91,150,91,150),('Mood',382,3,3,3,3,3,3,3,3,3,3,3,3,3,3,3,3,3,3,3,3,3,3,3,3),('LivingCost',383,110,200,110,200,110,200,110,200,110,200,110,200,110,200,110,200,110,200,110,200,110,200,110,200),('Mood',384,3,3,3,3,3,3,3,3,3,3,3,3,3,3,3,3,3,3,3,3,3,3,3,3),('LivingCost',385,115,200,115,200,115,200,115,200,115,200,115,200,115,200,115,200,115,200,115,200,115,200,115,200),('Mood',386,3,3,3,3,3,3,3,3,3,3,3,3,3,3,3,3,3,3,3,3,3,3,3,3),('LivingCost',387,105,190,105,190,105,190,105,190,105,190,105,190,105,190,105,190,105,190,105,190,105,190,105,190),('Mood',388,2,2,2,2,2,2,2,2,2,2,2,2,2,2,2,2,2,2,2,2,2,2,2,2),('LivingCost',389,110,180,110,180,110,180,110,180,110,180,110,180,110,180,110,180,110,180,110,180,110,180,110,180),('Mood',390,2,2,2,2,2,2,2,2,2,2,2,2,2,2,2,2,2,2,2,2,2,2,2,2),('LivingCost',391,116,192,116,192,116,192,116,192,116,192,116,192,116,192,116,192,116,192,116,192,116,192,116,192),('Mood',392,3,3,3,3,3,3,3,3,3,3,3,3,3,3,3,3,3,3,3,3,3,3,3,3),('LivingCost',393,105,190,105,190,105,190,105,190,105,190,105,190,105,190,105,190,105,190,105,190,105,190,105,190),('Mood',394,2,2,2,2,2,2,2,2,2,2,2,2,2,2,2,2,2,2,2,2,2,2,2,2),('LivingCost',395,110,180,110,180,110,180,110,180,110,180,110,180,110,180,110,180,110,180,110,180,110,180,110,180),('Mood',396,2,2,2,2,2,2,2,2,2,2,2,2,2,2,2,2,2,2,2,2,2,2,2,2),('LivingCost',397,80,110,80,110,80,110,80,110,80,110,80,110,80,110,80,110,80,110,80,110,80,110,80,110),('Mood',398,2,2,2,2,2,2,2,2,2,2,2,2,2,2,2,2,2,2,2,2,2,2,2,2),('LivingCost',399,90,120,90,120,90,120,90,120,90,120,90,120,90,120,90,120,90,120,90,120,90,120,90,120),('Mood',400,3,3,2,2,3,3,3,3,3,3,2,2,2,2,3,3,2,2,3,3,3,3,2,2),('LivingCost',401,75,110,75,110,75,110,75,110,75,110,75,110,75,110,75,110,75,110,75,110,75,110,75,110),('Mood',402,2,2,2,2,2,2,2,2,2,2,2,2,2,2,2,2,2,2,2,2,2,2,2,2),('LivingCost',403,80,110,80,110,80,110,80,110,80,110,80,110,80,110,80,110,80,110,80,110,80,110,80,110),('Mood',404,2,2,2,2,2,2,2,2,2,2,2,2,2,2,2,2,2,2,2,2,2,2,2,2),('LivingCost',405,80,115,80,115,80,115,80,115,80,115,80,115,80,115,80,115,80,115,80,115,80,115,80,115),('Mood',406,2,2,2,2,2,2,2,2,2,2,2,2,2,2,2,2,2,2,2,2,2,2,2,2),('LivingCost',407,70,105,70,105,70,105,70,105,70,105,70,105,70,105,70,105,70,105,70,105,70,105,70,105),('Mood',408,2,2,2,2,2,2,2,2,2,2,2,2,2,2,2,2,2,2,2,2,2,2,2,2),('LivingCost',409,70,110,70,110,70,110,70,110,70,110,70,110,70,110,70,110,70,110,70,110,70,110,70,110),('Mood',410,3,3,3,3,3,3,3,3,3,3,3,3,3,3,3,3,3,3,3,3,3,3,3,3),('LivingCost',411,50,100,50,100,50,100,50,100,50,100,50,100,50,100,50,100,50,100,50,100,50,100,50,100),('Mood',412,2,2,2,2,2,2,2,2,2,2,2,2,2,2,2,2,2,2,2,2,2,2,2,2),('LivingCost',413,40,90,40,90,40,90,40,90,40,90,40,90,40,90,40,90,40,90,40,90,40,90,40,90),('Mood',414,2,2,2,2,2,2,2,2,2,2,2,2,2,2,2,2,2,2,2,2,2,2,2,2),('LivingCost',415,40,90,40,90,40,90,40,90,40,90,40,90,40,90,40,90,40,90,40,90,40,90,40,90),('Mood',416,2,2,2,2,2,2,2,2,2,2,2,2,2,2,2,2,2,2,2,2,2,2,2,2),('LivingCost',417,40,80,40,80,40,80,40,80,40,80,40,80,40,80,40,80,40,80,40,80,40,80,40,80),('Mood',418,2,2,2,2,2,2,2,2,2,2,2,2,2,2,2,2,2,2,2,2,2,2,2,2),('LivingCost',419,44,100,44,100,44,100,44,100,44,100,44,100,44,100,44,100,44,100,44,100,44,100,44,100),('Mood',420,2,2,2,2,2,2,2,2,2,2,2,2,2,2,2,2,2,2,2,2,2,2,2,2),('LivingCost',421,70,110,70,110,70,110,70,110,70,110,70,110,70,110,70,110,70,110,70,110,70,110,70,110),('Mood',422,3,3,3,3,3,3,3,3,3,3,3,3,3,3,3,3,3,3,3,3,3,3,3,3),('LivingCost',423,70,115,70,115,70,115,70,115,70,115,70,115,70,115,70,115,70,115,70,115,70,115,70,115),('Mood',424,2,2,2,2,2,2,2,2,2,2,2,2,2,2,2,2,2,2,2,2,2,2,2,2),('LivingCost',425,75,110,75,110,75,110,75,110,75,110,75,110,75,110,75,110,75,110,75,110,75,110,75,110),('Mood',426,2,2,2,2,2,2,2,2,2,2,2,2,2,2,2,2,2,2,2,2,2,2,2,2),('LivingCost',427,80,120,80,120,80,120,80,120,80,120,80,120,80,120,80,120,80,120,80,120,80,120,80,120),('Mood',428,2,2,2,2,2,2,2,2,2,2,2,2,2,2,2,2,2,2,2,2,2,2,2,2),('LivingCost',429,76,100,76,100,76,100,76,100,76,100,76,100,76,100,76,100,76,100,76,100,76,100,76,100),('Mood',430,2,2,2,2,2,2,2,2,2,2,2,2,2,2,2,2,2,2,2,2,2,2,2,2),('LivingCost',431,78,110,78,110,78,110,78,110,78,110,78,110,78,110,78,110,78,110,78,110,78,110,78,110),('Mood',432,2,2,2,2,2,2,2,2,2,2,2,2,2,2,2,2,2,2,2,2,2,2,2,2),('LivingCost',433,25,215,25,350,50,215,50,215,50,215,25,350,25,350,25,215,25,215,25,215,25,215,25,215),('Mood',434,3,3,3,3,2,2,2,2,2,2,3,3,3,3,2,2,3,3,2,2,2,2,3,3),('LivingCost',435,25,180,30,200,25,200,25,200,25,200,30,200,30,200,25,180,25,180,25,180,25,180,25,180),('Mood',436,3,3,3,3,3,3,2,2,2,2,3,3,3,3,2,2,2,2,3,3,2,2,2,2),('LivingCost',437,40,200,40,160,40,200,40,200,40,200,40,160,40,160,40,200,40,200,40,180,40,180,40,180),('Mood',438,2,2,3,3,2,2,2,2,2,2,3,3,3,3,2,2,2,2,2,2,2,2,2,2),('LivingCost',439,60,260,50,200,40,350,40,350,40,350,50,200,50,200,60,260,60,260,50,200,50,200,50,200),('Mood',440,2,2,2,2,3,3,3,3,3,3,2,2,2,2,3,3,2,2,3,3,2,2,2,2),('LivingCost',441,25,200,25,170,25,200,25,200,25,200,25,170,25,170,25,200,25,200,25,180,25,180,25,180),('Mood',442,3,3,3,3,3,3,3,3,3,3,3,3,3,3,3,3,3,3,3,3,3,3,3,3),('LivingCost',443,60,280,40,200,60,280,60,280,60,280,40,200,40,200,60,280,60,280,40,280,40,280,40,280),('Mood',444,2,2,2,2,2,2,2,2,2,2,2,2,2,2,2,2,2,2,2,2,2,2,2,2),('LivingCost',445,25,300,25,400,25,245,25,245,25,245,25,400,25,400,25,300,25,300,25,400,25,400,25,400),('Mood',446,3,3,3,3,3,3,3,3,3,3,3,3,3,3,3,3,3,3,3,3,3,3,3,3),('LivingCost',447,85,535,55,355,85,535,85,535,85,535,55,355,55,355,85,535,85,535,55,385,55,385,55,385),('Mood',448,2,2,3,3,2,2,2,2,2,2,3,3,3,3,2,2,3,3,2,2,2,2,2,2),('LivingCost',449,70,340,60,700,55,500,55,500,55,500,60,700,60,700,70,340,70,340,40,600,40,600,40,600),('Mood',450,3,3,3,3,3,3,3,3,3,3,3,3,3,3,3,3,3,3,3,3,3,3,3,3),('LivingCost',451,50,350,50,300,50,1000,50,1000,50,1000,50,300,50,300,50,350,50,350,40,210,40,210,40,210),('Mood',452,2,2,1,1,3,3,3,3,3,3,1,1,1,1,3,3,2,2,3,3,2,2,2,2),('LivingCost',453,50,2000,50,300,55,900,55,900,55,900,50,300,50,300,50,2000,50,2000,40,255,40,255,40,255),('Mood',454,1,1,1,1,2,2,2,2,2,2,1,1,1,1,2,2,1,1,2,2,2,2,1,1),('LivingCost',455,20,460,50,700,20,360,20,360,20,360,50,700,50,700,20,460,20,460,25,550,25,550,25,550),('Mood',456,2,2,3,3,2,2,2,2,2,2,3,3,3,3,2,2,3,3,2,2,2,2,3,3),('LivingCost',457,85,535,55,355,85,535,85,535,85,535,55,355,55,355,85,535,85,535,55,385,55,385,55,385),('Mood',458,2,2,1,1,2,2,2,2,2,2,1,1,1,1,2,2,1,1,2,2,2,2,1,1),('LivingCost',459,80,220,60,335,70,220,70,220,70,220,60,335,60,335,80,220,80,220,60,335,60,335,60,335),('Mood',460,2,2,2,2,2,2,2,2,2,2,2,2,2,2,2,2,2,2,2,2,2,2,2,2),('LivingCost',461,70,375,50,715,50,375,50,375,50,375,50,715,50,715,70,375,70,375,40,715,40,715,40,715),('Mood',462,2,2,2,2,3,3,2,2,2,2,2,2,2,2,2,2,2,2,2,2,2,2,2,2),('LivingCost',463,30,625,30,685,30,480,30,480,30,480,30,685,30,685,30,625,30,625,30,685,30,685,30,685),('Mood',464,3,3,3,3,2,2,2,2,2,2,3,3,3,3,3,3,3,3,2,2,3,3,3,3),('LivingCost',465,20,460,50,410,75,1060,75,1060,75,1060,50,410,50,410,20,460,20,460,35,160,35,160,35,160),('Mood',466,1,1,2,2,1,1,2,2,1,1,2,2,2,2,1,1,2,2,1,1,1,1,2,2),('LivingCost',467,20,460,35,710,20,360,20,360,20,360,35,710,35,710,20,460,20,460,20,550,20,550,20,550),('Mood',468,2,2,2,2,2,2,2,2,2,2,2,2,2,2,2,2,2,2,2,2,2,2,2,2),('LivingCost',469,45,9000,45,9000,50,9000,50,9000,50,9000,45,9000,45,9000,45,9000,45,9000,25,9000,25,9000,25,9000),('Mood',470,3,3,3,3,3,3,3,3,3,3,3,3,3,3,3,3,3,3,3,3,3,3,3,3),('LivingCost',471,60,300,45,250,60,300,60,300,60,300,45,250,45,250,60,300,60,300,45,370,45,370,45,370),('Mood',472,1,1,2,2,1,1,1,1,1,1,2,2,2,2,1,1,2,2,1,1,1,1,2,2),('LivingCost',473,20,460,25,550,25,360,25,360,25,360,25,550,25,550,20,460,20,460,20,550,20,550,20,550),('Mood',474,1,1,2,2,1,1,1,1,1,1,2,2,2,2,1,1,2,2,1,1,1,1,2,2),('LivingCost',475,60,300,60,345,30,450,30,450,30,450,60,345,60,345,60,300,60,300,55,345,55,345,55,345),('Mood',476,2,2,2,2,3,3,3,3,3,3,2,2,2,2,3,3,2,2,3,3,3,3,2,2),('LivingCost',477,20,455,25,375,20,455,20,455,20,455,25,375,25,375,20,455,20,455,25,400,25,400,25,400),('Mood',478,1,1,2,2,1,1,1,1,1,1,2,2,2,2,1,1,1,1,1,1,1,1,1,1),('LivingCost',479,45,650,50,700,50,650,50,650,50,650,50,700,50,700,45,650,45,650,45,700,45,700,45,700),('Mood',480,3,3,3,3,3,3,3,3,3,3,3,3,3,3,3,3,3,3,3,3,3,3,3,3),('LivingCost',481,20,710,35,710,35,585,35,585,35,585,35,710,35,710,20,710,20,710,35,585,35,585,35,585),('Mood',482,2,2,2,2,2,2,2,2,2,2,2,2,2,2,2,2,2,2,2,2,2,2,2,2),('LivingCost',483,25,415,30,415,20,300,20,300,20,300,30,415,30,415,25,415,25,415,30,280,30,280,30,280),('Mood',484,2,2,3,3,2,2,2,2,2,2,3,3,3,3,2,2,2,2,2,2,2,2,2,2),('LivingCost',485,30,440,35,440,20,360,20,360,20,360,35,440,35,440,30,440,30,440,20,550,20,550,20,550),('Mood',486,1,1,2,2,1,1,1,1,1,1,2,2,2,2,1,1,1,1,1,1,1,1,1,1),('LivingCost',487,55,310,45,250,55,310,55,310,55,310,45,250,45,250,55,310,55,310,45,370,45,370,45,370),('Mood',488,1,1,2,2,1,1,1,1,1,1,2,2,2,2,1,1,1,1,1,1,1,1,1,1),('LivingCost',489,25,410,30,410,20,305,20,305,20,305,30,410,30,410,25,410,25,410,30,280,30,280,30,280),('Mood',490,1,1,2,2,1,1,1,1,1,1,2,2,2,2,1,1,1,1,1,1,1,1,1,1),('LivingCost',491,20,430,25,375,20,430,20,430,20,430,25,375,25,375,20,430,20,430,25,400,25,400,25,400),('Mood',492,1,1,2,2,1,1,1,1,1,1,2,2,2,2,1,1,1,1,1,1,1,1,1,1),('LivingCost',493,30,410,25,410,20,300,20,300,20,300,25,410,25,410,30,410,30,410,30,280,30,280,30,280),('Mood',494,1,1,2,2,1,1,1,1,1,1,2,2,2,2,1,1,1,1,1,1,1,1,1,1),('LivingCost',495,25,415,25,415,20,300,20,300,20,300,25,415,25,415,25,415,25,415,25,295,25,295,25,295),('Mood',496,1,1,1,1,1,1,1,1,1,1,1,1,1,1,1,1,1,1,1,1,1,1,1,1),('LivingCost',497,30,440,35,440,20,360,20,360,20,360,35,440,35,440,30,440,30,440,20,550,20,550,20,550),('Mood',498,2,2,2,2,2,2,2,2,2,2,2,2,2,2,2,2,2,2,2,2,2,2,2,2),('LivingCost',499,60,300,60,345,30,450,30,450,30,450,60,345,60,345,60,300,60,300,55,345,55,345,55,345),('Mood',500,2,2,3,3,2,2,2,2,2,2,3,3,3,3,2,2,3,3,2,2,2,2,3,3),('LivingCost',501,30,440,35,440,20,360,20,360,20,360,35,440,35,440,30,440,30,440,20,550,20,550,20,550),('Mood',502,2,2,2,2,2,2,2,2,2,2,2,2,2,2,2,2,2,2,2,2,2,2,2,2),('LivingCost',503,45,550,50,600,50,550,50,550,50,550,50,600,50,600,45,550,45,550,45,600,45,600,45,600),('Mood',504,2,2,2,2,2,2,2,2,2,2,2,2,2,2,2,2,2,2,2,2,2,2,2,2),('LivingCost',505,40,200,40,160,40,200,40,200,40,200,40,160,40,160,40,200,40,200,40,180,40,180,40,180),('Mood',506,1,1,1,1,1,1,1,1,1,1,1,1,1,1,1,1,1,1,1,1,1,1,1,1),('LivingCost',507,25,415,30,415,20,300,20,300,20,300,30,415,30,415,25,415,25,415,30,280,30,280,30,280),('Mood',508,1,1,1,1,1,1,1,1,1,1,1,1,1,1,1,1,1,1,1,1,1,1,1,1),('LivingCost',509,20,460,35,710,20,360,20,360,20,360,35,710,35,710,20,460,20,460,20,550,20,550,20,550),('Mood',510,1,1,1,1,1,1,1,1,1,1,1,1,1,1,1,1,1,1,1,1,1,1,1,1),('LivingCost',511,70,340,60,700,55,500,55,500,55,500,60,700,60,700,70,340,70,340,40,600,40,600,40,600),('Mood',512,3,3,3,3,3,3,3,3,3,3,3,3,3,3,3,3,3,3,3,3,3,3,3,3),('LivingCost',513,25,250,20,560,25,190,25,190,25,190,20,560,20,560,25,250,25,250,20,250,20,250,20,250),('Mood',514,1,1,2,2,1,1,1,1,1,1,2,2,2,2,1,1,1,1,1,1,1,1,2,2),('LivingCost',515,25,185,25,620,25,515,25,515,25,515,25,620,25,620,25,185,25,185,15,400,15,400,15,400),('Mood',516,1,1,2,2,1,1,1,1,1,1,3,3,2,2,1,1,2,2,2,2,2,2,2,2),('LivingCost',517,20,130,15,135,15,135,15,135,15,135,15,135,15,135,20,130,20,130,15,135,15,135,15,135),('Mood',518,1,1,1,1,1,1,1,1,1,1,1,1,1,1,1,1,1,1,1,1,1,1,1,1),('LivingCost',519,15,320,20,210,15,440,15,440,15,440,20,210,20,210,15,320,15,320,20,210,20,210,20,210),('Mood',520,2,2,3,3,1,1,1,1,1,1,3,3,2,2,1,1,2,2,1,1,2,2,3,3),('LivingCost',521,15,680,15,415,25,820,25,820,25,820,15,415,15,415,15,680,15,680,10,435,10,435,10,435),('Mood',522,3,3,3,3,3,3,3,3,3,3,3,3,3,3,3,3,3,3,3,3,3,3,3,3),('LivingCost',523,50,70,25,125,35,80,35,80,35,80,25,125,25,125,50,70,50,70,25,125,25,125,25,125),('Mood',524,1,1,1,1,1,1,1,1,1,1,1,1,1,1,1,1,1,1,1,1,1,1,1,1),('LivingCost',525,35,165,25,240,30,145,30,145,30,145,25,240,25,240,35,165,35,165,20,220,20,220,20,220),('Mood',526,2,2,2,2,2,2,2,2,2,2,2,2,2,2,2,2,2,2,2,2,2,2,2,2),('LivingCost',527,45,315,30,460,45,1375,45,1375,45,1375,30,460,30,460,45,315,45,315,30,535,30,535,30,535),('Mood',528,1,1,1,1,2,2,2,2,2,2,1,1,1,1,2,2,1,1,2,2,1,1,1,1),('LivingCost',529,25,450,20,560,25,190,25,190,25,190,20,560,20,560,25,450,25,450,20,250,20,250,20,250),('Mood',530,1,1,1,1,2,2,2,2,2,2,1,1,1,1,2,2,1,1,2,2,1,1,1,1),('LivingCost',531,15,680,15,390,25,805,25,805,25,805,15,390,15,390,15,680,15,680,15,435,15,435,15,435),('Mood',532,3,3,3,3,3,3,3,3,3,3,3,3,3,3,3,3,3,3,3,3,3,3,3,3),('LivingCost',533,15,325,20,210,15,440,15,440,15,440,20,210,20,210,15,325,15,325,25,210,25,210,25,210),('Mood',534,1,1,2,2,2,2,2,2,2,2,1,1,1,1,2,2,1,1,2,2,1,1,1,1),('LivingCost',535,35,315,35,460,45,965,45,965,45,965,35,460,35,460,35,315,35,315,30,535,30,535,30,535),('Mood',536,2,2,2,2,2,2,2,2,2,2,2,2,2,2,2,2,2,2,2,2,2,2,2,2),('LivingCost',537,20,230,15,235,15,235,15,235,15,235,15,235,15,235,20,230,20,230,15,235,15,235,15,235),('Mood',538,1,1,2,2,2,2,2,2,2,2,1,1,1,1,2,2,1,1,1,1,1,1,2,2),('LivingCost',539,20,680,20,390,25,765,25,765,25,765,20,390,20,390,20,680,20,680,20,435,20,435,20,435),('Mood',540,3,3,2,2,3,3,3,3,3,3,2,2,2,2,3,3,3,3,3,3,3,3,2,2),('LivingCost',541,25,430,25,560,25,190,25,190,25,190,25,560,25,560,25,430,25,430,25,250,25,250,25,250),('Mood',542,1,1,2,2,1,1,1,1,1,1,1,1,1,1,1,1,1,1,1,1,1,1,1,1),('LivingCost',543,15,320,20,210,15,440,15,440,15,440,20,210,20,210,15,320,15,320,25,210,25,210,25,210),('Mood',544,2,2,2,2,3,3,2,2,3,3,2,2,2,2,2,2,2,2,2,2,2,2,2,2),('LivingCost',545,25,430,20,520,25,240,25,240,25,240,20,520,20,520,25,430,25,430,20,280,20,280,20,280),('Mood',546,2,2,2,2,3,3,2,2,3,3,2,2,2,2,2,2,2,2,2,2,2,2,2,2),('LivingCost',547,15,680,15,495,25,795,25,795,25,795,15,495,15,495,15,680,15,680,15,525,15,525,15,525),('Mood',548,3,3,3,3,3,3,3,3,3,3,3,3,3,3,3,3,3,3,3,3,3,3,3,3),('LivingCost',549,15,320,20,215,15,440,15,440,15,440,20,215,20,215,15,320,15,320,20,215,20,215,20,215),('Mood',550,2,2,2,2,2,2,2,2,2,2,2,2,2,2,2,2,2,2,2,2,2,2,2,2),('LivingCost',551,15,325,20,210,15,440,15,440,15,440,20,210,20,210,15,325,15,325,25,210,25,210,25,210),('Mood',552,1,1,1,1,2,2,1,1,1,1,1,1,1,1,1,1,1,1,2,2,2,2,2,2),('LivingCost',553,25,350,20,460,25,190,25,190,25,190,20,460,20,460,25,350,25,350,20,250,20,250,20,250),('Mood',554,2,2,2,2,1,1,1,1,1,1,2,2,3,3,1,1,3,3,1,1,1,1,2,2),('LivingCost',555,15,675,15,595,20,780,20,780,20,780,15,595,15,595,15,675,15,675,15,630,15,630,15,630),('Mood',556,3,3,3,3,3,3,3,3,3,3,3,3,3,3,3,3,3,3,3,3,3,3,3,3),('LivingCost',557,25,450,20,445,25,190,25,190,25,190,20,445,20,445,25,450,25,450,20,250,20,250,20,250),('Mood',558,2,2,2,2,2,2,2,2,2,2,2,2,2,2,2,2,2,2,2,2,2,2,2,2),('LivingCost',559,100,348,73,382,73,397,100,348,100,348,73,451,100,348,100,348,100,348,73,390,73,390,73,390),('Mood',560,3,3,3,3,3,3,3,3,3,3,3,3,3,3,3,3,3,3,3,3,3,3,3,3),('LivingCost',561,89,155,89,159,89,153,89,153,89,153,89,158,89,157,89,154,89,156,89,153,89,153,89,153),('Mood',562,2,2,2,2,2,2,2,2,2,2,2,2,2,2,2,2,2,2,2,2,2,2,2,2),('LivingCost',563,89,155,89,159,89,153,89,153,89,153,89,158,89,157,89,154,89,156,89,153,89,153,89,153),('Mood',564,2,2,2,2,2,2,2,2,2,2,2,2,2,2,2,2,2,2,2,2,2,2,2,2),('LivingCost',565,80,103,80,107,80,111,80,101,80,100,80,106,80,105,80,102,80,104,80,110,80,109,80,108),('Mood',566,2,2,2,2,2,2,2,2,2,2,2,2,2,2,2,2,2,2,2,2,2,2,2,2),('LivingCost',567,30,50,30,50,30,50,30,50,30,50,30,50,30,50,30,50,30,50,30,50,30,50,30,50),('Mood',568,3,3,1,1,3,3,3,3,3,3,1,1,1,1,3,3,1,1,3,3,3,3,1,1),('LivingCost',569,30,51,30,51,30,51,30,51,30,51,30,51,30,51,30,51,30,51,30,51,30,51,30,51),('Mood',570,1,1,3,3,1,1,1,1,1,1,3,3,3,3,1,1,2,2,1,1,1,1,2,2),('LivingCost',571,30,52,30,52,30,52,30,52,30,52,30,52,30,52,30,52,30,52,30,52,30,52,30,52),('Mood',572,1,1,3,3,1,1,1,1,1,1,3,3,3,3,1,1,2,2,1,1,1,1,2,2),('LivingCost',573,30,53,30,53,30,53,30,53,30,53,30,53,30,53,30,53,30,53,30,53,30,53,30,53),('Mood',574,1,1,3,3,1,1,1,1,1,1,3,3,3,3,1,1,2,2,1,1,1,1,2,2),('LivingCost',575,30,54,30,54,30,54,30,54,30,54,30,54,30,54,30,54,30,54,30,54,30,54,30,54),('Mood',576,2,2,2,2,2,2,2,2,2,2,2,2,2,2,2,2,2,2,2,2,2,2,2,2),('LivingCost',577,50,103,50,107,50,111,50,101,50,100,50,106,50,105,50,102,50,104,50,110,50,109,50,108),('Mood',578,2,2,2,2,2,2,2,2,2,2,2,2,2,2,2,2,2,2,2,2,2,2,2,2),('LivingCost',579,40,93,40,97,40,101,40,91,40,90,40,96,40,95,40,92,40,94,40,100,40,99,40,98),('Mood',580,3,3,1,1,3,3,3,3,3,3,1,1,1,1,3,3,1,1,3,3,3,3,1,1),('LivingCost',581,9,287,10,178,9,172,9,170,9,172,10,285,9,287,9,172,9,287,9,172,9,236,9,210),('Mood',582,3,3,3,3,3,3,3,3,3,3,3,3,3,3,3,3,3,3,3,3,3,3,3,3),('LivingCost',583,33,58,24,74,17,74,34,86,34,86,34,74,34,58,34,42,33,58,17,74,17,74,17,74),('Mood',584,3,3,1,1,3,3,3,3,3,3,1,1,1,1,3,3,1,1,3,3,3,3,1,1),('LivingCost',585,10,100,10,100,10,100,10,100,10,100,10,100,10,100,10,100,10,100,10,100,10,100,10,100),('Mood',586,2,2,2,2,2,2,2,2,2,2,2,2,2,2,2,2,2,2,2,2,2,2,2,2),('LivingCost',587,10,101,10,101,10,101,10,101,10,101,10,101,10,101,10,101,10,101,10,101,10,101,10,101),('Mood',588,3,3,3,3,3,3,3,3,3,3,3,3,3,3,3,3,3,3,3,3,3,3,3,3),('LivingCost',589,38,419,32,421,38,330,38,410,38,410,40,195,38,419,38,419,38,419,38,330,38,330,38,450),('Mood',590,1,1,1,1,1,1,1,1,1,1,1,1,1,1,1,1,1,1,1,1,1,1,1,1),('LivingCost',591,37,38,28,115,28,115,28,115,28,115,28,155,37,38,28,115,37,38,28,115,28,115,28,115),('Mood',592,2,2,2,2,2,2,2,2,2,2,2,2,2,2,2,2,2,2,2,2,2,2,2,2),('LivingCost',593,30,297,30,301,30,305,30,295,30,294,30,300,30,299,30,296,30,298,30,304,30,303,30,302),('Mood',594,1,1,1,1,1,1,1,1,1,1,1,1,1,1,1,1,1,1,1,1,1,1,1,1),('LivingCost',595,45,430,39,430,44,430,45,287,45,287,44,430,47,545,45,287,47,430,44,430,44,430,44,430),('Mood',596,1,1,1,1,1,1,1,1,1,1,1,1,1,1,1,1,1,1,1,1,1,1,1,1),('LivingCost',597,63,430,47,430,52,430,53,287,53,265,47,478,63,430,53,287,63,430,52,430,52,430,52,430),('Mood',598,1,1,1,1,1,1,1,1,1,1,1,1,1,1,1,1,1,1,1,1,1,1,1,1),('LivingCost',599,57,349,41,170,41,216,41,349,41,216,47,149,57,349,41,236,57,349,41,337,41,192,41,192),('Mood',600,3,3,3,3,3,3,3,3,3,3,3,3,3,3,3,3,3,3,3,3,3,3,3,3),('LivingCost',601,20,43,20,47,20,51,20,41,20,40,20,46,20,45,20,42,20,44,20,50,20,49,20,48),('Mood',602,1,1,3,3,1,1,1,1,1,1,3,3,3,3,1,1,2,2,1,1,1,1,2,2),('LivingCost',603,348,465,348,469,348,473,348,463,348,462,348,468,348,467,348,464,348,466,348,472,348,471,348,470),('Mood',604,3,3,3,3,3,3,3,3,3,3,3,3,3,3,3,3,3,3,3,3,3,3,3,3),('LivingCost',605,348,460,348,464,348,468,348,458,348,457,348,463,348,462,348,459,348,461,348,467,348,466,348,465),('Mood',606,1,1,1,1,1,1,1,1,1,1,1,1,1,1,1,1,1,1,1,1,1,1,1,1),('LivingCost',607,30,303,30,307,30,311,30,301,30,300,30,306,30,305,30,302,30,304,30,310,30,309,30,308),('Mood',608,3,3,3,3,3,3,3,3,3,3,3,3,3,3,3,3,3,3,3,3,3,3,3,3),('LivingCost',609,4,350,4,337,4,390,4,350,4,350,4,337,4,350,4,350,4,350,4,390,4,390,4,337),('Mood',610,3,3,3,3,3,3,3,3,3,3,3,3,3,3,3,3,3,3,3,3,3,3,3,3),('LivingCost',611,4,365,6,294,5,331,4,365,4,365,6,381,4,310,4,365,4,310,5,334,5,323,6,294),('Mood',612,3,3,3,3,3,3,3,3,3,3,3,3,3,3,3,3,3,3,3,3,3,3,3,3),('LivingCost',613,5,725,5,380,5,1092,5,725,5,725,5,468,5,673,5,725,5,673,5,779,5,328,5,328),('Mood',614,3,3,3,3,3,3,3,3,3,3,3,3,3,3,3,3,3,3,3,3,3,3,3,3),('LivingCost',615,30,279,12,343,17,360,40,360,32,360,15,380,30,264,32,360,30,264,17,280,17,343,12,343),('Mood',616,3,3,3,3,3,3,3,3,3,3,3,3,3,3,3,3,3,3,3,3,3,3,3,3),('LivingCost',617,15,312,8,148,6,148,6,133,6,133,8,148,15,312,12,312,15,312,6,148,6,148,6,148),('Mood',618,3,3,3,3,3,3,3,3,3,3,3,3,3,3,3,3,3,3,3,3,3,3,3,3),('LivingCost',619,77,280,65,244,65,280,77,290,77,280,65,307,150,277,77,280,77,280,65,307,65,307,65,269),('Mood',620,3,3,3,3,3,3,3,3,3,3,3,3,3,3,3,3,3,3,3,3,3,3,3,3),('LivingCost',621,60,118,60,122,60,126,60,116,60,115,60,121,60,120,60,117,60,119,60,125,60,124,60,123),('Mood',622,1,1,1,1,1,1,1,1,1,1,1,1,1,1,1,1,1,1,1,1,1,1,1,1),('LivingCost',623,100,127,100,131,100,135,100,125,100,124,100,130,100,129,100,126,100,128,100,134,100,133,100,132),('Mood',624,1,1,1,1,1,1,1,1,1,1,1,1,1,1,1,1,1,1,1,1,1,1,1,1),('LivingCost',625,76,337,76,341,76,345,76,335,76,334,76,340,76,339,76,336,76,338,76,344,76,343,76,342),('Mood',626,1,1,1,1,1,1,1,1,1,1,1,1,1,1,1,1,1,1,1,1,1,1,1,1),('LivingCost',627,77,162,77,162,77,162,77,162,77,162,161,162,77,162,77,162,77,162,77,162,77,162,77,162),('Mood',628,2,2,2,2,2,2,2,2,2,2,2,2,2,2,2,2,2,2,2,2,2,2,2,2),('LivingCost',629,420,450,153,471,241,462,295,450,241,462,241,382,420,450,295,450,420,450,241,462,153,471,153,471),('Mood',630,3,3,3,3,3,3,3,3,3,3,3,3,3,3,3,3,3,3,3,3,3,3,3,3),('LivingCost',631,300,399,300,403,300,407,300,397,300,396,300,402,300,401,300,398,300,400,300,406,300,405,300,404),('Mood',632,1,1,1,1,1,1,1,1,1,1,1,1,1,1,1,1,1,1,1,1,1,1,1,1),('LivingCost',633,120,249,120,253,120,257,120,247,120,246,120,252,120,251,120,248,120,250,120,256,120,255,120,254),('Mood',634,3,3,3,3,3,3,3,3,3,3,3,3,3,3,3,3,3,3,3,3,3,3,3,3),('LivingCost',635,60,137,60,141,60,145,60,135,60,134,60,140,60,139,60,136,60,138,60,144,60,143,60,142),('Mood',636,3,3,3,3,3,3,3,3,3,3,3,3,3,3,3,3,3,3,3,3,3,3,3,3),('LivingCost',637,70,168,70,168,70,168,70,168,70,168,70,168,70,168,70,168,70,168,70,168,70,168,70,168),('Mood',638,2,2,2,2,2,2,2,2,2,2,2,2,2,2,2,2,2,2,2,2,2,2,2,2),('LivingCost',639,158,200,158,200,158,200,158,200,158,200,158,200,158,200,158,200,158,200,158,200,158,200,158,200),('Mood',640,3,3,3,3,3,3,3,3,3,3,3,3,3,3,3,3,3,3,3,3,3,3,3,3),('LivingCost',641,158,200,158,200,158,200,158,200,158,200,158,200,158,200,158,200,158,200,158,200,158,200,158,200),('Mood',642,1,1,1,1,1,1,1,1,1,1,1,1,1,1,1,1,1,1,1,1,1,1,1,1),('LivingCost',643,207,208,167,204,207,229,207,208,207,208,167,204,207,208,207,208,207,208,207,229,207,229,207,229),('Mood',644,3,3,3,3,3,3,3,3,3,3,3,3,3,3,3,3,3,3,3,3,3,3,3,3),('LivingCost',645,23,97,27,94,26,157,23,157,26,157,27,128,24,79,23,104,31,85,23,157,27,157,27,157),('Mood',646,3,3,3,3,3,3,3,3,3,3,3,3,3,3,3,3,3,3,3,3,3,3,3,3),('LivingCost',647,23,97,27,94,26,157,23,157,26,157,27,128,24,79,23,104,31,85,23,157,27,157,27,157),('Mood',648,1,1,1,1,1,1,1,1,1,1,1,1,1,1,1,1,1,1,1,1,1,1,1,1),('LivingCost',649,27,345,27,350,27,350,27,363,27,363,27,350,27,345,27,345,27,345,27,350,27,370,27,350),('Mood',650,3,3,3,3,3,3,3,3,3,3,3,3,3,3,3,3,3,3,3,3,3,3,3,3),('LivingCost',651,14,150,161,162,10,210,14,150,14,150,10,162,14,150,14,150,14,150,10,210,10,210,10,210),('Mood',652,1,1,1,1,1,1,1,1,1,1,1,1,1,1,1,1,1,1,1,1,1,1,1,1),('LivingCost',653,14,150,161,162,10,210,14,150,14,150,10,162,14,150,14,150,14,150,10,210,10,210,10,210),('Mood',654,1,1,1,1,1,1,1,1,1,1,1,1,1,1,1,1,1,1,1,1,1,1,1,1),('LivingCost',655,191,192,191,192,191,192,191,192,191,192,191,192,191,192,191,192,191,192,191,192,191,192,191,192),('Mood',656,3,3,3,3,3,3,3,3,3,3,3,3,3,3,3,3,3,3,3,3,3,3,3,3),('LivingCost',657,191,192,191,192,191,192,191,192,191,192,191,192,191,192,191,192,191,192,191,192,191,192,191,192),('Mood',658,3,3,3,3,3,3,3,3,3,3,3,3,3,3,3,3,3,3,3,3,3,3,3,3),('LivingCost',659,30,123,30,127,30,131,30,121,30,120,30,126,30,125,30,122,30,124,30,130,30,129,30,128),('Mood',660,3,3,3,3,3,3,3,3,3,3,3,3,3,3,3,3,3,3,3,3,3,3,3,3),('LivingCost',661,30,123,30,127,30,131,30,121,30,120,30,126,30,125,30,122,30,124,30,130,30,129,30,128),('Mood',662,3,3,3,3,3,3,3,3,3,3,3,3,3,3,3,3,3,3,3,3,3,3,3,3),('LivingCost',663,180,347,180,351,180,355,180,345,180,344,180,350,180,349,180,346,180,348,180,354,180,353,180,352),('Mood',664,1,1,1,1,1,1,1,1,1,1,1,1,1,1,1,1,1,1,1,1,1,1,1,1),('LivingCost',665,20,350,20,532,20,427,20,350,23,427,20,326,20,535,20,350,20,535,20,535,20,656,23,436),('Mood',666,3,3,3,3,3,3,3,3,3,3,3,3,3,3,3,3,3,3,3,3,3,3,3,3),('LivingCost',667,13,440,11,272,13,368,13,144,13,144,10,315,13,280,13,147,13,280,13,472,13,430,11,272),('Mood',668,3,3,3,3,3,3,3,3,3,3,3,3,3,3,3,3,3,3,3,3,3,3,3,3),('LivingCost',669,4,241,4,201,4,373,4,373,4,373,4,238,4,258,4,373,4,241,4,373,4,373,4,339),('Mood',670,3,3,3,3,3,3,3,3,3,3,3,3,3,3,3,3,3,3,3,3,3,3,3,3),('LivingCost',671,1,314,4,259,4,373,4,373,4,373,4,311,1,314,1,373,1,314,4,373,4,373,4,369),('Mood',672,3,3,3,3,3,3,3,3,3,3,3,3,3,3,3,3,3,3,3,3,3,3,3,3),('LivingCost',673,5,246,5,208,5,288,5,246,5,288,5,204,5,307,5,246,5,307,5,324,5,242,5,242),('Mood',674,3,3,3,3,3,3,3,3,3,3,3,3,3,3,3,3,3,3,3,3,3,3,3,3),('LivingCost',675,65,132,43,234,59,160,65,132,59,125,57,130,65,112,65,132,65,119,65,200,49,234,41,192),('Mood',676,3,3,3,3,3,3,3,3,3,3,3,3,3,3,3,3,3,3,3,3,3,3,3,3),('LivingCost',677,21,182,13,417,14,2149,21,172,21,169,13,834,19,169,21,182,21,194,16,204,20,255,16,194),('Mood',678,3,3,3,3,3,3,3,3,3,3,3,3,3,3,3,3,3,3,3,3,3,3,3,3),('LivingCost',679,15,512,11,361,15,466,17,492,17,418,14,361,15,800,20,512,15,800,14,592,14,592,20,2276),('Mood',680,3,3,3,3,3,3,3,3,3,3,3,3,3,3,3,3,3,3,3,3,3,3,3,3),('LivingCost',681,21,182,13,417,14,172,21,172,21,169,13,834,19,169,21,182,19,169,16,204,16,333,16,665),('Mood',682,3,3,3,3,3,3,3,3,3,3,3,3,3,3,3,3,3,3,3,3,3,3,3,3),('LivingCost',683,50,200,70,250,50,200,50,200,50,200,70,250,70,250,50,200,70,250,50,200,50,200,70,250),('Mood',684,2,2,2,2,2,2,2,2,2,2,2,2,2,2,2,2,2,2,2,2,2,2,2,2),('LivingCost',685,50,200,70,350,70,250,50,200,50,200,70,350,70,350,50,200,70,300,70,250,70,250,70,250),('Mood',686,3,3,3,3,3,3,3,3,3,3,3,3,3,3,3,3,3,3,3,3,3,3,3,3),('LivingCost',687,50,200,70,250,50,200,50,200,50,200,70,250,70,250,50,200,70,250,50,200,50,200,70,250),('Mood',688,2,2,2,2,2,2,2,2,2,2,2,2,2,2,2,2,2,2,2,2,2,2,2,2),('LivingCost',689,30,200,30,200,30,200,30,200,30,200,30,200,30,200,30,200,30,200,30,200,30,200,30,200),('Mood',690,2,2,2,2,2,2,2,2,2,2,2,2,2,2,2,2,2,2,2,2,2,2,2,2),('LivingCost',691,100,500,150,600,100,500,100,500,100,500,150,600,150,600,100,500,150,600,100,500,130,600,150,600),('Mood',692,3,3,3,3,2,2,2,2,2,2,3,3,3,3,2,2,3,3,2,2,3,3,3,3),('LivingCost',693,50,200,50,200,50,200,50,200,50,200,50,200,50,200,50,200,50,200,50,200,50,200,50,200),('Mood',694,1,1,1,1,1,1,1,1,1,1,1,1,1,1,1,1,1,1,1,1,1,1,1,1),('LivingCost',695,90,700,90,700,90,700,70,500,70,500,90,700,90,700,90,700,90,700,90,700,90,700,90,700),('Mood',696,3,3,3,3,3,3,3,3,3,3,3,3,3,3,3,3,3,3,3,3,3,3,3,3),('LivingCost',697,70,400,70,400,70,400,70,400,70,400,70,400,70,400,70,400,70,400,70,400,70,400,70,400),('Mood',698,2,2,2,2,2,2,3,3,3,3,2,2,2,2,2,2,2,2,2,2,2,2,2,2),('LivingCost',699,90,300,90,300,90,300,90,300,90,300,90,300,90,300,90,300,90,300,90,300,90,300,90,300),('Mood',700,1,1,1,1,1,1,1,1,1,1,1,1,1,1,1,1,1,1,1,1,1,1,1,1),('LivingCost',701,50,250,50,250,50,250,50,250,50,250,50,250,50,250,50,250,50,250,50,250,50,250,50,250),('Mood',702,2,2,2,2,2,2,2,2,2,2,2,2,2,2,2,2,2,2,2,2,2,2,2,2),('LivingCost',703,50,250,50,250,50,250,50,250,50,250,50,250,50,250,50,250,50,250,50,250,50,250,50,250),('Mood',704,2,2,2,2,2,2,2,2,2,2,2,2,2,2,2,2,2,2,2,2,2,2,2,2),('LivingCost',705,40,180,40,180,40,180,40,180,40,180,40,180,40,180,40,180,40,180,40,180,40,180,40,180),('Mood',706,1,1,1,1,1,1,1,1,1,1,1,1,1,1,1,1,1,1,1,1,1,1,1,1),('LivingCost',707,50,200,50,200,50,200,50,200,50,200,50,200,50,200,50,200,50,200,50,200,50,200,50,200),('Mood',708,1,1,1,1,1,1,1,1,1,1,1,1,1,1,1,1,1,1,1,1,1,1,1,1),('LivingCost',709,40,250,40,250,40,250,40,250,40,250,40,250,40,250,40,250,40,250,40,250,40,250,40,250),('Mood',710,1,1,1,1,1,1,1,1,1,1,1,1,1,1,1,1,1,1,1,1,1,1,1,1),('LivingCost',711,60,250,60,250,60,250,60,250,60,250,60,250,60,250,60,250,60,250,60,250,60,250,60,250),('Mood',712,1,1,1,1,1,1,1,1,1,1,1,1,1,1,1,1,1,1,1,1,1,1,1,1),('LivingCost',713,60,250,60,250,60,250,60,250,60,250,60,250,60,250,60,250,60,250,60,250,60,250,60,250),('Mood',714,1,1,1,1,1,1,1,1,1,1,1,1,1,1,1,1,1,1,1,1,1,1,1,1),('LivingCost',715,50,300,50,300,50,300,50,300,50,300,50,300,50,300,50,300,50,300,50,300,50,300,50,300),('Mood',716,1,1,1,1,1,1,1,1,1,1,1,1,1,1,1,1,1,1,1,1,1,1,1,1),('LivingCost',717,70,200,70,200,70,200,70,200,70,200,70,200,70,200,70,200,70,200,70,200,70,200,70,200),('Mood',718,2,2,2,2,2,2,2,2,2,2,2,2,2,2,2,2,2,2,2,2,2,2,2,2),('LivingCost',719,60,200,60,200,60,200,60,200,60,200,60,200,60,200,60,200,60,200,60,200,60,200,60,200),('Mood',720,1,1,1,1,1,1,1,1,1,1,1,1,1,1,1,1,1,1,1,1,1,1,1,1),('LivingCost',721,80,400,80,400,80,1000,80,900,80,900,80,400,80,400,80,700,80,400,80,500,80,400,80,400),('Mood',722,2,2,2,2,2,2,2,2,2,2,2,2,2,2,2,2,2,2,2,2,2,2,2,2),('LivingCost',723,50,150,50,150,50,150,50,150,50,150,50,150,50,150,50,150,50,150,50,150,50,150,50,150),('Mood',724,2,2,2,2,2,2,2,2,2,2,2,2,2,2,2,2,2,2,2,2,2,2,2,2),('LivingCost',725,60,300,60,600,60,400,60,300,60,300,60,600,60,600,60,300,60,600,60,400,60,600,60,600),('Mood',726,2,2,2,2,2,2,2,2,2,2,2,2,2,2,2,2,2,2,2,2,2,2,2,2),('LivingCost',727,70,300,70,300,70,500,70,500,70,500,70,300,70,300,70,300,70,300,70,400,70,300,70,300),('Mood',728,1,1,1,1,1,1,1,1,1,1,1,1,1,1,1,1,1,1,1,1,1,1,1,1),('LivingCost',729,40,300,40,300,40,300,40,300,40,300,40,300,40,300,40,300,40,300,40,300,40,300,40,300),('Mood',730,1,1,1,1,1,1,1,1,1,1,1,1,1,1,1,1,1,1,1,1,1,1,1,1),('LivingCost',731,100,300,100,300,100,300,100,300,100,300,100,300,100,300,100,300,100,300,100,300,100,300,100,300),('Mood',732,1,1,1,1,1,1,1,1,1,1,1,1,1,1,1,1,1,1,1,1,1,1,1,1),('LivingCost',733,80,230,80,230,80,230,80,230,80,230,80,230,80,230,80,230,80,230,80,230,80,230,80,230),('Mood',734,1,1,1,1,1,1,1,1,1,1,1,1,1,1,1,1,1,1,1,1,1,1,1,1),('LivingCost',735,70,300,70,350,70,300,70,300,70,300,70,350,70,350,70,300,70,300,70,300,70,300,70,350),('Mood',736,2,2,3,3,2,2,2,2,2,2,3,3,3,3,2,2,3,3,2,2,3,3,3,3),('LivingCost',737,100,1000,100,1000,100,900,100,900,100,900,100,1000,100,1000,100,1000,100,1000,100,900,100,1000,100,1000),('Mood',738,2,2,2,2,2,2,2,2,2,2,2,2,2,2,2,2,2,2,2,2,2,2,2,2),('LivingCost',739,100,200,100,200,100,200,100,200,100,200,100,200,100,200,100,200,100,200,100,200,100,200,100,200),('Mood',740,1,1,1,1,1,1,1,1,1,1,1,1,1,1,1,1,1,1,1,1,1,1,1,1),('LivingCost',741,40,150,40,150,40,150,40,150,40,150,40,150,40,150,40,150,40,150,40,150,40,150,40,150),('Mood',742,1,1,1,1,1,1,1,1,1,1,1,1,1,1,1,1,1,1,1,1,1,1,1,1),('LivingCost',743,40,200,40,250,40,250,40,200,40,200,40,250,40,250,40,200,40,250,40,250,40,250,40,250),('Mood',744,3,3,3,3,3,3,3,3,3,3,3,3,3,3,3,3,3,3,3,3,3,3,3,3),('LivingCost',745,100,1000,100,1500,100,1000,100,1000,100,1000,100,1500,100,1500,100,1000,100,1500,100,1000,100,1000,100,1500),('Mood',746,3,3,3,3,3,3,3,3,3,3,3,3,3,3,3,3,3,3,3,3,3,3,3,3),('LivingCost',747,60,300,60,400,60,300,60,300,60,300,60,400,60,400,60,300,60,400,60,300,60,300,60,400),('Mood',748,3,3,3,3,3,3,3,3,3,3,3,3,3,3,3,3,3,3,3,3,3,3,3,3),('LivingCost',749,100,500,100,500,100,500,100,500,100,500,100,500,100,500,100,500,100,500,100,500,100,500,100,500),('Mood',750,3,3,3,3,3,3,3,3,3,3,3,3,3,3,3,3,3,3,3,3,3,3,3,3),('LivingCost',751,90,300,90,300,90,300,90,300,90,300,90,300,90,300,90,300,90,300,90,300,90,300,90,300),('Mood',752,2,2,2,2,2,2,2,2,2,2,2,2,2,2,2,2,2,2,2,2,2,2,2,2),('LivingCost',753,70,350,70,350,70,350,70,350,70,350,70,350,70,350,70,350,70,350,70,350,70,350,70,350),('Mood',754,2,2,2,2,2,2,2,2,2,2,2,2,2,2,2,2,2,2,2,2,2,2,2,2),('LivingCost',755,120,700,120,800,120,700,120,700,120,700,120,800,120,800,120,700,120,800,120,700,120,800,120,800),('Mood',756,3,3,3,3,3,3,3,3,3,3,3,3,3,3,3,3,3,3,3,3,3,3,3,3),('LivingCost',757,80,230,80,230,80,230,80,230,80,230,80,230,80,230,80,230,80,230,80,230,80,230,80,230),('Mood',758,1,1,1,1,1,1,1,1,1,1,1,1,1,1,1,1,1,1,1,1,1,1,1,1),('LivingCost',759,70,300,70,300,70,300,70,300,70,300,70,300,70,300,70,300,70,300,70,300,70,300,70,300),('Mood',760,1,1,2,2,2,2,1,1,1,1,2,2,2,2,1,1,2,2,2,2,2,2,2,2),('LivingCost',761,70,150,70,150,70,150,70,150,70,150,70,150,70,150,70,150,70,150,70,150,70,150,70,150),('Mood',762,1,1,1,1,1,1,1,1,1,1,1,1,1,1,1,1,1,1,1,1,1,1,1,1),('LivingCost',763,50,350,50,350,50,350,50,350,50,350,50,350,50,350,50,350,50,350,50,350,50,350,50,350),('Mood',764,2,2,2,2,1,1,1,1,1,1,2,2,2,2,1,1,2,2,1,1,2,2,2,2),('LivingCost',765,40,250,50,350,40,250,40,250,40,250,50,350,50,350,40,250,50,350,40,250,40,250,50,350),('Mood',766,1,1,3,3,1,1,1,1,1,1,3,3,3,3,1,1,3,3,1,1,2,2,3,3),('LivingCost',767,90,300,90,300,90,300,90,300,90,300,90,300,90,300,90,300,90,300,90,300,90,300,90,300),('Mood',768,1,1,2,2,1,1,1,1,1,1,2,2,2,2,1,1,2,2,1,1,2,2,2,2),('LivingCost',769,50,400,50,400,50,400,50,400,50,400,50,400,50,400,50,400,50,400,50,400,50,400,50,400),('Mood',770,3,3,3,3,3,3,3,3,3,3,3,3,3,3,3,3,3,3,3,3,3,3,3,3),('LivingCost',771,100,700,100,700,100,900,100,700,100,800,100,700,100,700,100,700,100,700,100,700,100,700,100,700),('Mood',772,3,3,3,3,3,3,3,3,3,3,3,3,3,3,3,3,3,3,3,3,3,3,3,3),('LivingCost',773,70,200,70,200,70,200,70,200,70,200,70,200,70,200,70,200,70,200,70,200,70,200,70,200),('Mood',774,1,1,1,1,1,1,1,1,1,1,1,1,1,1,1,1,1,1,1,1,1,1,1,1),('LivingCost',775,100,400,100,500,100,400,100,400,100,400,100,500,100,500,100,400,100,500,100,400,100,500,100,500),('Mood',776,3,3,3,3,3,3,3,3,3,3,3,3,3,3,3,3,3,3,3,3,3,3,3,3),('LivingCost',777,100,200,100,250,100,200,100,200,100,200,100,250,100,250,100,200,100,250,100,200,100,200,100,250),('Mood',778,3,3,3,3,2,2,1,1,1,1,3,3,3,3,1,1,3,3,2,2,3,3,3,3),('LivingCost',779,150,500,150,600,150,500,150,500,150,500,150,600,150,600,150,500,150,600,150,500,150,600,150,600),('Mood',780,3,3,3,3,3,3,3,3,3,3,3,3,3,3,3,3,3,3,3,3,3,3,3,3),('LivingCost',781,150,500,150,500,250,1000,250,1000,250,1000,150,500,150,500,250,600,150,500,250,1000,150,500,150,500),('Mood',782,3,3,3,3,3,3,3,3,3,3,3,3,3,3,3,3,3,3,3,3,3,3,3,3),('LivingCost',783,70,200,70,250,70,200,70,200,70,200,70,250,70,250,70,200,70,250,70,200,70,200,70,250),('Mood',784,2,2,2,2,1,1,1,1,1,1,2,2,2,2,1,1,2,2,1,1,2,2,2,2),('LivingCost',785,70,300,70,300,70,300,70,300,70,300,70,300,70,300,70,300,70,300,70,300,70,300,70,300),('Mood',786,1,1,1,1,1,1,1,1,1,1,1,1,1,1,1,1,1,1,1,1,1,1,1,1),('LivingCost',787,70,300,70,300,70,300,70,300,70,300,70,300,70,300,70,300,70,300,70,300,70,300,70,300),('Mood',788,2,2,3,3,2,2,2,2,2,2,3,3,3,3,2,2,3,3,2,2,2,2,2,2),('LivingCost',789,100,400,100,400,100,400,100,400,100,400,100,400,100,400,100,400,100,400,100,400,100,400,100,400),('Mood',790,1,1,2,2,1,1,1,1,1,1,2,2,2,2,1,1,2,2,1,1,1,1,2,2),('LivingCost',791,100,200,100,250,100,200,100,200,100,200,100,250,100,250,100,200,100,250,100,200,100,200,100,250),('Mood',792,2,2,2,2,1,1,1,1,1,1,2,2,2,2,1,1,2,2,1,1,1,1,2,2),('LivingCost',793,70,300,70,400,70,300,70,300,70,300,70,400,70,400,70,300,70,400,70,300,70,300,70,400),('Mood',794,1,1,3,3,1,1,1,1,1,1,3,3,3,3,1,1,3,3,1,1,2,2,3,3),('LivingCost',795,60,300,60,300,60,300,60,300,60,300,60,300,60,300,60,300,60,300,60,300,60,300,60,300),('Mood',796,1,1,1,1,1,1,1,1,1,1,1,1,1,1,1,1,1,1,1,1,1,1,1,1),('LivingCost',797,70,200,100,250,70,200,70,200,70,200,100,250,100,250,70,200,100,250,70,200,70,200,100,250),('Mood',798,2,2,2,2,2,2,2,2,2,2,2,2,2,2,2,2,2,2,2,2,2,2,2,2),('LivingCost',799,50,150,100,300,50,150,50,150,50,150,100,300,100,300,50,150,100,300,50,150,50,150,100,300),('Mood',800,1,1,1,1,1,1,1,1,1,1,1,1,1,1,1,1,1,1,1,1,1,1,1,1),('LivingCost',801,50,150,100,300,50,150,50,150,50,150,100,300,100,300,50,150,100,300,50,150,50,150,100,300),('Mood',802,1,1,1,1,1,1,1,1,1,1,1,1,1,1,1,1,1,1,1,1,1,1,1,1),('LivingCost',803,90,1000,90,1000,90,1000,90,1000,90,1000,90,1000,90,1000,90,1000,90,1000,90,1000,90,1000,90,1000),('Mood',804,3,3,3,3,3,3,3,3,3,3,3,3,3,3,3,3,3,3,3,3,3,3,3,3),('LivingCost',805,100,300,100,300,100,300,100,300,100,300,100,300,100,300,100,300,100,300,100,300,100,300,100,300),('Mood',806,1,1,1,1,1,1,1,1,1,1,1,1,1,1,1,1,1,1,1,1,1,1,1,1),('LivingCost',807,80,400,80,400,80,400,80,400,80,400,80,400,80,400,80,400,80,400,80,400,80,400,80,400),('Mood',808,3,3,3,3,3,3,3,3,3,3,3,3,3,3,3,3,3,3,3,3,3,3,3,3),('LivingCost',809,50,200,80,300,50,250,50,200,50,200,80,300,80,300,50,200,80,300,50,250,50,250,80,300),('Mood',810,2,2,2,2,2,2,2,2,2,2,2,2,2,2,2,2,2,2,2,2,2,2,2,2),('LivingCost',811,100,300,100,300,100,400,100,400,100,400,100,300,100,300,100,400,100,300,100,400,100,300,100,300),('Mood',812,2,2,2,2,2,2,2,2,2,2,2,2,2,2,2,2,2,2,2,2,2,2,2,2),('LivingCost',813,80,300,80,300,80,300,80,300,80,300,80,300,80,300,80,300,80,300,80,300,80,300,80,300),('Mood',814,2,2,2,2,2,2,2,2,2,2,2,2,2,2,2,2,2,2,2,2,2,2,2,2),('LivingCost',815,100,500,100,500,100,500,100,500,100,500,100,500,100,500,100,500,100,500,100,500,100,500,100,500),('Mood',816,3,3,3,3,3,3,3,3,3,3,3,3,3,3,3,3,3,3,3,3,3,3,3,3),('LivingCost',817,80,300,80,300,80,300,80,300,80,300,80,300,80,300,80,300,80,300,80,300,80,300,80,300),('Mood',818,2,2,2,2,2,2,2,2,2,2,2,2,2,2,2,2,2,2,2,2,2,2,2,2),('LivingCost',819,80,800,80,800,80,800,80,800,80,800,80,800,80,800,80,800,80,800,80,800,80,800,80,800),('Mood',820,2,2,2,2,2,2,2,2,2,2,2,2,2,2,2,2,2,2,2,2,2,2,2,2),('LivingCost',821,50,150,50,150,50,150,50,150,50,150,50,150,50,150,50,150,50,150,50,150,50,150,50,150),('Mood',822,1,1,1,1,1,1,1,1,1,1,1,1,1,1,1,1,1,1,1,1,1,1,1,1),('Temperature',823,10,10,19,19,1,1,0,0,0,0,20,20,17,17,5,5,15,15,4,4,10,10,16,16),('Temperature',824,7,7,15,15,0,0,0,0,-2,-2,16,16,13,13,3,3,11,11,2,2,9,9,13,13),('Temperature',825,1,1,11,11,-1,-1,-4,-4,-3,-3,11,11,8,8,-1,-1,6,6,0,0,6,6,8,8),('Temperature',826,10,10,19,19,1,1,0,0,0,0,20,20,17,17,5,5,15,15,4,4,10,10,16,16),('Temperature',827,1,1,11,11,-1,-1,-4,-4,-3,-3,11,11,8,8,-1,-1,6,6,0,0,6,6,8,8),('Temperature',828,1,1,11,11,-1,-1,-4,-4,-3,-3,11,11,8,8,-1,-1,6,6,0,0,6,6,8,8),('Temperature',829,1,1,11,11,-1,-1,-4,-4,-3,-3,11,11,8,8,-1,-1,6,6,0,0,6,6,8,8),('Temperature',830,9,9,18,18,2,2,0,0,0,0,19,19,16,16,5,5,13,13,4,4,11,11,15,15),('Temperature',831,10,10,20,20,2,2,3,3,2,2,20,20,18,18,6,6,15,15,4,4,10,10,16,16),('Temperature',832,9,9,18,18,2,2,3,3,3,3,19,19,18,18,4,4,14,14,4,4,10,10,15,15),('Temperature',833,8,8,17,17,0,0,0,0,-1,-1,18,18,15,15,4,4,13,13,3,3,10,10,14,14),('Temperature',834,9,9,18,18,3,3,4,4,3,3,18,18,16,16,5,5,14,14,4,4,10,10,15,15),('Temperature',835,12,12,22,22,1,1,3,3,0,0,22,22,19,19,8,8,16,16,5,5,12,12,18,18),('Temperature',836,10,10,18,18,3,3,4,4,4,4,19,19,17,17,6,6,14,14,4,4,9,9,15,15),('Temperature',837,8,8,17,17,0,0,0,0,-1,-1,18,18,15,15,4,4,13,13,3,3,10,10,14,14),('Temperature',838,8,8,17,17,0,0,0,0,-1,-1,18,18,15,15,4,4,13,13,3,3,10,10,14,14),('Temperature',839,8,8,18,18,3,3,4,4,3,3,19,19,17,17,5,5,14,14,3,3,9,9,14,14),('Temperature',840,7,7,17,17,0,0,-1,-1,-1,-1,17,17,15,15,3,3,12,12,2,2,9,9,14,14),('Temperature',841,8,8,17,17,0,0,0,0,-1,-1,18,18,15,15,4,4,13,13,3,3,10,10,14,14),('Temperature',842,8,8,17,17,0,0,0,0,-1,-1,18,18,15,15,4,4,13,13,3,3,10,10,14,14),('Temperature',843,8,8,18,18,2,2,3,3,2,2,18,18,16,16,5,5,13,13,3,3,9,9,14,14),('Temperature',844,7,7,15,15,0,0,0,0,-2,-2,16,16,13,13,3,3,11,11,2,2,9,9,13,13),('Temperature',845,8,8,18,18,0,0,0,0,-1,-1,18,18,16,16,3,3,13,13,3,3,9,9,14,14),('Temperature',846,1,1,11,11,-1,-1,-4,-4,-3,-3,11,11,8,8,-1,-1,6,6,0,0,6,6,8,8),('Temperature',847,12,12,22,22,1,1,3,3,0,0,22,22,19,19,8,8,16,16,5,5,12,12,18,18),('Temperature',848,8,8,18,18,0,0,0,0,-1,-1,18,18,16,16,3,3,13,13,3,3,9,9,14,14),('Temperature',849,1,1,11,11,-1,-1,-4,-4,-3,-3,11,11,8,8,-1,-1,6,6,0,0,6,6,8,8),('Temperature',850,7,7,15,15,0,0,0,0,-2,-2,16,16,13,13,3,3,11,11,2,2,9,9,13,13),('Temperature',851,8,8,17,17,0,0,0,0,-1,-1,18,18,15,15,4,4,13,13,3,3,10,10,14,14),('Temperature',852,13,13,26,26,9,9,8,8,8,8,26,26,24,24,10,10,18,18,12,12,15,15,22,22),('Temperature',853,15,15,26,26,10,10,9,9,8,8,26,26,24,24,12,12,20,20,14,14,19,19,23,23),('Temperature',854,9,9,22,22,3,3,4,4,3,3,21,21,18,18,4,4,14,14,6,6,12,12,16,16),('Temperature',855,14,14,24,24,11,11,9,9,9,9,24,24,22,22,11,11,18,18,14,14,17,17,21,21),('Temperature',856,14,14,26,26,10,10,9,9,9,9,26,26,24,24,11,11,19,19,12,12,16,16,23,23),('Temperature',857,14,14,25,25,8,8,8,8,7,7,25,25,22,22,10,10,18,18,12,12,17,17,21,21),('Temperature',858,13,13,25,25,7,7,5,5,5,5,25,25,22,22,9,9,18,18,11,11,16,16,21,21),('Temperature',859,-5,-5,4,4,-9,-9,-11,-11,-11,-11,3,3,2,2,-9,-9,0,0,-6,-6,-1,-1,1,1),('Temperature',860,4,4,11,11,3,3,4,4,3,3,12,12,8,8,4,4,4,4,4,4,5,5,9,9),('Temperature',861,8,8,18,18,3,3,4,4,4,4,19,19,18,18,3,3,14,14,2,2,7,7,13,13),('Temperature',862,7,7,17,17,3,3,4,4,4,4,18,18,16,16,3,3,13,13,2,2,6,6,12,12),('Temperature',863,6,6,16,16,-4,-4,-6,-6,-6,-6,17,17,15,15,-1,-1,13,13,0,0,6,6,11,11),('Temperature',864,8,8,17,17,4,4,2,2,3,3,17,17,15,15,6,6,12,12,6,6,11,11,14,14),('Temperature',865,8,8,18,18,5,5,3,3,3,3,17,17,15,15,5,5,12,12,8,8,12,12,15,15),('Temperature',866,9,9,17,17,3,3,3,3,2,2,17,17,16,16,5,5,13,13,6,6,10,10,15,15),('Temperature',867,9,9,21,21,4,4,1,1,1,1,21,21,19,19,4,4,14,14,6,6,13,13,18,18),('Temperature',868,5,5,15,15,3,3,4,4,4,4,15,15,13,13,4,4,9,9,3,3,7,7,11,11),('Temperature',869,10,10,22,22,4,4,3,3,3,3,22,22,20,20,6,6,15,15,9,9,14,14,19,19),('Temperature',870,12,12,22,22,3,3,4,4,3,3,23,23,21,21,6,6,17,17,7,7,13,13,18,18),('Temperature',871,9,9,19,19,3,3,4,4,3,3,19,19,17,17,5,5,14,14,5,5,11,11,15,15),('Temperature',872,7,7,14,14,5,5,4,4,4,4,15,15,13,13,6,6,10,10,6,6,9,9,12,12),('Temperature',873,9,9,17,17,7,7,5,5,5,5,18,18,15,15,7,7,12,12,8,8,12,12,15,15),('Temperature',874,8,8,15,15,4,4,4,4,4,4,15,15,13,13,6,6,11,11,6,6,9,9,12,12),('Temperature',875,8,8,16,16,4,4,4,4,3,3,16,16,14,14,6,6,11,11,7,7,10,10,14,14),('Temperature',876,9,9,17,17,5,5,4,4,4,4,16,16,15,15,6,6,12,12,7,7,11,11,14,14),('Temperature',877,7,7,15,15,3,3,3,3,3,3,15,15,13,13,5,5,10,10,5,5,9,9,13,13),('Temperature',878,9,9,18,18,5,5,5,5,5,5,18,18,16,16,7,7,13,13,8,8,12,12,15,15),('Temperature',879,8,8,16,16,4,4,4,4,4,4,16,16,14,14,6,6,11,11,6,6,10,10,13,13),('Temperature',880,8,8,16,16,4,4,4,4,4,4,16,16,15,15,6,6,11,11,6,6,10,10,14,14),('Temperature',881,8,8,15,15,4,4,4,4,3,3,15,15,13,13,6,6,10,10,6,6,9,9,12,12),('Temperature',882,11,11,20,20,2,2,3,3,2,2,20,20,19,19,5,5,16,16,5,5,11,11,16,16),('Temperature',883,11,11,19,19,2,2,3,3,3,3,20,20,19,19,5,5,15,15,4,4,10,10,16,16),('Temperature',884,5,5,15,15,-2,-2,-3,-3,-3,-3,15,15,13,13,0,0,11,11,0,0,7,7,12,12),('Temperature',885,8,8,18,18,2,2,2,2,2,2,19,19,17,17,4,4,13,13,4,4,9,9,14,14),('Temperature',886,7,7,16,16,2,2,1,1,1,1,17,17,14,14,4,4,12,12,5,5,10,10,13,13),('Temperature',887,7,7,17,17,2,2,2,2,2,2,17,17,15,15,4,4,12,12,4,4,9,9,13,13),('Temperature',888,7,7,17,17,2,2,3,3,2,2,17,17,15,15,4,4,12,12,5,5,9,9,14,14),('Temperature',889,7,7,15,15,0,0,0,0,-2,-2,16,16,13,13,3,3,11,11,2,2,9,9,13,13),('Temperature',890,7,7,17,17,1,1,2,2,1,1,17,17,16,16,4,4,12,12,4,4,9,9,14,14),('Temperature',891,8,8,17,17,3,3,2,2,2,2,17,17,16,16,5,5,13,13,5,5,11,11,14,14),('Temperature',892,8,8,18,18,3,3,3,3,2,2,18,18,16,16,6,6,13,13,5,5,10,10,14,14),('Temperature',893,8,8,17,17,2,2,3,3,3,3,17,17,15,15,4,4,12,12,3,3,9,9,14,14),('Temperature',894,9,9,19,19,2,2,3,3,2,2,19,19,17,17,6,6,13,13,4,4,10,10,15,15),('Temperature',895,7,7,17,17,3,3,3,3,3,3,18,18,15,15,4,4,12,12,4,4,9,9,13,13),('Temperature',896,14,14,27,27,12,12,9,9,10,10,27,27,25,25,11,11,19,19,15,15,20,20,24,24),('Temperature',897,16,16,25,25,13,13,12,12,12,12,25,25,23,23,13,13,19,19,16,16,19,19,22,22),('Temperature',898,14,14,24,24,11,11,10,10,9,9,24,24,22,22,11,11,18,18,13,13,18,18,22,22),('Temperature',899,15,15,24,24,13,13,11,11,12,12,24,24,22,22,12,12,18,18,15,15,19,19,22,22),('Temperature',900,16,16,26,26,13,13,11,11,11,11,26,26,24,24,13,13,20,20,16,16,20,20,24,24),('Temperature',901,13,13,24,24,7,7,6,6,5,5,25,25,22,22,9,9,18,18,11,11,16,16,21,21),('Temperature',902,18,18,27,27,14,14,14,14,13,13,26,26,25,25,15,15,21,21,18,18,22,22,26,26),('Temperature',903,5,5,16,16,2,2,2,2,1,1,16,16,15,15,2,2,11,11,4,4,9,9,13,13),('Temperature',904,6,6,15,15,2,2,2,2,2,2,16,16,14,14,3,3,10,10,4,4,9,9,12,12),('Temperature',905,6,6,16,16,2,2,0,0,0,0,16,16,14,14,3,3,11,11,5,5,9,9,13,13),('Temperature',906,5,5,16,16,2,2,0,0,0,0,16,16,14,14,2,2,10,10,5,5,10,10,13,13),('Temperature',907,6,6,15,15,1,1,0,0,0,0,16,16,13,13,2,2,11,11,4,4,9,9,12,12),('Temperature',908,5,5,16,16,1,1,0,0,0,0,17,17,15,15,1,1,11,11,4,4,8,8,13,13),('Temperature',909,9,9,15,15,6,6,6,6,5,5,15,15,13,13,7,7,11,11,8,8,10,10,13,13),('Temperature',910,9,9,16,16,6,6,6,6,6,6,16,16,14,14,7,7,12,12,8,8,11,11,14,14),('Temperature',911,8,8,15,15,5,5,5,5,4,4,15,15,13,13,6,6,11,11,7,7,10,10,13,13),('Temperature',912,9,9,16,16,6,6,6,6,6,6,16,16,14,14,7,7,12,12,8,8,11,11,14,14),('Temperature',913,3,3,10,10,3,3,3,3,3,3,11,11,9,9,3,3,5,5,2,2,3,3,6,6),('Temperature',914,3,3,10,10,2,2,2,2,2,2,10,10,9,9,2,2,6,6,2,2,4,4,7,7),('Temperature',915,4,4,13,13,1,1,1,1,0,0,13,13,12,12,2,2,9,9,4,4,8,8,10,10),('Temperature',916,13,13,23,23,10,10,9,9,8,8,23,23,19,19,11,11,16,16,12,12,17,17,21,21),('Temperature',917,11,11,20,20,10,10,9,9,8,8,20,20,17,17,10,10,15,15,12,12,15,15,18,18),('Temperature',918,15,15,25,25,12,12,12,12,11,11,24,24,22,22,13,13,18,18,14,14,19,19,23,23),('Temperature',919,12,12,25,25,7,7,8,8,6,6,25,25,21,21,10,10,16,16,10,10,15,15,21,21),('Temperature',920,14,14,25,25,13,13,12,12,11,11,25,25,21,21,13,13,18,18,15,15,19,19,23,23),('Temperature',921,14,14,24,24,10,10,10,10,9,9,24,24,21,21,11,11,17,17,13,13,17,17,21,21),('Temperature',922,12,12,24,24,6,6,7,7,6,6,24,24,21,21,10,10,16,16,9,9,14,14,20,20),('Temperature',923,15,15,25,25,13,13,12,12,11,11,25,25,22,22,13,13,18,18,15,15,19,19,23,23),('Temperature',924,19,19,25,25,19,19,18,18,17,17,24,24,22,22,18,18,20,20,21,21,23,23,24,24),('Temperature',925,16,16,27,27,11,11,12,12,10,10,27,27,23,23,14,14,19,19,14,14,19,19,24,24),('Temperature',926,11,11,22,22,7,7,7,7,6,6,22,22,19,19,10,10,15,15,10,10,15,15,19,19),('Temperature',927,12,12,23,23,3,3,4,4,3,3,24,24,21,21,8,8,17,17,7,7,14,14,20,20),('Temperature',928,12,12,22,22,3,3,4,4,3,3,22,22,20,20,7,7,16,16,7,7,13,13,18,18),('Temperature',929,12,12,22,22,3,3,4,4,3,3,23,23,20,20,8,8,16,16,7,7,13,13,19,19),('Temperature',930,13,13,24,24,9,9,9,9,8,8,24,24,20,20,11,11,17,17,12,12,16,16,21,21),('Temperature',931,13,13,23,23,11,11,9,9,9,9,23,23,20,20,10,10,16,16,14,14,17,17,21,21),('Temperature',932,13,13,25,25,11,11,10,10,9,9,24,24,21,21,11,11,17,17,13,13,18,18,22,22),('Temperature',933,14,14,24,24,11,11,10,10,10,10,24,24,21,21,11,11,17,17,14,14,18,18,22,22),('Temperature',934,12,12,22,22,3,3,4,4,3,3,23,23,20,20,8,8,16,16,6,6,13,13,18,18),('Temperature',935,13,13,23,23,9,9,8,8,8,8,23,23,20,20,10,10,17,17,12,12,16,16,20,20),('Temperature',936,15,15,26,26,13,13,12,12,11,11,25,25,22,22,13,13,18,18,16,16,20,20,24,24),('Temperature',937,12,12,22,22,7,7,7,7,6,6,22,22,19,19,9,9,16,16,10,10,15,15,20,20),('Temperature',938,12,12,24,24,8,8,8,8,7,7,24,24,21,21,10,10,17,17,11,11,16,16,20,20),('Temperature',939,12,12,22,22,4,4,5,5,2,2,23,23,20,20,8,8,16,16,9,9,14,14,19,19),('Temperature',940,13,13,23,23,6,6,7,7,5,5,24,24,21,21,9,9,17,17,10,10,15,15,20,20),('Temperature',941,17,17,28,28,14,14,13,13,12,12,27,27,25,25,14,14,21,21,18,18,22,22,26,26),('Temperature',942,17,17,27,27,13,13,11,11,12,12,27,27,25,25,13,13,21,21,17,17,22,22,25,25),('Temperature',943,18,18,28,28,14,14,13,13,13,13,27,27,25,25,15,15,21,21,18,18,23,23,25,25),('Temperature',944,17,17,29,29,12,12,10,10,10,10,29,29,26,26,13,13,22,22,16,16,22,22,26,26),('Temperature',945,16,16,28,28,11,11,10,10,9,9,28,28,25,25,12,12,21,21,16,16,21,21,25,25),('Temperature',946,16,16,28,28,11,11,10,10,9,9,28,28,25,25,12,12,21,21,16,16,21,21,25,25),('Temperature',947,5,5,16,16,3,3,6,6,6,6,17,17,15,15,4,4,12,12,2,2,6,6,11,11),('Temperature',948,4,4,16,16,-2,-2,-4,-4,-5,-5,17,17,16,16,-1,-1,11,11,0,0,6,6,12,12),('Temperature',949,5,5,16,16,2,2,2,2,1,1,16,16,14,14,2,2,10,10,3,3,8,8,12,12),('Temperature',950,5,5,16,16,2,2,4,4,5,5,17,17,15,15,3,3,11,11,2,2,7,7,12,12),('Temperature',951,4,4,16,16,-2,-2,-4,-4,-5,-5,17,17,16,16,-1,-1,11,11,0,0,6,6,12,12),('Temperature',952,6,6,16,16,2,2,4,4,6,6,17,17,15,15,3,3,12,12,2,2,6,6,12,12),('Temperature',953,6,6,16,16,2,2,4,4,5,5,17,17,15,15,3,3,12,12,2,2,7,7,12,12),('Temperature',954,5,5,16,16,2,2,2,2,2,2,16,16,14,14,2,2,10,10,3,3,8,8,13,13),('Temperature',955,5,5,16,16,0,0,-2,-2,-1,-1,16,16,13,13,1,1,11,11,3,3,9,9,13,13),('Temperature',956,9,9,18,18,2,2,0,0,0,0,19,19,16,16,5,5,13,13,4,4,11,11,15,15),('Temperature',957,8,8,17,17,3,3,3,3,3,3,17,17,15,15,5,5,13,13,4,4,10,10,14,14),('Temperature',958,9,9,18,18,2,2,0,0,0,0,19,19,16,16,5,5,13,13,4,4,11,11,15,15),('Temperature',959,9,9,18,18,2,2,0,0,0,0,19,19,16,16,5,5,13,13,4,4,11,11,15,15),('Temperature',960,8,8,17,17,2,2,0,0,0,0,17,17,15,15,5,5,12,12,4,4,10,10,14,14),('Temperature',961,8,8,17,17,2,2,0,0,0,0,17,17,15,15,5,5,12,12,4,4,10,10,14,14),('Temperature',962,8,8,17,17,2,2,0,0,0,0,17,17,15,15,5,5,12,12,4,4,10,10,14,14),('Temperature',963,8,8,17,17,2,2,0,0,0,0,17,17,15,15,5,5,12,12,4,4,10,10,14,14),('Temperature',964,12,12,23,23,3,3,5,5,4,4,23,23,21,21,7,7,17,17,6,6,13,13,19,19),('Temperature',965,15,15,26,26,13,13,12,12,12,12,25,25,22,22,13,13,18,18,16,16,20,20,23,23),('Temperature',966,15,15,26,26,14,14,12,12,12,12,25,25,22,22,13,13,18,18,17,17,21,21,24,24),('Temperature',967,15,15,26,26,14,14,12,12,12,12,25,25,22,22,13,13,18,18,17,17,21,21,24,24),('Temperature',968,15,15,26,26,14,14,12,12,12,12,25,25,22,22,13,13,18,18,17,17,21,21,24,24),('Temperature',969,10,10,22,22,2,2,3,3,2,2,22,22,20,20,4,4,16,16,4,4,10,10,16,16),('Temperature',970,10,10,21,21,3,3,3,3,3,3,21,21,19,19,4,4,16,16,4,4,10,10,16,16),('Temperature',971,12,12,22,22,8,8,8,8,7,7,22,22,20,20,10,10,16,16,11,11,16,16,20,20),('Temperature',972,13,13,22,22,9,9,9,9,8,8,22,22,19,19,10,10,16,16,12,12,17,17,20,20),('Temperature',973,9,9,17,17,3,3,3,3,3,3,17,17,15,15,6,6,12,12,6,6,11,11,14,14),('Temperature',974,8,8,17,17,4,4,2,2,2,2,17,17,14,14,5,5,12,12,7,7,11,11,14,14),('Temperature',975,8,8,17,17,4,4,2,2,2,2,17,17,14,14,5,5,12,12,7,7,11,11,14,14),('Temperature',976,8,8,17,17,2,2,3,3,2,2,17,17,15,15,5,5,12,12,6,6,11,11,14,14),('Temperature',977,8,8,17,17,4,4,2,2,3,3,17,17,15,15,6,6,12,12,6,6,11,11,14,14),('Temperature',978,9,9,17,17,3,3,3,3,2,2,17,17,15,15,6,6,12,12,6,6,10,10,14,14),('Temperature',979,9,9,22,22,1,1,-1,-1,-1,-1,22,22,19,19,3,3,14,14,6,6,12,12,19,19),('Temperature',980,8,8,15,15,2,2,2,2,2,2,15,15,13,13,6,6,11,11,4,4,8,8,12,12),('Temperature',981,5,5,17,17,2,2,3,3,4,4,19,19,17,17,4,4,12,12,2,2,6,6,12,12),('Temperature',982,3,3,11,11,8,8,8,8,8,8,13,13,10,10,5,5,6,6,3,3,2,2,7,7),('Temperature',983,6,6,15,15,3,3,2,2,2,2,15,15,12,12,2,2,10,10,5,5,9,9,12,12),('Temperature',984,2,2,10,10,3,3,4,4,4,4,12,12,9,9,2,2,4,4,1,1,2,2,6,6),('Temperature',985,4,4,13,13,3,3,3,3,3,3,14,14,13,13,3,3,9,9,2,2,6,6,10,10),('Temperature',986,8,8,18,18,2,2,3,3,3,3,19,19,17,17,3,3,14,14,2,2,8,8,14,14),('Temperature',987,8,8,16,16,1,1,2,2,2,2,17,17,15,15,3,3,13,13,4,4,9,9,13,13),('Temperature',988,9,9,19,19,2,2,3,3,3,3,19,19,17,17,4,4,14,14,2,2,9,9,14,14),('Temperature',989,8,8,18,18,-2,-2,-4,-4,-5,-5,19,19,16,16,1,1,13,13,2,2,8,8,13,13),('Temperature',990,9,9,19,19,2,2,3,3,3,3,19,19,18,18,4,4,15,15,5,5,10,10,15,15),('Temperature',991,9,9,17,17,-3,-3,-5,-5,-6,-6,18,18,16,16,1,1,13,13,2,2,8,8,13,13),('Temperature',992,15,15,23,23,12,12,12,12,11,11,23,23,21,21,14,14,18,18,15,15,18,18,22,22),('Temperature',993,17,17,23,23,17,17,16,16,16,16,22,22,20,20,17,17,18,18,19,19,21,21,23,23),('Temperature',994,13,13,23,23,9,9,10,10,9,9,23,23,20,20,11,11,16,16,12,12,17,17,21,21),('Temperature',995,2,2,14,14,-1,-1,-4,-4,-4,-4,15,15,13,13,-2,-2,8,8,2,2,6,6,10,10),('Temperature',996,3,3,12,12,10,10,11,11,11,11,15,15,12,12,6,6,6,6,6,6,2,2,6,6),('Temperature',997,4,4,15,15,4,4,7,7,6,6,16,16,14,14,3,3,9,9,2,2,4,4,9,9),('Temperature',998,4,4,16,16,2,2,5,5,4,4,17,17,14,14,3,3,10,10,2,2,6,6,11,11),('Temperature',999,4,4,16,16,2,2,4,4,3,3,17,17,14,14,2,2,10,10,2,2,6,6,11,11),('Temperature',1000,11,11,19,19,8,8,8,8,8,8,19,19,17,17,9,9,14,14,11,11,15,15,18,18),('Temperature',1001,12,12,22,22,8,8,8,8,7,7,22,22,19,19,10,10,15,15,11,11,16,16,19,19),('Temperature',1002,8,8,18,18,1,1,0,0,0,0,19,19,15,15,4,4,12,12,5,5,10,10,15,15),('Temperature',1003,8,8,18,18,1,1,0,0,0,0,19,19,15,15,4,4,12,12,5,5,10,10,15,15),('Temperature',1004,8,8,18,18,1,1,0,0,0,0,19,19,15,15,4,4,12,12,5,5,10,10,15,15),('Temperature',1005,9,9,18,18,4,4,4,4,3,3,18,18,16,16,7,7,13,13,7,7,11,11,15,15),('Temperature',1006,10,10,21,21,4,4,4,4,3,3,21,21,18,18,7,7,14,14,6,6,12,12,17,17),('Temperature',1007,13,13,24,24,7,7,8,8,7,7,24,24,21,21,11,11,18,18,11,11,16,16,20,20),('Temperature',1008,12,12,22,22,8,8,8,8,7,7,22,22,20,20,10,10,16,16,11,11,16,16,20,20),('Temperature',1009,13,13,24,24,10,10,9,9,9,9,23,23,20,20,11,11,17,17,12,12,17,17,20,20),('Temperature',1010,10,10,20,20,5,5,5,5,4,4,20,20,18,18,8,8,14,14,7,7,12,12,16,16),('Temperature',1011,9,9,19,19,2,2,3,3,2,2,19,19,17,17,6,6,14,14,5,5,10,10,15,15),('Temperature',1012,11,11,21,21,6,6,7,7,5,5,21,21,18,18,9,9,15,15,9,9,14,14,18,18),('Temperature',1013,8,8,18,18,1,1,0,0,0,0,19,19,15,15,4,4,12,12,5,5,10,10,15,15),('Temperature',1014,13,13,25,25,10,10,10,10,10,10,25,25,22,22,11,11,18,18,13,13,18,18,22,22),('Temperature',1015,10,10,19,19,3,3,4,4,3,3,20,20,18,18,6,6,15,15,5,5,11,11,16,16),('Temperature',1016,12,12,23,23,6,6,5,5,4,4,23,23,19,19,8,8,16,16,9,9,15,15,19,19),('Temperature',1017,12,12,23,23,7,7,6,6,6,6,23,23,20,20,8,8,16,16,10,10,16,16,19,19),('Temperature',1018,12,12,23,23,6,6,5,5,4,4,23,23,19,19,8,8,16,16,9,9,15,15,19,19),('Temperature',1019,14,14,24,24,10,10,8,8,8,8,24,24,22,22,10,10,18,18,13,13,17,17,21,21),('Temperature',1020,12,12,23,23,6,6,5,5,4,4,23,23,19,19,8,8,16,16,9,9,15,15,19,19),('Temperature',1021,13,13,24,24,9,9,7,7,7,7,24,24,21,21,10,10,17,17,12,12,17,17,21,21),('Temperature',1022,13,13,24,24,9,9,7,7,7,7,24,24,21,21,10,10,17,17,12,12,17,17,21,21),('Temperature',1023,13,13,24,24,9,9,7,7,7,7,24,24,21,21,10,10,17,17,12,12,17,17,21,21),('Temperature',1024,14,14,27,27,8,8,7,7,5,5,27,27,23,23,9,9,19,19,11,11,16,16,22,22),('Temperature',1025,13,13,24,24,9,9,7,7,7,7,24,24,21,21,10,10,17,17,12,12,17,17,21,21),('Temperature',1026,14,14,24,24,9,9,8,8,7,7,24,24,21,21,11,11,18,18,12,12,17,17,21,21),('Temperature',1027,13,13,24,24,9,9,7,7,7,7,24,24,21,21,10,10,17,17,12,12,17,17,21,21),('Temperature',1028,9,9,18,18,2,2,3,3,2,2,18,18,17,17,4,4,13,13,3,3,9,9,14,14),('Temperature',1029,6,6,15,15,0,0,-1,-1,-2,-2,16,16,15,15,2,2,11,11,2,2,7,7,12,12),('Temperature',1030,7,7,16,16,0,0,-1,-1,-2,-2,17,17,14,14,2,2,12,12,1,1,8,8,13,13),('Temperature',1031,7,7,17,17,1,1,2,2,2,2,17,17,15,15,3,3,12,12,2,2,8,8,13,13),('Temperature',1032,8,8,18,18,2,2,3,3,2,2,19,19,16,16,4,4,13,13,3,3,9,9,14,14),('Temperature',1033,7,7,16,16,0,0,-1,-1,-2,-2,17,17,14,14,2,2,12,12,1,1,8,8,13,13),('Temperature',1034,7,7,17,17,0,0,-1,-1,-1,-1,17,17,15,15,3,3,12,12,2,2,9,9,14,14),('Temperature',1035,9,9,18,18,2,2,3,3,2,2,18,18,16,16,5,5,13,13,5,5,10,10,15,15),('Temperature',1036,7,7,17,17,2,2,3,3,2,2,17,17,15,15,4,4,12,12,3,3,9,9,14,14),('Temperature',1037,9,9,18,18,2,2,3,3,2,2,19,19,16,16,5,5,13,13,5,5,10,10,15,15),('Temperature',1038,7,7,16,16,2,2,3,3,3,3,17,17,15,15,4,4,11,11,3,3,9,9,13,13),('Temperature',1039,9,9,18,18,2,2,2,2,2,2,19,19,16,16,5,5,13,13,5,5,11,11,15,15),('Temperature',1040,8,8,17,17,2,2,3,3,2,2,18,18,16,16,4,4,12,12,4,4,9,9,14,14),('Temperature',1041,7,7,16,16,2,2,3,3,3,3,17,17,15,15,4,4,12,12,3,3,9,9,14,14),('Temperature',1042,4,4,15,15,2,2,2,2,2,2,16,16,14,14,2,2,9,9,3,3,8,8,12,12),('Temperature',1043,5,5,16,16,3,3,3,3,2,2,16,16,14,14,3,3,11,11,3,3,8,8,12,12),('Temperature',1044,6,6,16,16,2,2,2,2,2,2,17,17,15,15,3,3,11,11,5,5,9,9,13,13),('Temperature',1045,5,5,16,16,2,2,3,3,2,2,18,18,16,16,4,4,11,11,2,2,8,8,12,12),('Temperature',1046,4,4,15,15,2,2,4,4,4,4,16,16,14,14,3,3,10,10,2,2,6,6,11,11),('Temperature',1047,4,4,15,15,-5,-5,-6,-6,-7,-7,17,17,14,14,-1,-1,11,11,0,0,6,6,10,10),('Temperature',1048,3,3,16,16,-5,-5,-7,-7,-7,-7,17,17,15,15,-2,-2,10,10,-1,-1,5,5,11,11),('Temperature',1049,3,3,15,15,2,2,5,5,5,5,17,17,14,14,3,3,9,9,2,2,6,6,11,11),('Temperature',1050,4,4,15,15,4,4,6,6,7,7,16,16,14,14,3,3,10,10,2,2,5,5,10,10),('Temperature',1051,12,12,26,26,7,7,4,4,4,4,26,26,23,23,7,7,18,18,11,11,16,16,22,22),('Temperature',1052,11,11,22,22,4,4,3,3,3,3,23,23,19,19,4,4,15,15,7,7,12,12,18,18),('Temperature',1053,9,9,15,15,10,10,9,9,9,9,15,15,12,12,10,10,9,9,9,9,9,9,11,11),('Temperature',1054,6,6,19,19,4,4,6,6,8,8,19,19,15,15,5,5,11,11,5,5,8,8,15,15),('Temperature',1055,12,12,25,25,0,0,-1,-1,-4,-4,25,25,21,21,4,4,17,17,6,6,13,13,20,20),('Temperature',1056,13,13,25,25,4,4,4,4,4,4,26,26,22,22,6,6,17,17,6,6,13,13,21,21),('Temperature',1057,12,12,25,25,0,0,-1,-1,-4,-4,25,25,21,21,4,4,17,17,6,6,13,13,20,20),('Temperature',1058,20,20,32,32,9,9,12,12,9,9,32,32,33,33,17,17,25,25,14,14,22,22,29,29),('Temperature',1059,12,12,23,23,6,6,5,5,5,5,23,23,21,21,6,6,16,16,8,8,13,13,18,18),('Temperature',1060,28,28,29,29,20,20,21,21,19,19,28,28,29,29,26,26,28,28,24,24,27,27,28,28),('Temperature',1061,29,29,28,28,21,21,23,23,21,21,29,29,29,29,26,26,29,29,25,25,28,28,29,29),('Temperature',1062,25,25,34,34,19,19,18,18,17,17,34,34,32,32,21,21,30,30,24,24,29,29,32,32),('Temperature',1063,25,25,33,33,19,19,17,17,16,16,33,33,32,32,20,20,29,29,24,24,28,28,32,32),('Temperature',1064,25,25,33,33,19,19,17,17,16,16,33,33,32,32,20,20,29,29,24,24,28,28,32,32),('Temperature',1065,28,28,27,27,27,27,27,27,26,26,27,27,27,27,27,27,28,28,27,27,27,27,27,27),('Temperature',1066,13,13,20,20,7,7,7,7,7,7,20,20,19,19,10,10,17,17,11,11,16,16,19,19),('Temperature',1067,26,26,24,24,27,27,26,26,27,27,24,24,25,25,26,26,26,26,27,27,26,26,24,24),('Temperature',1068,24,24,28,28,18,18,17,17,16,16,29,29,29,29,20,20,27,27,21,21,25,25,27,27),('Temperature',1069,30,30,28,28,26,26,27,27,26,26,28,28,28,28,29,29,29,29,26,26,27,27,27,27),('Temperature',1070,27,27,28,28,24,24,24,24,24,24,28,28,28,28,25,25,28,28,25,25,26,26,27,27),('Temperature',1071,15,15,25,25,12,12,12,12,10,10,24,24,22,22,13,13,18,18,15,15,19,19,23,23),('Temperature',1072,27,27,24,24,25,25,26,26,25,25,24,24,24,24,27,27,25,25,26,26,25,25,24,24),('Temperature',1073,26,26,20,20,25,25,26,26,25,25,20,20,22,22,27,27,25,25,25,25,24,24,21,21),('Temperature',1074,28,28,25,25,27,27,28,28,27,27,25,25,26,26,28,28,27,27,27,27,26,26,25,25),('Temperature',1075,21,21,17,17,25,25,25,25,26,26,14,14,14,14,24,24,17,17,25,25,23,23,21,21),('Temperature',1076,31,31,25,25,25,25,28,28,25,25,25,25,27,27,30,30,29,29,27,27,27,27,25,25),('Temperature',1077,32,32,26,26,26,26,28,28,24,24,28,28,30,30,31,31,32,32,29,29,29,29,27,27),('Temperature',1078,23,23,23,23,23,23,23,23,23,23,22,22,23,23,23,23,23,23,23,23,24,24,24,24),('Temperature',1079,26,26,24,24,26,26,27,27,26,26,24,24,25,25,27,27,26,26,25,25,25,25,25,25),('Temperature',1080,25,25,26,26,23,23,24,24,23,23,26,26,27,27,25,25,25,25,25,25,27,27,27,27),('Temperature',1081,24,24,26,26,23,23,24,24,23,23,26,26,27,27,24,24,25,25,25,25,27,27,26,26),('Temperature',1082,27,27,24,24,27,27,27,27,27,27,25,25,26,26,27,27,27,27,27,27,26,26,25,25),('Temperature',1083,26,26,23,23,25,25,27,27,25,25,24,24,25,25,27,27,26,26,26,26,25,25,24,24),('Temperature',1084,27,27,25,25,26,26,26,26,25,25,25,25,26,26,27,27,26,26,26,26,25,25,25,25),('Temperature',1085,26,26,26,26,24,24,25,25,24,24,26,26,26,26,26,26,27,27,26,26,26,26,26,26),('Temperature',1086,27,27,23,23,25,25,26,26,26,26,22,22,24,24,27,27,26,26,26,26,26,26,25,25),('Temperature',1087,20,20,18,18,20,20,20,20,20,20,17,17,16,16,20,20,18,18,21,21,23,23,22,22),('Temperature',1088,28,28,34,34,25,25,25,25,25,25,34,34,33,33,26,26,30,30,27,27,29,29,32,32),('Temperature',1089,18,18,26,26,15,15,14,14,13,13,26,26,24,24,15,15,21,21,19,19,22,22,25,25),('Temperature',1090,26,26,33,33,17,17,17,17,15,15,33,33,33,33,21,21,30,30,22,22,28,28,31,31),('Temperature',1091,20,20,29,29,16,16,14,14,13,13,29,29,28,28,17,17,25,25,20,20,23,23,26,26),('Temperature',1092,21,21,28,28,15,15,15,15,13,13,28,28,27,27,17,17,24,24,19,19,23,23,26,26),('Temperature',1093,25,25,31,31,15,15,16,16,14,14,32,32,32,32,18,18,29,29,20,20,26,26,30,30),('Temperature',1094,23,23,32,32,17,17,17,17,16,16,31,31,30,30,19,19,27,27,21,21,26,26,29,29),('Temperature',1095,22,22,30,30,17,17,16,16,15,15,30,30,28,28,19,19,26,26,21,21,25,25,28,28),('Temperature',1096,22,22,29,29,17,17,16,16,15,15,29,29,28,28,18,18,25,25,20,20,25,25,27,27),('Temperature',1097,15,15,26,26,7,7,6,6,4,4,27,27,25,25,10,10,19,19,12,12,16,16,22,22),('Temperature',1098,16,16,25,25,6,6,7,7,5,5,26,26,24,24,11,11,20,20,11,11,16,16,22,22),('Temperature',1099,19,19,28,28,11,11,12,12,10,10,28,28,27,27,16,16,24,24,15,15,20,20,25,25),('Temperature',1100,9,9,22,22,3,3,4,4,3,3,23,23,20,20,4,4,14,14,7,7,12,12,18,18),('Temperature',1101,11,11,23,23,4,4,4,4,4,4,24,24,22,22,5,5,16,16,7,7,12,12,19,19),('Temperature',1102,24,24,27,27,23,23,22,22,22,22,27,27,26,26,23,23,25,25,25,25,26,26,27,27),('Temperature',1103,9,9,22,22,7,7,7,7,7,7,23,23,19,19,7,7,14,14,7,7,10,10,17,17),('Temperature',1104,4,4,13,13,2,2,3,3,3,3,13,13,12,12,3,3,8,8,2,2,5,5,10,10),('Temperature',1105,11,11,23,23,4,4,4,4,4,4,24,24,22,22,5,5,17,17,6,6,12,12,19,19),('Temperature',1106,7,7,15,15,7,7,7,7,7,7,16,16,12,12,7,7,9,9,8,8,9,9,12,12),('Temperature',1107,10,10,23,23,5,5,5,5,5,5,24,24,22,22,6,6,16,16,5,5,11,11,18,18),('Temperature',1108,16,16,27,27,6,6,7,7,5,5,28,28,26,26,12,12,21,21,11,11,17,17,23,23),('Temperature',1109,15,15,26,26,5,5,5,5,5,5,26,26,24,24,10,10,20,20,10,10,16,16,22,22),('Temperature',1110,15,15,27,27,5,5,6,6,5,5,27,27,25,25,10,10,20,20,9,9,16,16,22,22),('Temperature',1111,20,20,29,29,11,11,12,12,10,10,29,29,27,27,16,16,24,24,16,16,21,21,26,26),('Temperature',1112,15,15,23,23,8,8,10,10,8,8,24,24,22,22,12,12,18,18,11,11,17,17,22,22),('Temperature',1113,10,10,24,24,4,4,5,5,4,4,25,25,20,20,6,6,15,15,5,5,11,11,18,18),('Temperature',1114,19,19,28,28,11,11,12,12,11,11,27,27,27,27,15,15,24,24,16,16,21,21,26,26),('Temperature',1115,6,6,20,20,4,4,5,5,5,5,20,20,17,17,4,4,12,12,4,4,9,9,15,15),('Temperature',1116,9,9,21,21,3,3,4,4,3,3,22,22,20,20,4,4,15,15,6,6,11,11,17,17),('Temperature',1117,14,14,26,26,5,5,4,4,4,4,27,27,24,24,8,8,19,19,10,10,15,15,22,22),('Temperature',1118,7,7,16,16,5,5,3,3,4,4,16,16,13,13,6,6,11,11,7,7,11,11,14,14),('Temperature',1119,19,19,27,27,12,12,13,13,11,11,27,27,26,26,16,16,23,23,16,16,21,21,25,25),('Temperature',1120,21,21,28,28,17,17,17,17,15,15,28,28,27,27,19,19,25,25,20,20,24,24,27,27),('Temperature',1121,24,24,29,29,21,21,21,21,20,20,29,29,28,28,22,22,26,26,24,24,26,26,28,28),('Temperature',1122,25,25,29,29,22,22,21,21,21,21,29,29,28,28,23,23,27,27,24,24,26,26,28,28),('Temperature',1123,17,17,27,27,6,6,7,7,5,5,28,28,26,26,12,12,22,22,11,11,17,17,23,23),('Temperature',1124,9,9,22,22,3,3,4,4,3,3,23,23,20,20,4,4,15,15,5,5,11,11,17,17),('Temperature',1125,10,10,23,23,3,3,3,3,3,3,24,24,21,21,4,4,16,16,5,5,12,12,19,19),('Temperature',1126,7,7,21,21,3,3,3,3,5,5,22,22,19,19,4,4,13,13,3,3,10,10,17,17),('Temperature',1127,8,8,21,21,6,6,6,6,9,9,23,23,20,20,4,4,15,15,4,4,9,9,16,16),('Temperature',1128,19,19,30,30,8,8,10,10,8,8,30,30,27,27,14,14,23,23,14,14,20,20,26,26),('Temperature',1129,8,8,20,20,6,6,7,7,7,7,21,21,18,18,7,7,13,13,7,7,9,9,16,16),('Temperature',1130,19,19,29,29,11,11,13,13,11,11,30,30,29,29,15,15,24,24,15,15,21,21,27,27),('Temperature',1131,18,18,31,31,8,8,11,11,8,8,32,32,29,29,14,14,24,24,12,12,20,20,27,27),('Temperature',1132,17,17,24,24,14,14,15,15,15,15,23,23,21,21,16,16,19,19,17,17,20,20,23,23),('Temperature',1133,13,13,24,24,6,6,7,7,6,6,25,25,23,23,8,8,18,18,7,7,14,14,20,20),('Temperature',1134,10,10,18,18,4,4,6,6,5,5,18,18,16,16,8,8,13,13,7,7,11,11,16,16),('Temperature',1135,15,15,19,19,14,14,14,14,14,14,19,19,17,17,14,14,16,16,16,16,18,18,19,19),('Temperature',1136,5,5,17,17,3,3,5,5,5,5,19,19,15,15,3,3,11,11,1,1,6,6,11,11),('Temperature',1137,12,12,24,24,4,4,4,4,4,4,25,25,22,22,6,6,17,17,8,8,14,14,20,20),('Temperature',1138,16,16,22,22,13,13,14,14,14,14,21,21,19,19,15,15,18,18,16,16,19,19,21,21),('Temperature',1139,10,10,23,23,5,5,5,5,5,5,24,24,21,21,5,5,16,16,8,8,13,13,19,19),('Temperature',1140,20,20,29,29,11,11,13,13,11,11,29,29,28,28,16,16,25,25,16,16,21,21,26,26),('Temperature',1141,4,4,13,13,7,7,6,6,8,8,14,14,13,13,4,4,8,8,5,5,3,3,9,9),('Temperature',1142,5,5,13,13,2,2,2,2,2,2,13,13,11,11,3,3,8,8,4,4,7,7,11,11),('Temperature',1143,4,4,17,17,-6,-6,-8,-8,-9,-9,18,18,16,16,-2,-2,11,11,1,1,7,7,13,13),('Temperature',1144,9,9,17,17,3,3,4,4,3,3,17,17,15,15,6,6,12,12,6,6,10,10,14,14),('Temperature',1145,6,6,15,15,7,7,6,6,8,8,16,16,13,13,5,5,9,9,5,5,6,6,10,10),('Temperature',1146,5,5,19,19,6,6,8,8,10,10,20,20,18,18,4,4,13,13,3,3,8,8,14,14),('Temperature',1147,5,5,19,19,8,8,8,8,10,10,20,20,18,18,4,4,13,13,4,4,7,7,14,14),('Temperature',1148,7,7,21,21,2,2,3,3,4,4,22,22,19,19,3,3,14,14,4,4,10,10,16,16),('Temperature',1149,5,5,19,19,-3,-3,-6,-6,-7,-7,20,20,17,17,-2,-2,12,12,2,2,9,9,15,15);
/*!40000 ALTER TABLE `DependingMonthProperty` ENABLE KEYS */;
UNLOCK TABLES;

--
-- Table structure for table `PropertyType`
--

DROP TABLE IF EXISTS `PropertyType`;
/*!40101 SET @saved_cs_client     = @@character_set_client */;
/*!40101 SET character_set_client = utf8 */;
CREATE TABLE `PropertyType` (
  `id` int(11) NOT NULL AUTO_INCREMENT,
  `betterWhenLess` bit(1) DEFAULT NULL,
  `dependingMonth` bit(1) DEFAULT NULL,
  `minimumValue` int(11) DEFAULT NULL,
  `maximumValue` int(11) DEFAULT NULL,
  `name` varchar(255) DEFAULT NULL,
  PRIMARY KEY (`id`),
  UNIQUE KEY `name` (`name`)
) ENGINE=Memory AUTO_INCREMENT=10 DEFAULT CHARSET=utf8;
/*!40101 SET character_set_client = @saved_cs_client */;

--
-- Dumping data for table `PropertyType`
--

LOCK TABLES `PropertyType` WRITE;
/*!40000 ALTER TABLE `PropertyType` DISABLE KEYS */;
INSERT INTO `PropertyType` VALUES (1,'','\0',0,30,'cost'),(2,'','\0',0,30,'alcohol'),(3,'','\0',0,1,'russian'),(4,'','\0',0,1,'visa'),(5,'','\0',0,3,'sex'),(6,'','\0',0,3,'security'),(7,'','',0,999,'livingCost'),(8,'','',0,3,'mood'),(9,'','',-35,35,'temperature');
/*!40000 ALTER TABLE `PropertyType` ENABLE KEYS */;
UNLOCK TABLES;
/*!40103 SET TIME_ZONE=@OLD_TIME_ZONE */;

/*!40101 SET SQL_MODE=@OLD_SQL_MODE */;
/*!40014 SET FOREIGN_KEY_CHECKS=@OLD_FOREIGN_KEY_CHECKS */;
/*!40014 SET UNIQUE_CHECKS=@OLD_UNIQUE_CHECKS */;
/*!40101 SET CHARACTER_SET_CLIENT=@OLD_CHARACTER_SET_CLIENT */;
/*!40101 SET CHARACTER_SET_RESULTS=@OLD_CHARACTER_SET_RESULTS */;
/*!40101 SET COLLATION_CONNECTION=@OLD_COLLATION_CONNECTION */;
/*!40111 SET SQL_NOTES=@OLD_SQL_NOTES */;

-- Dump completed on 2012-09-05 15:08:41
